CREATE DATABASE  IF NOT EXISTS `ponmdb` /*!40100 DEFAULT CHARACTER SET utf8 */;
USE `ponmdb`;
-- MySQL dump 10.13  Distrib 5.6.13, for Win32 (x86)
--
-- Host: panoramio.mysql.rds.aliyuncs.com    Database: ponmdb
-- ------------------------------------------------------
-- Server version	5.5.18.1-Alibaba-rds-201406-log

/*!40101 SET @OLD_CHARACTER_SET_CLIENT=@@CHARACTER_SET_CLIENT */;
/*!40101 SET @OLD_CHARACTER_SET_RESULTS=@@CHARACTER_SET_RESULTS */;
/*!40101 SET @OLD_COLLATION_CONNECTION=@@COLLATION_CONNECTION */;
/*!40101 SET NAMES utf8 */;
/*!40103 SET @OLD_TIME_ZONE=@@TIME_ZONE */;
/*!40103 SET TIME_ZONE='+00:00' */;
/*!40014 SET @OLD_UNIQUE_CHECKS=@@UNIQUE_CHECKS, UNIQUE_CHECKS=0 */;
/*!40014 SET @OLD_FOREIGN_KEY_CHECKS=@@FOREIGN_KEY_CHECKS, FOREIGN_KEY_CHECKS=0 */;
/*!40101 SET @OLD_SQL_MODE=@@SQL_MODE, SQL_MODE='NO_AUTO_VALUE_ON_ZERO' */;
/*!40111 SET @OLD_SQL_NOTES=@@SQL_NOTES, SQL_NOTES=0 */;

--
-- Table structure for table `app_user`
--

DROP TABLE IF EXISTS `app_user`;
/*!40101 SET @saved_cs_client     = @@character_set_client */;
/*!40101 SET character_set_client = utf8 */;
CREATE TABLE `app_user` (
  `id` bigint(20) NOT NULL AUTO_INCREMENT,
  `account_expired` bit(1) NOT NULL,
  `account_locked` bit(1) NOT NULL,
  `address` varchar(150) DEFAULT NULL,
  `city` varchar(50) DEFAULT NULL,
  `country` varchar(100) DEFAULT NULL,
  `postal_code` varchar(15) DEFAULT NULL,
  `province` varchar(100) DEFAULT NULL,
  `credentials_expired` bit(1) NOT NULL,
  `email` varchar(255) NOT NULL,
  `account_enabled` bit(1) DEFAULT NULL,
  `first_name` varchar(50) NOT NULL,
  `last_name` varchar(50) NOT NULL,
  `password` varchar(255) NOT NULL,
  `password_hint` varchar(255) DEFAULT NULL,
  `phone_number` varchar(255) DEFAULT NULL,
  `username` varchar(50) NOT NULL,
  `version` int(11) DEFAULT NULL,
  `website` varchar(255) DEFAULT NULL,
  PRIMARY KEY (`id`),
  UNIQUE KEY `email` (`email`),
  UNIQUE KEY `username` (`username`)
) ENGINE=InnoDB AUTO_INCREMENT=9 DEFAULT CHARSET=utf8;
/*!40101 SET character_set_client = @saved_cs_client */;

--
-- Dumping data for table `app_user`
--

LOCK TABLES `app_user` WRITE;
/*!40000 ALTER TABLE `app_user` DISABLE KEYS */;
INSERT INTO `app_user` VALUES (1,'\0','\0','','Denver','US','80210','CO','\0','matt_raible@yahoo.com','','Tomcat','User','b6b1f4781776979c0775c71ebdd8bdc084aac5fe','The same as your username.','','user',1,'http://tomcat.apache.org'),(2,'\0','\0','','Denver','US','80210','CO','\0','matt@raibledesigns.com','','Matt','Raible','a40546cc4fd6a12572828bb803380888ad1bfdab','The same as your username.','','admin',1,'http://raibledesigns.com'),(3,'\0','\0','','','','','','\0','anypossible@foxmail.com','','tw','w','9b617612301a0be61f5e718a64aeaeca9df127a6','a','','anypossible',0,''),(4,'\0','\0','','','','','','\0','774518973@qq.com','','xiaoniu','liu','23ff50cb21ee563dcd2d95a73d45456163c30db3','number','','xiaoniu',0,''),(5,'\0','\0','','','','','','\0','597592485@qq.com','','春晓','茌','ccb8fba024b5788d019dbb6a6d2cc9f7acfa937e','QQ','','597592485',0,''),(6,'\0','\0','','','','','','\0','wangtiwu521@163.com','','体武','王','04ae7a26f57b4b9b6341248b811837d764ba44a9','王体武','','wangtiwu521',0,''),(7,'\0','\0','','','','','','\0','834640841@qq.com','','莹','高','2ae0c36690f3bc8c33b95a4bdb91ea3464ff4562','我的名字是','','高高朱',0,''),(8,'\0','\0','','','','','','\0','meiqinsheng@163.com','','1','1','86f2a57bc96b4b5c1cffc24303b4b8cc5cb7390b','1','','micky',0,'');
/*!40000 ALTER TABLE `app_user` ENABLE KEYS */;
UNLOCK TABLES;

--
-- Table structure for table `avatar`
--

DROP TABLE IF EXISTS `avatar`;
/*!40101 SET @saved_cs_client     = @@character_set_client */;
/*!40101 SET character_set_client = utf8 */;
CREATE TABLE `avatar` (
  `id` bigint(20) NOT NULL AUTO_INCREMENT,
  `user_id` bigint(20) DEFAULT NULL,
  PRIMARY KEY (`id`),
  KEY `FKAC32C159F707A0D3` (`user_id`),
  CONSTRAINT `FKAC32C159F707A0D3` FOREIGN KEY (`user_id`) REFERENCES `user_settings` (`id`)
) ENGINE=InnoDB AUTO_INCREMENT=4 DEFAULT CHARSET=utf8;
/*!40101 SET character_set_client = @saved_cs_client */;

--
-- Dumping data for table `avatar`
--

LOCK TABLES `avatar` WRITE;
/*!40000 ALTER TABLE `avatar` DISABLE KEYS */;
INSERT INTO `avatar` VALUES (1,NULL),(2,3),(3,4);
/*!40000 ALTER TABLE `avatar` ENABLE KEYS */;
UNLOCK TABLES;

--
-- Table structure for table `comment`
--

DROP TABLE IF EXISTS `comment`;
/*!40101 SET @saved_cs_client     = @@character_set_client */;
/*!40101 SET character_set_client = utf8 */;
CREATE TABLE `comment` (
  `id` bigint(20) NOT NULL AUTO_INCREMENT,
  `comment` varchar(1000) DEFAULT NULL,
  `create_time` datetime DEFAULT NULL,
  `modify_time` datetime DEFAULT NULL,
  `photo_id` bigint(20) DEFAULT NULL,
  `user_id` bigint(20) DEFAULT NULL,
  PRIMARY KEY (`id`),
  KEY `FK38A5EE5FF503D155` (`user_id`),
  KEY `FK38A5EE5F194EAB84` (`photo_id`),
  CONSTRAINT `FK38A5EE5F194EAB84` FOREIGN KEY (`photo_id`) REFERENCES `photo` (`id`),
  CONSTRAINT `FK38A5EE5FF503D155` FOREIGN KEY (`user_id`) REFERENCES `app_user` (`id`)
) ENGINE=InnoDB AUTO_INCREMENT=10 DEFAULT CHARSET=utf8;
/*!40101 SET character_set_client = @saved_cs_client */;

--
-- Dumping data for table `comment`
--

LOCK TABLES `comment` WRITE;
/*!40000 ALTER TABLE `comment` DISABLE KEYS */;
INSERT INTO `comment` VALUES (1,'Amazing','2014-06-26 17:04:53',NULL,2,4),(2,'very good','2014-06-27 11:42:35',NULL,10,3),(3,'Very good\nok','2014-07-01 13:14:00',NULL,88,3),(8,'good','2014-07-01 14:12:59',NULL,16,3),(9,'asdfasdf','2014-07-01 14:15:01',NULL,88,3);
/*!40000 ALTER TABLE `comment` ENABLE KEYS */;
UNLOCK TABLES;

--
-- Table structure for table `comment_likes`
--

DROP TABLE IF EXISTS `comment_likes`;
/*!40101 SET @saved_cs_client     = @@character_set_client */;
/*!40101 SET character_set_client = utf8 */;
CREATE TABLE `comment_likes` (
  `comment_id` bigint(20) NOT NULL,
  `likes_id` bigint(20) NOT NULL,
  PRIMARY KEY (`comment_id`,`likes_id`),
  UNIQUE KEY `likes_id` (`likes_id`),
  KEY `FKBDAB11DC450B2BCB` (`likes_id`),
  KEY `FKBDAB11DCB05185E4` (`comment_id`),
  CONSTRAINT `FKBDAB11DCB05185E4` FOREIGN KEY (`comment_id`) REFERENCES `comment` (`id`),
  CONSTRAINT `FKBDAB11DC450B2BCB` FOREIGN KEY (`likes_id`) REFERENCES `likes` (`id`)
) ENGINE=InnoDB DEFAULT CHARSET=utf8;
/*!40101 SET character_set_client = @saved_cs_client */;

--
-- Dumping data for table `comment_likes`
--

LOCK TABLES `comment_likes` WRITE;
/*!40000 ALTER TABLE `comment_likes` DISABLE KEYS */;
INSERT INTO `comment_likes` VALUES (2,5),(9,8);
/*!40000 ALTER TABLE `comment_likes` ENABLE KEYS */;
UNLOCK TABLES;

--
-- Table structure for table `favorite`
--

DROP TABLE IF EXISTS `favorite`;
/*!40101 SET @saved_cs_client     = @@character_set_client */;
/*!40101 SET character_set_client = utf8 */;
CREATE TABLE `favorite` (
  `user_id` bigint(20) NOT NULL,
  `date` datetime DEFAULT NULL,
  `photo_id` bigint(20) NOT NULL DEFAULT '0',
  PRIMARY KEY (`photo_id`,`user_id`),
  KEY `FK3EA1C99C194EAB84` (`photo_id`),
  CONSTRAINT `FK3EA1C99C194EAB84` FOREIGN KEY (`photo_id`) REFERENCES `photo` (`id`)
) ENGINE=InnoDB DEFAULT CHARSET=utf8;
/*!40101 SET character_set_client = @saved_cs_client */;

--
-- Dumping data for table `favorite`
--

LOCK TABLES `favorite` WRITE;
/*!40000 ALTER TABLE `favorite` DISABLE KEYS */;
/*!40000 ALTER TABLE `favorite` ENABLE KEYS */;
UNLOCK TABLES;

--
-- Table structure for table `index_photo`
--

DROP TABLE IF EXISTS `index_photo`;
/*!40101 SET @saved_cs_client     = @@character_set_client */;
/*!40101 SET character_set_client = utf8 */;
CREATE TABLE `index_photo` (
  `id` bigint(20) NOT NULL,
  PRIMARY KEY (`id`),
  KEY `FK6451648565428A57` (`id`),
  CONSTRAINT `FK6451648565428A57` FOREIGN KEY (`id`) REFERENCES `photo` (`id`)
) ENGINE=InnoDB DEFAULT CHARSET=utf8;
/*!40101 SET character_set_client = @saved_cs_client */;

--
-- Dumping data for table `index_photo`
--

LOCK TABLES `index_photo` WRITE;
/*!40000 ALTER TABLE `index_photo` DISABLE KEYS */;
/*!40000 ALTER TABLE `index_photo` ENABLE KEYS */;
UNLOCK TABLES;

--
-- Table structure for table `likes`
--

DROP TABLE IF EXISTS `likes`;
/*!40101 SET @saved_cs_client     = @@character_set_client */;
/*!40101 SET character_set_client = utf8 */;
CREATE TABLE `likes` (
  `id` bigint(20) NOT NULL AUTO_INCREMENT,
  `create_time` datetime DEFAULT NULL,
  `type` int(11) DEFAULT NULL,
  `comment_id` bigint(20) DEFAULT NULL,
  `photo_id` bigint(20) DEFAULT NULL,
  `travel_id` bigint(20) DEFAULT NULL,
  `user_id` bigint(20) DEFAULT NULL,
  PRIMARY KEY (`id`),
  KEY `FK62343BCF503D155` (`user_id`),
  KEY `FK62343BC960985B0` (`travel_id`),
  KEY `FK62343BCB05185E4` (`comment_id`),
  KEY `FK62343BC194EAB84` (`photo_id`),
  CONSTRAINT `FK62343BC194EAB84` FOREIGN KEY (`photo_id`) REFERENCES `photo` (`id`),
  CONSTRAINT `FK62343BC960985B0` FOREIGN KEY (`travel_id`) REFERENCES `travel` (`id`),
  CONSTRAINT `FK62343BCB05185E4` FOREIGN KEY (`comment_id`) REFERENCES `comment` (`id`),
  CONSTRAINT `FK62343BCF503D155` FOREIGN KEY (`user_id`) REFERENCES `app_user` (`id`)
) ENGINE=InnoDB AUTO_INCREMENT=10 DEFAULT CHARSET=utf8;
/*!40101 SET character_set_client = @saved_cs_client */;

--
-- Dumping data for table `likes`
--

LOCK TABLES `likes` WRITE;
/*!40000 ALTER TABLE `likes` DISABLE KEYS */;
INSERT INTO `likes` VALUES (1,'2014-06-26 17:04:45',1,NULL,2,NULL,4),(4,'2014-06-27 11:42:27',1,NULL,10,NULL,3),(5,'2014-06-27 11:42:37',2,2,NULL,NULL,3),(6,'2014-06-27 12:23:46',1,NULL,12,NULL,3),(8,'2014-07-01 14:20:49',2,9,NULL,NULL,3);
/*!40000 ALTER TABLE `likes` ENABLE KEYS */;
UNLOCK TABLES;

--
-- Table structure for table `photo`
--

DROP TABLE IF EXISTS `photo`;
/*!40101 SET @saved_cs_client     = @@character_set_client */;
/*!40101 SET character_set_client = utf8 */;
CREATE TABLE `photo` (
  `id` bigint(20) NOT NULL AUTO_INCREMENT,
  `rating` int(11) DEFAULT NULL,
  `create_date` datetime DEFAULT NULL,
  `deleted` bit(1) DEFAULT NULL,
  `description` varchar(255) DEFAULT NULL,
  `file_path` varchar(255) DEFAULT NULL,
  `file_size` bigint(20) DEFAULT NULL,
  `file_type` varchar(255) DEFAULT NULL,
  `address` varchar(255) DEFAULT NULL,
  `alt` double DEFAULT NULL,
  `lat` double DEFAULT NULL,
  `lng` double DEFAULT NULL,
  `is360` bit(1) DEFAULT NULL,
  `mark_best` bit(1) DEFAULT NULL,
  `modify_date` datetime DEFAULT NULL,
  `name` varchar(255) DEFAULT NULL,
  `title` varchar(255) DEFAULT NULL,
  `owner_id` bigint(20) DEFAULT NULL,
  `travel_spot_id` bigint(20) DEFAULT NULL,
  PRIMARY KEY (`id`),
  KEY `FK65B3E32960985B0` (`travel_spot_id`),
  KEY `FK65B3E3260EA816D` (`owner_id`),
  CONSTRAINT `FK65B3E32960985B0` FOREIGN KEY (`travel_spot_id`) REFERENCES `travel_spot` (`id`) ON DELETE NO ACTION ON UPDATE NO ACTION,
  CONSTRAINT `FK65B3E3260EA816D` FOREIGN KEY (`owner_id`) REFERENCES `app_user` (`id`)
) ENGINE=InnoDB AUTO_INCREMENT=93 DEFAULT CHARSET=utf8;
/*!40101 SET character_set_client = @saved_cs_client */;

--
-- Dumping data for table `photo`
--

LOCK TABLES `photo` WRITE;
/*!40000 ALTER TABLE `photo` DISABLE KEYS */;
INSERT INTO `photo` VALUES (1,250000,'2014-06-24 00:29:00','\0',NULL,NULL,3139245,'jpg','广东省广州市南沙区万顷沙镇珠江一路29号',NULL,22.701470442884364,113.54527518935443,'','\0',NULL,'PANO_20140617_185754.jpg',NULL,1,NULL),(2,250000,'2014-06-24 09:17:09','\0',NULL,NULL,1495969,'jpg','上海市闵行区新虹街道王河桥',NULL,31.19205788983538,121.3282815944852,'','\0',NULL,'PANO_20130918_203907.jpg',NULL,3,NULL),(3,250000,'2014-06-24 19:59:07','\0',NULL,NULL,1867246,'jpg','广东省广州市番禺区石壁街道广州南站',NULL,22.989211539798994,113.27021805206087,NULL,'\0',NULL,'IMG_20140621_123209.jpg',NULL,3,12),(4,250000,'2014-06-24 19:59:25','\0',NULL,NULL,2195612,'jpg','广东省深圳市南山区南头街道南光路264号',NULL,22.532505938952127,113.92857801014571,NULL,'\0',NULL,'IMG_20140621_143337.jpg',NULL,3,12),(5,250000,'2014-06-24 19:59:33','\0',NULL,NULL,2121354,'jpg','广东省深圳市南山区南头街道南光路264号',NULL,22.53250636224272,113.92858013658145,NULL,'\0',NULL,'IMG_20140621_143347.jpg',NULL,3,12),(6,250000,'2014-06-24 20:00:28','\0',NULL,NULL,1573069,'jpg','广东省深圳市南山区粤海街道大族科技中心',NULL,22.540483305983383,113.93508266188381,NULL,'\0',NULL,'IMG_20140621_154706.jpg',NULL,3,12),(7,250000,'2014-06-24 20:00:44','\0',NULL,NULL,1888046,'jpg','广东省深圳市南山区粤海街道大族科技中心',NULL,22.540487424244066,113.93507823788417,NULL,'\0',NULL,'IMG_20140621_154743.jpg',NULL,3,12),(8,250000,'2014-06-24 20:00:55','\0',NULL,NULL,2388617,'jpg','广东省深圳市南山区粤海街道万利达科技大厦',NULL,22.540498390840096,113.93338949049385,NULL,'\0',NULL,'IMG_20140621_154051.jpg',NULL,3,12),(9,250000,'2014-06-24 20:01:06','\0',NULL,NULL,2410523,'jpg','广东省深圳市南山区桃源街道大学城',NULL,22.582396508473586,113.9641469398084,NULL,'\0',NULL,'IMG_20140621_135524.jpg',NULL,3,12),(10,250000,'2014-06-24 20:01:21','\0','来腾讯大厦坐坐\n环境不错',NULL,1658514,'jpg','广东省南山区深圳市粤海街道腾讯大厦',NULL,22.540657391394863,113.9344149968968,NULL,'\0',NULL,'IMG_20140621_154853.jpg','腾讯大厦',3,12),(11,250000,'2014-06-24 20:01:56','\0',NULL,NULL,1459547,'jpg','广东省深圳市南山区粤海街道大族科技中心',NULL,22.540838911893406,113.93540581628984,NULL,'\0',NULL,'IMG_20140621_160006.jpg',NULL,3,12),(12,250000,'2014-06-24 20:02:00','\0',NULL,NULL,2700702,'jpg','广东省南山区深圳市南头街道荔香公园',NULL,22.5357786115638,113.92757581634412,NULL,'\0',NULL,'IMG_20140621_150328.jpg',NULL,3,12),(13,250000,'2014-06-24 20:13:25','\0',NULL,NULL,4540115,'jpg','广东省番禺区广州市石壁街道广州南站',NULL,22.988501,113.270116,'','\0',NULL,'PANO_20140621_115417.jpg',NULL,3,17),(14,250000,'2014-06-24 21:38:22','\0',NULL,NULL,2055217,'jpg','广东省广州市海珠区南洲街道南洲路29号',NULL,23.064536274435465,113.2999201440619,NULL,'\0',NULL,'PANO_20140621_115707.jpg',NULL,3,17),(15,250000,'2014-06-24 21:38:40','\0',NULL,NULL,1807472,'jpg','广东省南山区深圳市粤海街道腾讯大厦',NULL,22.540833946535876,113.93540242448393,NULL,'\0',NULL,'IMG_20140621_160102.jpg',NULL,3,12),(16,250000,'2014-06-24 21:39:04','\0',NULL,NULL,2413997,'jpg','广东省深圳市福田区华富街道设计之都7号设计楼',NULL,22.543788356954725,114.0754500111354,NULL,'\0',NULL,'IMG_20140621_172150.jpg',NULL,3,12),(17,250000,'2014-06-24 21:39:05','\0',NULL,NULL,1673196,'jpg','广东省深圳市南山区粤海街道科艺路1号',NULL,22.539727343156912,113.93906931577759,NULL,'\0',NULL,'IMG_20140621_161456.jpg',NULL,3,12),(18,250000,'2014-06-24 21:39:35','\0',NULL,NULL,2241296,'jpg','广东省深圳市南山区粤海街道科艺路1号',NULL,22.539731849434013,113.9390636006849,NULL,'\0',NULL,'IMG_20140621_161443.jpg',NULL,3,12),(19,250000,'2014-06-24 21:46:35','\0',NULL,NULL,4451519,'jpg','广东省深圳市南山区粤海街道科艺路1号',NULL,22.539728050650496,113.93905093888341,'','\0',NULL,'PANO_20140621_161316.jpg',NULL,3,17),(20,250000,'2014-06-24 21:47:26','\0',NULL,NULL,5863935,'jpg','广东省深圳市宝安区西乡街道',NULL,22.62367951781966,113.81354885322502,'','\0',NULL,'PANO_20140622_150412.jpg',NULL,3,15),(21,250000,'2014-06-24 21:48:02','\0',NULL,NULL,5221485,'jpg','广东省深圳市宝安区西乡街道',NULL,22.623980040497553,113.81368284057717,'','\0',NULL,'PANO_20140622_150827.jpg',NULL,3,15),(22,250000,'2014-06-24 22:21:05','\0',NULL,NULL,2338281,'jpg','广东省南山区深圳市南头街道荔香公园',NULL,22.535837,113.927461,'','\0',NULL,'PANO_20140621_150156.jpg',NULL,3,17),(23,250000,'2014-06-24 22:21:08','\0',NULL,NULL,2492375,'jpg','广东省广州市番禺区石壁街道72街(广州南站分店)',NULL,22.989291,113.270288,'','\0',NULL,'PANO_20140621_120418.jpg',NULL,3,17),(24,250000,'2014-06-24 22:21:28','\0',NULL,NULL,2487025,'jpg','广东省广州市番禺区石壁街道味千拉面(广州南站分店)',NULL,22.989548,113.270996,'','\0',NULL,'PANO_20140621_120046.jpg',NULL,3,17),(25,250000,'2014-06-24 22:21:28','\0',NULL,NULL,2888857,'jpg','广东省广州市番禺区石壁街道广州南站',NULL,22.988679,113.269322,'','\0',NULL,'PANO_20140621_121614.jpg',NULL,3,NULL),(26,500000,'2014-06-26 16:53:30','\0','Manicure at home',NULL,1958787,'JPG','上海市虹口区凉城新村街道金诚利建材市场',NULL,31.28127570779482,121.46435298271675,NULL,'\0',NULL,'IMG_2815.JPG',NULL,4,NULL),(27,500000,'2014-06-26 21:11:17','\0',NULL,NULL,1486510,'jpg','浙江省杭州市西湖区蒋村街道西溪国家湿地公园',NULL,30.268430165701137,120.07319374001654,NULL,'\0',NULL,'IMG_20140601_103114.jpg',NULL,3,19),(28,500000,'2014-06-26 21:11:34','\0',NULL,NULL,2109863,'jpg','浙江省杭州市西湖区西湖街道杭州西湖风景名胜区',NULL,30.2096085430077,120.1338346979316,NULL,'\0',NULL,'IMG_20140531_154819.jpg',NULL,3,18),(29,500000,'2014-06-26 21:11:59','\0',NULL,NULL,2400078,'jpg',NULL,NULL,30.26811287165646,120.07450001794328,NULL,'\0',NULL,'IMG_20140601_102853.jpg',NULL,3,19),(30,500000,'2014-06-26 21:12:33','\0',NULL,NULL,2501820,'jpg','浙江省杭州市西湖区西湖街道杭州西湖风景名胜区',NULL,30.20965512771744,120.13389649385466,NULL,'\0',NULL,'IMG_20140531_154711.jpg',NULL,3,18),(31,500000,'2014-06-26 21:12:46','\0',NULL,NULL,2925350,'jpg','浙江省杭州市西湖区西湖街道杭州西湖风景名胜区',NULL,30.209660849337425,120.13413536413685,NULL,'\0',NULL,'IMG_20140531_154623.jpg',NULL,3,18),(32,500000,'2014-06-26 21:13:17','\0',NULL,NULL,2579958,'jpg','浙江省杭州市西湖区蒋村街道西溪国家湿地公园',NULL,30.272868221553484,120.07423371907737,NULL,'\0',NULL,'IMG_20140601_120048.jpg',NULL,3,19),(33,500000,'2014-06-26 21:22:01','\0',NULL,NULL,2224528,'jpg','浙江省杭州市西湖区蒋村街道西溪国家湿地公园',NULL,30.272869016019456,120.07423458049097,NULL,'\0',NULL,'IMG_20140601_120024.jpg',NULL,3,19),(34,500000,'2014-06-26 21:39:38','\0',NULL,NULL,1290546,'jpg',NULL,NULL,0,0,NULL,'\0',NULL,'IMAG2164.jpg',NULL,6,NULL),(35,500000,'2014-06-26 21:48:27','\0','',NULL,3638149,'jpg','浙江省杭州市西湖区北山街道杭州西湖风景名胜区',NULL,30.251937592556306,120.13851677543974,NULL,'\0',NULL,'IMG_20140531_123039.jpg',NULL,6,NULL),(36,500000,'2014-06-26 21:58:50','\0',NULL,NULL,3638149,'jpg','浙江省杭州市西湖区北山街道杭州西湖风景名胜区',NULL,30.251940450654025,120.13852321303025,NULL,'\0',NULL,'IMG_20140531_123039.jpg',NULL,6,NULL),(37,500000,'2014-06-26 21:59:04','\0',NULL,NULL,3712133,'jpg','浙江省杭州市西湖区北山街道杭州西湖风景名胜区',NULL,30.230709960684305,120.14337840254463,NULL,'\0',NULL,'IMG_20140531_135034.jpg',NULL,6,NULL),(38,500000,'2014-06-26 21:59:20','\0',NULL,NULL,3682693,'jpg','浙江省杭州市西湖区北山街道西湖',NULL,30.238114123035036,120.14010764406622,NULL,'\0',NULL,'IMG_20140531_131831.jpg',NULL,6,NULL),(39,500000,'2014-06-26 21:59:31','\0',NULL,NULL,3588869,'jpg','浙江省杭州市西湖区北山街道西湖',NULL,30.25061447039148,120.13602775874266,NULL,'\0',NULL,'IMG_20140531_124451.jpg',NULL,6,NULL),(40,500000,'2014-06-26 22:00:06','\0',NULL,NULL,4597765,'jpg','浙江省杭州市西湖区北山街道杭州西湖风景名胜区',NULL,30.251939462792862,120.13852463744362,NULL,'\0',NULL,'IMG_20140531_123033.jpg',NULL,6,NULL),(41,500000,'2014-06-26 22:00:42','\0',NULL,NULL,5346309,'jpg','浙江省杭州市西湖区北山街道杭州西湖风景名胜区',NULL,30.251787744729562,120.13772175484694,NULL,'\0',NULL,'IMG_20140531_123415.jpg',NULL,6,NULL),(42,500000,'2014-06-26 22:03:02','\0',NULL,NULL,5976197,'jpg','浙江省杭州市西湖区蒋村街道西溪国家湿地公园',NULL,30.264996670564315,120.07517276206477,NULL,'\0',NULL,'IMG_20140601_095509.jpg',NULL,6,NULL),(43,500000,'2014-06-26 22:03:03','\0',NULL,NULL,4505221,'jpg','浙江省杭州市西湖区蒋村街道西溪国家湿地公园',NULL,30.27238766525237,120.07021908823323,NULL,'\0',NULL,'IMG_20140601_125756.jpg',NULL,6,NULL),(44,1000000,'2014-06-27 10:54:15','\0',NULL,NULL,1520848,'jpg','云南省丽江市玉龙纳西族自治县白沙乡玉柱擎天风景区',NULL,27.023195,100.213165,NULL,'\0',NULL,'IMAG2107.jpg',NULL,3,22),(45,1000000,'2014-06-27 10:54:17','\0',NULL,NULL,1422458,'jpg','云南省古城区丽江市大研街道叶子',NULL,26.872765,100.236731,NULL,'\0',NULL,'IMAG2123.jpg',NULL,3,23),(46,1000000,'2014-06-27 10:54:18','\0',NULL,NULL,1358127,'jpg','云南省丽江市古城区大研街道振兴巷4号',NULL,26.87276,100.236543,NULL,'\0',NULL,'IMAG2124.jpg',NULL,3,NULL),(47,1000000,'2014-06-27 10:54:28','\0',NULL,NULL,4668898,'jpg','云南省丽江市古城区大研街道丽江纳西东巴文化传承展示基地',NULL,26.87131940715773,100.23235063573617,NULL,'\0',NULL,'IMAG2122.jpg',NULL,3,23),(48,1000000,'2014-06-27 11:04:35','\0',NULL,NULL,820204,'jpg','云南省丽江市古城区大研街道新华街13号',NULL,26.87489677291933,100.23337085378058,NULL,'\0',NULL,'IMAG2072.jpg',NULL,3,22),(49,1000000,'2014-06-27 11:04:36','\0',NULL,NULL,2159788,'jpg','云南省丽江市古城区大研街道文昌宫',NULL,26.875182,100.232638,NULL,'\0',NULL,'IMAG2069.jpg',NULL,3,22),(50,1000000,'2014-06-27 11:04:36','\0',NULL,NULL,1017921,'jpg','云南省丽江市古城区大研街道丽江纳西东巴文化传承展示基地',NULL,26.871129,100.232348,NULL,'\0',NULL,'IMAG2120.jpg',NULL,3,23),(51,1000000,'2014-06-27 11:11:00','\0',NULL,NULL,923422,'jpg','云南省丽江市古城区大研街道食全酒美',NULL,26.86908570469333,100.23504903434885,NULL,'\0',NULL,'IMAG2126.jpg',NULL,3,23),(52,1000000,'2014-06-27 11:14:03','\0',NULL,NULL,737388,'jpg',NULL,NULL,39.84514661667778,115.64614161530424,NULL,'\0',NULL,'IMAG1327.jpg',NULL,3,27),(53,1000000,'2014-06-27 11:14:04','\0',NULL,NULL,1001583,'jpg','北京市房山区史家营乡百花山',NULL,39.859483676080345,115.62065376965639,NULL,'\0',NULL,'IMAG1318.jpg',NULL,3,26),(54,1000000,'2014-06-27 11:14:04','\0',NULL,NULL,902306,'jpg',NULL,NULL,39.845275951168,115.64573716257819,NULL,'\0',NULL,'IMAG1328.jpg',NULL,3,27),(55,1000000,'2014-06-27 11:14:05','\0',NULL,NULL,1392501,'jpg','北京市房山区史家营乡窑神殿',NULL,39.854411,115.621834,NULL,'\0',NULL,'IMAG1320.jpg',NULL,3,26),(56,1000000,'2014-06-27 11:14:06','\0',NULL,NULL,1550172,'jpg',NULL,NULL,39.846069813036294,115.6455087013777,NULL,'\0',NULL,'IMAG1342.jpg',NULL,3,27),(57,1000000,'2014-06-27 11:14:07','\0',NULL,NULL,1171731,'jpg','北京市房山区史家营乡顺明饭店',NULL,39.84607266663205,115.64551594024303,NULL,'\0',NULL,'IMAG1343.jpg',NULL,3,27),(58,1000000,'2014-06-27 11:14:09','\0',NULL,NULL,1872603,'jpg',NULL,NULL,39.690254606550845,115.93304150865467,NULL,'\0',NULL,'IMAG1355.jpg',NULL,3,27),(59,1000000,'2014-06-27 11:14:10','\0',NULL,NULL,1847603,'jpg','北京市房山区周口店地区地矿部探矿工程研究所',NULL,39.68984324815779,115.93334155957157,NULL,'\0',NULL,'IMAG1357.jpg',NULL,3,27),(60,1000000,'2014-06-27 11:14:10','\0',NULL,NULL,1761273,'jpg','北京市房山区周口店地区小肥羊火锅店(周口店)',NULL,39.68869604548772,115.93679144931014,NULL,'\0',NULL,'IMAG1373.jpg',NULL,3,27),(61,1000000,'2014-06-27 11:18:52','\0',NULL,NULL,1196580,'jpg','北京市门头沟区斋堂镇斋堂城',NULL,39.97791325224198,115.70478684897616,NULL,'\0',NULL,'IMAG1290.jpg',NULL,3,26),(62,1000000,'2014-06-27 11:18:53','\0',NULL,NULL,2376384,'jpg',NULL,NULL,39.82698909369578,115.60257897925057,NULL,'\0',NULL,'IMAG1294.jpg',NULL,3,26),(63,1000000,'2014-06-27 12:57:17','\0',NULL,NULL,1085959,'jpg','山东省烟台市莱阳市古柳街道莱阳站',NULL,36.92739,120.71022,'','\0',NULL,'IMG_20140410_120416.jpg',NULL,7,NULL),(64,1000000,'2014-06-27 13:25:45','\0',NULL,NULL,4889274,'jpg','北京市密云县石城镇柳树底下',NULL,40.55408158398907,116.6943338331484,NULL,'\0',NULL,'IMAG1200.jpg',NULL,3,28),(65,1000000,'2014-06-27 13:27:09','\0',NULL,NULL,894984,'jpg','北京市密云县石城镇水道沟峪',NULL,40.56219502974722,116.70372843506556,NULL,'\0',NULL,'IMAG1228.jpg',NULL,3,28),(66,1000000,'2014-06-27 13:27:09','\0',NULL,NULL,1317099,'jpg','北京市密云县石城镇水道沟峪',NULL,40.56017678144767,116.70190626929332,NULL,'\0',NULL,'IMAG1227.jpg',NULL,3,28),(67,1000000,'2014-06-27 13:28:12','\0',NULL,NULL,1162275,'jpg','北京市密云县石城镇云蒙山',NULL,40.563308,116.701241,NULL,'\0',NULL,'IMAG1240.jpg',NULL,3,28),(68,1000000,'2014-06-27 13:28:16','\0',NULL,NULL,3840641,'jpg','北京市怀柔区琉璃庙镇无底潭',NULL,40.57211,116.703815,NULL,'\0',NULL,'IMAG1247.jpg',NULL,3,28),(69,1000000,'2014-06-27 13:28:16','\0',NULL,NULL,3868379,'jpg','北京市密云县石城镇水道沟峪',NULL,40.560529164180075,116.70445917942331,NULL,'\0',NULL,'IMAG1243.jpg',NULL,3,28),(70,1000000,'2014-06-27 13:28:54','\0',NULL,NULL,3718558,'jpg','北京市怀柔区琉璃庙镇无底潭',NULL,40.57563,116.709995,NULL,'\0',NULL,'IMAG1257.jpg',NULL,3,28),(78,NULL,'2014-06-28 22:28:57','\0',NULL,NULL,2337945,'jpg',NULL,NULL,NULL,NULL,NULL,'\0',NULL,'PANO_20140628_122225[1].jpg',NULL,3,NULL),(79,NULL,'2014-06-28 22:29:07','\0',NULL,NULL,7237,'txt',NULL,NULL,NULL,NULL,NULL,'\0',NULL,'外出旅行背包选购常识.txt',NULL,8,NULL),(80,NULL,'2014-06-28 22:29:08','\0',NULL,NULL,1022665,'jpg',NULL,NULL,NULL,NULL,NULL,'\0',NULL,'SMQ_8840-2.jpg',NULL,8,NULL),(81,NULL,'2014-06-29 18:09:41','\0','Beautiful sky, after a rain.',NULL,1615624,'JPG','上海市虹口区广中路街道广中路567号',NULL,31.28009251900537,121.46637777460832,NULL,'\0',NULL,'IMG_2844.JPG',NULL,4,NULL),(82,NULL,'2014-06-30 11:41:48','\0','',NULL,1878059,'jpg','云南省大理白族自治州大理市洱海管理处',NULL,25.920985470841416,100.10822448152719,NULL,'\0',NULL,'IMAG2290.jpg','',3,29),(83,NULL,'2014-06-30 14:30:31','\0',NULL,NULL,1070151,'jpg','上海市普陀区长风新村街道长城大厦',NULL,31.238516168626884,121.41594785195122,'','\0',NULL,'office.jpg','My Office',4,NULL),(88,NULL,'2014-06-30 17:04:11','\0',NULL,NULL,1365432,'jpg','云南省大理白族自治州大理市洱海管理处云洱渔家',NULL,25.923548634889556,100.10663955410766,NULL,'\0',NULL,'IMAG2286.jpg',NULL,3,NULL),(89,NULL,'2014-07-01 11:25:43','\0','ddddd\nsssss\ncccc',NULL,2251,'jpg','广东省广州市南沙区横沥镇',NULL,22.68109007544965,113.53097668654624,NULL,'\0',NULL,'1404185092212.jpg','tttttt',3,NULL),(90,NULL,'2014-07-01 12:53:18','\0','shdhdhd\nxbxxb',NULL,245295,'jpg','广东省广州市南沙区横沥镇五涌桥',NULL,22.685123,113.528724,NULL,'\0',NULL,'1404190371507.jpg','hzhxbxvv',3,NULL),(91,NULL,'2014-07-10 15:25:14','\0','大宁',NULL,2183171,'JPG','上海市闸北区大宁路街道共和新路1992号',NULL,31.274153593705247,121.45272307200744,NULL,'\0',NULL,'IMG_2925.JPG','汽车人',4,NULL),(92,NULL,'2014-07-10 15:26:13','\0','锦江乐团',NULL,1986040,'JPG','上海市闵行区梅陇镇虹梅路201号',NULL,31.140772142974782,121.41061078183013,NULL,'\0',NULL,'IMG_2935.JPG','黄金炸饭团',4,NULL);
/*!40000 ALTER TABLE `photo` ENABLE KEYS */;
UNLOCK TABLES;

--
-- Table structure for table `photo_comment`
--

DROP TABLE IF EXISTS `photo_comment`;
/*!40101 SET @saved_cs_client     = @@character_set_client */;
/*!40101 SET character_set_client = utf8 */;
CREATE TABLE `photo_comment` (
  `photo_id` bigint(20) NOT NULL,
  `comments_id` bigint(20) NOT NULL,
  PRIMARY KEY (`photo_id`,`comments_id`),
  UNIQUE KEY `comments_id` (`comments_id`),
  KEY `FKC8D08152F828F22F` (`comments_id`),
  KEY `FKC8D08152194EAB84` (`photo_id`),
  CONSTRAINT `FKC8D08152194EAB84` FOREIGN KEY (`photo_id`) REFERENCES `photo` (`id`),
  CONSTRAINT `FKC8D08152F828F22F` FOREIGN KEY (`comments_id`) REFERENCES `comment` (`id`)
) ENGINE=InnoDB DEFAULT CHARSET=utf8;
/*!40101 SET character_set_client = @saved_cs_client */;

--
-- Dumping data for table `photo_comment`
--

LOCK TABLES `photo_comment` WRITE;
/*!40000 ALTER TABLE `photo_comment` DISABLE KEYS */;
INSERT INTO `photo_comment` VALUES (2,1),(10,2),(88,3),(16,8),(88,9);
/*!40000 ALTER TABLE `photo_comment` ENABLE KEYS */;
UNLOCK TABLES;

--
-- Table structure for table `photo_details`
--

DROP TABLE IF EXISTS `photo_details`;
/*!40101 SET @saved_cs_client     = @@character_set_client */;
/*!40101 SET character_set_client = utf8 */;
CREATE TABLE `photo_details` (
  `id` bigint(20) NOT NULL,
  `DateTime` datetime DEFAULT NULL,
  `DateTimeDigitized` datetime DEFAULT NULL,
  `DateTimeOriginal` datetime DEFAULT NULL,
  `ExifVersion` varchar(255) DEFAULT NULL,
  `ExposureBias` double DEFAULT NULL,
  `FNumber` double DEFAULT NULL,
  `Flash` smallint(6) DEFAULT NULL,
  `FocalLength` double DEFAULT NULL,
  `GPSAltitude` double DEFAULT NULL,
  `GPSAltitudeRef` varchar(255) DEFAULT NULL,
  `GPSDateStamp` datetime DEFAULT NULL,
  `GPSInfo` varchar(255) DEFAULT NULL,
  `GPSLatitude` double DEFAULT NULL,
  `GPSLatitudeRef` varchar(255) DEFAULT NULL,
  `GPSLongitude` double DEFAULT NULL,
  `GPSLongitudeRef` varchar(255) DEFAULT NULL,
  `GPSProcessingMethod` varchar(255) DEFAULT NULL,
  `GPSTimeStamp` double DEFAULT NULL,
  `ISO` varchar(255) DEFAULT NULL,
  `brightnessValue` double DEFAULT NULL,
  `compressedBitsPerPixel` varchar(255) DEFAULT NULL,
  `contrast` varchar(255) DEFAULT NULL,
  `digitalZoomRatio` int(11) DEFAULT NULL,
  `exposureProgram` varchar(255) DEFAULT NULL,
  `exposureTime` double DEFAULT NULL,
  `focalLengthIn35mmFilm` double DEFAULT NULL,
  `gPanoCaptureSoftware` varchar(255) DEFAULT NULL,
  `gPanoCroppedAreaImageHeightPixels` varchar(255) DEFAULT NULL,
  `gPanoCroppedAreaImageWidthPixels` varchar(255) DEFAULT NULL,
  `gPanoCroppedAreaLeftPixels` varchar(255) DEFAULT NULL,
  `gPanoCroppedAreaTopPixels` varchar(255) DEFAULT NULL,
  `gPanoFullPanoHeightPixels` varchar(255) DEFAULT NULL,
  `gPanoFullPanoWidthPixels` varchar(255) DEFAULT NULL,
  `gPanoLargestValidInteriorRectHeight` varchar(255) DEFAULT NULL,
  `gPanoLargestValidInteriorRectLeft` varchar(255) DEFAULT NULL,
  `gPanoLargestValidInteriorRectTop` varchar(255) DEFAULT NULL,
  `gPanoLargestValidInteriorRectWidth` varchar(255) DEFAULT NULL,
  `gPanoNorthPosInX` varchar(255) DEFAULT NULL,
  `gPanoProjectionType` varchar(255) DEFAULT NULL,
  `gPanoStitchingSoftware` varchar(255) DEFAULT NULL,
  `gPanoUsePanoramaViewer` varchar(255) DEFAULT NULL,
  `lightSource` varchar(255) DEFAULT NULL,
  `make` varchar(255) DEFAULT NULL,
  `maxApertureValue` double DEFAULT NULL,
  `meteringMode` varchar(255) DEFAULT NULL,
  `model` varchar(255) DEFAULT NULL,
  `pixelXDimension` int(11) DEFAULT NULL,
  `pixelYDimension` int(11) DEFAULT NULL,
  `resolutionUnit` varchar(255) DEFAULT NULL,
  `saturation` varchar(255) DEFAULT NULL,
  `sharpness` varchar(255) DEFAULT NULL,
  `whiteBalance` varchar(255) DEFAULT NULL,
  `xResolution` varchar(255) DEFAULT NULL,
  `yResolution` varchar(255) DEFAULT NULL,
  PRIMARY KEY (`id`)
) ENGINE=InnoDB DEFAULT CHARSET=utf8;
/*!40101 SET character_set_client = @saved_cs_client */;

--
-- Dumping data for table `photo_details`
--

LOCK TABLES `photo_details` WRITE;
/*!40000 ALTER TABLE `photo_details` DISABLE KEYS */;
INSERT INTO `photo_details` VALUES (1,'2014-06-17 19:00:44',NULL,NULL,NULL,NULL,NULL,NULL,NULL,NULL,NULL,'2014-06-17 08:00:00','310',22.70442,'N',113.54012388888889,'E',NULL,NULL,NULL,NULL,'','',NULL,'',NULL,NULL,NULL,'3584','7168','0','0','3584','7168','3584','0','0','7168',NULL,'equirectangular',NULL,'True','','HTC',NULL,NULL,'HTC One',7168,3584,'','','','','',''),(2,'2013-09-18 20:42:14',NULL,NULL,NULL,NULL,NULL,NULL,NULL,NULL,NULL,'2013-09-18 08:00:00','226',31.194006944444446,'N',121.32374777777777,'E',NULL,NULL,NULL,NULL,'','',NULL,'',NULL,NULL,NULL,'2000','4000','0','0','2000','4000','2000','0','0','4000',NULL,'equirectangular',NULL,'True','','HTC',NULL,NULL,'HTC One',4000,2000,'','','','','',''),(3,'2014-06-24 19:56:08','2014-06-21 12:32:09','2014-06-21 12:32:09','0220',0,2,0,3.82,20.1,'0','2014-06-21 08:00:00','960',22.991939527777777,'N',113.26489255555556,'E','ASCII',NULL,'100',6.643823,'15161808/4085760 (3.711)','0',0,'2',0.00125,28,NULL,NULL,NULL,NULL,NULL,NULL,NULL,NULL,NULL,NULL,NULL,NULL,NULL,NULL,NULL,'0','HTC',2,'255','HTC One',2688,1520,'','0','0','0','72','72'),(4,'2014-06-24 19:56:09','2014-06-21 14:33:37','2014-06-21 14:33:37','0220',0,2,0,3.82,26.399,'0','2014-06-21 08:00:00','960',22.535545333333335,'N',113.92371366666667,'E','ASCII',NULL,'125',9.58493,'17932896/4085760 (4.389)','0',0,'2',0.00013,28,NULL,NULL,NULL,NULL,NULL,NULL,NULL,NULL,NULL,NULL,NULL,NULL,NULL,NULL,NULL,'0','HTC',2,'255','HTC One',2688,1520,'','0','0','0','72','72'),(5,'2014-06-24 19:56:10','2014-06-21 14:33:47','2014-06-21 14:33:47','0220',0,2,0,3.82,26.399,'0','2014-06-21 08:00:00','960',22.535545333333335,'N',113.92371366666667,'E','ASCII',NULL,'125',7.819395,'17392736/4085760 (4.257)','0',0,'2',0.000442,28,NULL,NULL,NULL,NULL,NULL,NULL,NULL,NULL,NULL,NULL,NULL,NULL,NULL,NULL,NULL,'0','HTC',2,'255','HTC One',2688,1520,'','0','0','0','72','72'),(6,'2014-06-24 19:56:13','2014-06-21 15:47:07','2014-06-21 15:47:06','0220',0,2,0,3.82,53.7,'0','2014-06-21 08:00:00','960',22.54351425,'N',113.93021391666667,'E','ASCII',NULL,'125',4.431123,'12351176/4085760 (3.023)','0',0,'2',0.004635,28,NULL,NULL,NULL,NULL,NULL,NULL,NULL,NULL,NULL,NULL,NULL,NULL,NULL,NULL,NULL,'0','HTC',2,'255','HTC One',2688,1520,'','0','0','0','72','72'),(7,'2014-06-24 19:56:14','2014-06-21 15:47:44','2014-06-21 15:47:44','0220',0,2,0,3.82,53.7,'0','2014-06-21 08:00:00','960',22.54351425,'N',113.93021391666667,'E','ASCII',NULL,'125',8.584929,'15378552/4085760 (3.764)','0',0,'2',0.00026,28,NULL,NULL,NULL,NULL,NULL,NULL,NULL,NULL,NULL,NULL,NULL,NULL,NULL,NULL,NULL,'0','HTC',2,'255','HTC One',2688,1520,'','0','0','0','72','72'),(8,'2014-06-21 15:40:51','2014-06-21 15:40:51','2014-06-21 15:40:51','0220',0,2,0,3.82,14.399,'0','2014-06-21 08:00:00','1462',22.543531416666667,'N',113.92852019444445,'E','ASCII',NULL,'125',8.906857,'18819912/4085760 (4.606)','0',0,'2',0.000208,28,NULL,NULL,NULL,NULL,NULL,NULL,NULL,NULL,NULL,NULL,NULL,NULL,NULL,NULL,NULL,'0','HTC',2,'255','HTC One',1520,2688,'','0','0','0','72','72'),(9,'2014-06-24 19:56:09','2014-06-21 13:55:24','2014-06-21 13:55:24','0220',0,2,0,3.82,14.3,'0','2014-06-21 08:00:00','960',22.585369083333333,'N',113.9592361388889,'E','ASCII',NULL,'125',8.584929,'20215240/4085760 (4.948)','0',0,'2',0.00026,28,NULL,NULL,NULL,NULL,NULL,NULL,NULL,NULL,NULL,NULL,NULL,NULL,NULL,NULL,NULL,'0','HTC',2,'255','HTC One',2688,1520,'','0','0','0','72','72'),(10,'2014-06-24 19:56:14','2014-06-21 15:48:53','2014-06-21 15:48:53','0220',0,2,0,3.82,35.7,'0','2014-06-21 08:00:00','960',22.543687805555557,'N',113.92955016666667,'E','ASCII',NULL,'125',6.906857,'13218552/4085760 (3.235)','0',0,'2',0.000833,28,NULL,NULL,NULL,NULL,NULL,NULL,NULL,NULL,NULL,NULL,NULL,NULL,NULL,NULL,NULL,'0','HTC',2,'255','HTC One',2688,1520,'','0','0','0','72','72'),(11,'2014-06-24 19:56:15','2014-06-21 16:00:07','2014-06-21 16:00:06','0220',0,2,0,3.82,199.3,'0','2014-06-21 08:00:00','960',22.543865194444447,'N',113.93053436111111,'E','ASCII',NULL,'160',1.380788,'11330600/4085760 (2.773)','0',0,'2',0.03,28,NULL,NULL,NULL,NULL,NULL,NULL,NULL,NULL,NULL,NULL,NULL,NULL,NULL,NULL,NULL,'0','HTC',2,'255','HTC One',1520,2688,'','0','0','0','72','72'),(12,'2014-06-24 19:56:10','2014-06-21 15:03:28','2014-06-21 15:03:28','0220',0,2,0,3.82,28.5,'0','2014-06-21 08:00:00','960',22.53882216666667,'N',113.92271422222223,'E','ASCII',NULL,'125',7.447426,'23103728/4085760 (5.655)','0',0,'2',0.000572,28,NULL,NULL,NULL,NULL,NULL,NULL,NULL,NULL,NULL,NULL,NULL,NULL,NULL,NULL,NULL,'0','HTC',2,'255','HTC One',2688,1520,'','0','0','0','72','72'),(13,'2014-06-24 19:56:00',NULL,'2014-06-21 11:57:40','0220',NULL,NULL,NULL,NULL,NULL,NULL,'2014-06-21 08:00:00','408',23.0672,'N',113.29455388888888,'E',NULL,NULL,NULL,NULL,'','',NULL,'',NULL,NULL,NULL,'3584','7168','0','0','3584','7168','3584','0','0','7168',NULL,'equirectangular',NULL,'True','','HTC',NULL,NULL,'HTC One',7168,3584,'','','','','',''),(14,'2014-06-24 19:56:01',NULL,'2014-06-21 11:58:08','0220',NULL,NULL,NULL,NULL,NULL,NULL,'2014-06-21 08:00:00','408',23.0672,'N',113.29455388888888,'E',NULL,NULL,NULL,NULL,'','',NULL,'',NULL,NULL,NULL,NULL,NULL,NULL,NULL,NULL,NULL,NULL,NULL,NULL,NULL,NULL,NULL,NULL,NULL,'','HTC',NULL,NULL,'HTC One',6304,1775,'','','','','',''),(15,'2014-06-24 19:56:15','2014-06-21 16:01:02','2014-06-21 16:01:02','0220',0,2,0,3.82,199.3,'0','2014-06-21 08:00:00','960',22.543865194444447,'N',113.93053436111111,'E','ASCII',NULL,'125',4.976121,'14452384/4085760 (3.537)','0',0,'2',0.003177,28,NULL,NULL,NULL,NULL,NULL,NULL,NULL,NULL,NULL,NULL,NULL,NULL,NULL,NULL,NULL,'0','HTC',2,'255','HTC One',2688,1520,'','0','0','0','72','72'),(16,'2014-06-24 19:56:21','2014-06-21 17:21:50','2014-06-21 17:21:50','0220',0,2,0,3.82,0,'0','2014-06-21 08:00:00','960',22.546482083333334,'N',114.0703201111111,'E','ASCII',NULL,'125',8.206418,'20042032/4085760 (4.905)','0',0,'2',0.000338,28,NULL,NULL,NULL,NULL,NULL,NULL,NULL,NULL,NULL,NULL,NULL,NULL,NULL,NULL,NULL,'0','HTC',2,'255','HTC One',1520,2688,'','0','0','0','72','72'),(17,'2014-06-24 19:56:19','2014-06-21 16:14:56','2014-06-21 16:14:56','0220',0,2,0,3.82,33.799,'0','2014-06-21 08:00:00','960',22.542753194444447,'N',113.93419644444445,'E','ASCII',NULL,'125',9.58493,'13468632/4085760 (3.296)','0',0,'2',0.00013,28,NULL,NULL,NULL,NULL,NULL,NULL,NULL,NULL,NULL,NULL,NULL,NULL,NULL,NULL,NULL,'0','HTC',2,'255','HTC One',2688,1520,'','0','0','0','72','72'),(18,'2014-06-24 19:56:19','2014-06-21 16:14:43','2014-06-21 16:14:43','0220',0,2,0,3.82,33.799,'0','2014-06-21 08:00:00','960',22.542753194444447,'N',113.93419644444445,'E','ASCII',NULL,'125',9.099503,'17416576/4085760 (4.263)','0',0,'2',0.000182,28,NULL,NULL,NULL,NULL,NULL,NULL,NULL,NULL,NULL,NULL,NULL,NULL,NULL,NULL,NULL,'0','HTC',2,'255','HTC One',2688,1520,'','0','0','0','72','72'),(19,'2014-06-24 19:56:20',NULL,'2014-06-21 16:15:59','0220',NULL,NULL,NULL,NULL,NULL,NULL,'2014-06-21 08:00:00','408',22.54275388888889,'N',113.93417777777778,'E',NULL,NULL,NULL,NULL,'','',NULL,'',NULL,NULL,NULL,'3584','7168','0','0','3584','7168','3584','0','0','7168',NULL,'equirectangular',NULL,'True','','HTC',NULL,NULL,'HTC One',7168,3584,'','','','','',''),(20,'2014-06-24 19:56:22',NULL,'2014-06-22 15:07:02','0220',NULL,NULL,NULL,NULL,NULL,NULL,'2014-06-22 08:00:00','408',22.626590833333335,'N',113.80847194444443,'E',NULL,NULL,NULL,NULL,'','',NULL,'',NULL,NULL,NULL,'3584','7168','0','0','3584','7168','3584','0','0','7168',NULL,'equirectangular',NULL,'True','','HTC',NULL,NULL,'HTC One',7168,3584,'','','','','',''),(21,'2014-06-24 19:56:25',NULL,'2014-06-22 15:11:33','0220',NULL,NULL,NULL,NULL,NULL,NULL,'2014-06-22 08:00:00','408',22.626890833333334,'N',113.80861194444444,'E',NULL,NULL,NULL,NULL,'','',NULL,'',NULL,NULL,NULL,'3584','7168','0','0','3584','7168','3584','0','0','7168',NULL,'equirectangular',NULL,'True','','HTC',NULL,NULL,'HTC One',7168,3584,'','','','','',''),(22,NULL,NULL,NULL,NULL,NULL,NULL,NULL,NULL,NULL,NULL,NULL,NULL,NULL,NULL,NULL,NULL,NULL,NULL,NULL,NULL,NULL,NULL,NULL,NULL,NULL,NULL,NULL,NULL,NULL,NULL,NULL,NULL,NULL,NULL,NULL,NULL,NULL,NULL,NULL,NULL,NULL,NULL,NULL,NULL,NULL,NULL,7168,3584,NULL,NULL,NULL,NULL,NULL,NULL),(23,NULL,NULL,NULL,NULL,NULL,NULL,NULL,NULL,NULL,NULL,NULL,NULL,NULL,NULL,NULL,NULL,NULL,NULL,NULL,NULL,NULL,NULL,NULL,NULL,NULL,NULL,NULL,NULL,NULL,NULL,NULL,NULL,NULL,NULL,NULL,NULL,NULL,NULL,NULL,NULL,NULL,NULL,NULL,NULL,NULL,NULL,7168,3584,NULL,NULL,NULL,NULL,NULL,NULL),(24,NULL,NULL,NULL,NULL,NULL,NULL,NULL,NULL,NULL,NULL,NULL,NULL,NULL,NULL,NULL,NULL,NULL,NULL,NULL,NULL,NULL,NULL,NULL,NULL,NULL,NULL,NULL,NULL,NULL,NULL,NULL,NULL,NULL,NULL,NULL,NULL,NULL,NULL,NULL,NULL,NULL,NULL,NULL,NULL,NULL,NULL,7168,3584,NULL,NULL,NULL,NULL,NULL,NULL),(25,NULL,NULL,NULL,NULL,NULL,NULL,NULL,NULL,NULL,NULL,NULL,NULL,NULL,NULL,NULL,NULL,NULL,NULL,NULL,NULL,NULL,NULL,NULL,NULL,NULL,NULL,NULL,NULL,NULL,NULL,NULL,NULL,NULL,NULL,NULL,NULL,NULL,NULL,NULL,NULL,NULL,NULL,NULL,NULL,NULL,NULL,7168,3584,NULL,NULL,NULL,NULL,NULL,NULL),(26,'2014-06-23 22:58:48','2014-06-23 22:58:48','2014-06-23 22:58:48','0221',NULL,2.8,24,3.85,18.056827820186598,'0',NULL,'1054',31.283152777777776,'N',121.45977777777777,'E',NULL,NULL,'1000',-1.0197278911564627,'','',NULL,'2',0.058823529411764705,35,NULL,NULL,NULL,NULL,NULL,NULL,NULL,NULL,NULL,NULL,NULL,NULL,NULL,NULL,NULL,'','Apple',NULL,'5','iPhone 4',2592,1936,'','','','0','72','72'),(27,'2014-06-01 10:31:14','2014-06-01 10:31:14','2014-06-01 10:31:14','0220',0,2,0,3.82,9.699,'0','2014-06-01 08:00:00','1462',30.270713805555555,'N',120.06837461111111,'E','ASCII',NULL,'125',6.073968,'11873568/4085760 (2.906)','0',0,'2',0.001484,28,NULL,NULL,NULL,NULL,NULL,NULL,NULL,NULL,NULL,NULL,NULL,NULL,NULL,NULL,NULL,'0','HTC',2,'255','HTC One',1520,2688,'','0','0','0','72','72'),(28,'2014-05-31 15:48:19','2014-05-31 15:48:19','2014-05-31 15:48:19','0220',0,2,0,3.82,46.5,'0','2014-05-31 08:00:00','1462',30.211898777777776,'N',120.12907408333332,'E','ASCII',NULL,'160',1.380788,'16556096/4085760 (4.052)','0',0,'2',0.03,28,NULL,NULL,NULL,NULL,NULL,NULL,NULL,NULL,NULL,NULL,NULL,NULL,NULL,NULL,NULL,'0','HTC',2,'255','HTC One',2688,1520,'','0','0','0','72','72'),(29,'2014-06-01 10:28:53','2014-06-01 10:28:53','2014-06-01 10:28:53','0220',0,2,0,3.82,4.3,'0','2014-06-01 08:00:00','1462',30.270397166666665,'N',120.06967925,'E','ASCII',NULL,'125',6.263001,'18819648/4085760 (4.606)','0',0,'2',0.001302,28,NULL,NULL,NULL,NULL,NULL,NULL,NULL,NULL,NULL,NULL,NULL,NULL,NULL,NULL,NULL,'0','HTC',2,'255','HTC One',2688,1520,'','0','0','0','72','72'),(30,'2014-05-31 15:47:12','2014-05-31 15:47:12','2014-05-31 15:47:11','0220',0,2,0,3.82,49.299,'0','2014-05-31 08:00:00','1462',30.211944555555554,'N',120.12913511111111,'E','ASCII',NULL,'200',2.643823,'19608520/4085760 (4.799)','0',0,'2',0.01,28,NULL,NULL,NULL,NULL,NULL,NULL,NULL,NULL,NULL,NULL,NULL,NULL,NULL,NULL,NULL,'0','HTC',2,'255','HTC One',2688,1520,'','0','0','0','72','72'),(31,'2014-05-31 15:46:24','2014-05-31 15:46:24','2014-05-31 15:46:23','0220',0,2,0,3.82,23.299,'0','2014-05-31 08:00:00','1462',30.21194647222222,'N',120.12937925,'E','ASCII',NULL,'125',2.321895,'22921048/4085760 (5.61)','0',0,'2',0.02,28,NULL,NULL,NULL,NULL,NULL,NULL,NULL,NULL,NULL,NULL,NULL,NULL,NULL,NULL,NULL,'0','HTC',2,'255','HTC One',2688,1520,'','0','0','0','72','72'),(32,'2014-06-01 12:00:49','2014-06-01 12:00:49','2014-06-01 12:00:48','0220',0,2,0,3.82,63,'0','2014-06-01 08:00:00','1462',30.275152194444445,'N',120.06941222222221,'E','ASCII',NULL,'125',5.862464,'20621152/4085760 (5.047)','0',0,'2',0.001718,28,NULL,NULL,NULL,NULL,NULL,NULL,NULL,NULL,NULL,NULL,NULL,NULL,NULL,NULL,NULL,'0','HTC',2,'255','HTC One',2688,1520,'','0','0','0','72','72'),(33,'2014-06-01 12:00:24','2014-06-01 12:00:24','2014-06-01 12:00:24','0220',0,2,0,3.82,63,'0','2014-06-01 08:00:00','1462',30.275152194444445,'N',120.06941222222221,'E','ASCII',NULL,'125',6.549306,'17777712/4085760 (4.351)','0',0,'2',0.001067,28,NULL,NULL,NULL,NULL,NULL,NULL,NULL,NULL,NULL,NULL,NULL,NULL,NULL,NULL,NULL,'0','HTC',2,'255','HTC One',2688,1520,'','0','0','0','72','72'),(34,'2014-01-29 10:46:14',NULL,NULL,NULL,NULL,NULL,NULL,NULL,NULL,NULL,NULL,'302',0,'N',0,'E',NULL,NULL,NULL,NULL,'','',NULL,'',NULL,NULL,NULL,NULL,NULL,NULL,NULL,NULL,NULL,NULL,NULL,NULL,NULL,NULL,NULL,NULL,NULL,'','HTC',NULL,NULL,'HTC One',2688,1520,'','','','','',''),(35,'2014-05-31 12:30:39','2014-05-31 12:30:39','2014-05-31 12:30:39','0220',0,2.2,0,3.5,14,'0','2014-05-31 08:00:00','720',30.254228583333333,'N',120.13376616666667,'E',NULL,NULL,'58',NULL,'','',1,'0',0.00088,NULL,NULL,NULL,NULL,NULL,NULL,NULL,NULL,NULL,NULL,NULL,NULL,NULL,NULL,NULL,NULL,'255','HUAWEI                         ',NULL,'2','HUAWEI G750-T01                ',3120,4160,'','','','0','72','72'),(36,'2014-05-31 12:30:39','2014-05-31 12:30:39','2014-05-31 12:30:39','0220',0,2.2,0,3.5,14,'0','2014-05-31 08:00:00','720',30.254228583333333,'N',120.13376616666667,'E',NULL,NULL,'58',NULL,'','',1,'0',0.00088,NULL,NULL,NULL,NULL,NULL,NULL,NULL,NULL,NULL,NULL,NULL,NULL,NULL,NULL,NULL,NULL,'255','HUAWEI                         ',NULL,'2','HUAWEI G750-T01                ',3120,4160,'','','','0','72','72'),(37,'2014-05-31 13:50:34','2014-05-31 13:50:34','2014-05-31 13:50:34','0220',0,2.2,0,3.5,8,'0','2014-05-31 08:00:00','720',30.233015055555555,'N',120.13864133333334,'E',NULL,NULL,'58',NULL,'','',1,'0',0.000616,NULL,NULL,NULL,NULL,NULL,NULL,NULL,NULL,NULL,NULL,NULL,NULL,NULL,NULL,NULL,NULL,'255','HUAWEI                         ',NULL,'2','HUAWEI G750-T01                ',3120,4160,'','','','0','72','72'),(38,'2014-05-31 13:18:30','2014-05-31 13:18:30','2014-05-31 13:18:30','0220',0,2.2,0,3.5,26,'0','2014-05-31 08:00:00','720',30.240409833333334,'N',120.13535308333334,'E',NULL,NULL,'61',NULL,'','',1,'0',0.00022,NULL,NULL,NULL,NULL,NULL,NULL,NULL,NULL,NULL,NULL,NULL,NULL,NULL,NULL,NULL,NULL,'255','HUAWEI                         ',NULL,'2','HUAWEI G750-T01                ',4160,3120,'','','','0','72','72'),(39,'2014-05-31 12:44:51','2014-05-31 12:44:51','2014-05-31 12:44:51','0220',0,2.2,0,3.5,12,'0','2014-05-31 08:00:00','720',30.252902972222223,'N',120.1312713611111,'E',NULL,NULL,'57',NULL,'','',1,'0',0.001914,NULL,NULL,NULL,NULL,NULL,NULL,NULL,NULL,NULL,NULL,NULL,NULL,NULL,NULL,NULL,NULL,'255','HUAWEI                         ',NULL,'2','HUAWEI G750-T01                ',3120,4160,'','','','0','72','72'),(40,'2014-05-31 12:30:33','2014-05-31 12:30:33','2014-05-31 12:30:33','0220',0,2.2,0,3.5,14,'0','2014-05-31 08:00:00','720',30.254228583333333,'N',120.13376616666667,'E',NULL,NULL,'57',NULL,'','',1,'0',0.002706,NULL,NULL,NULL,NULL,NULL,NULL,NULL,NULL,NULL,NULL,NULL,NULL,NULL,NULL,NULL,NULL,'255','HUAWEI                         ',NULL,'2','HUAWEI G750-T01                ',3120,4160,'','','','0','72','72'),(41,'2014-05-31 12:34:15','2014-05-31 12:34:15','2014-05-31 12:34:15','0220',0,2.2,0,3.5,13,'0','2014-05-31 08:00:00','720',30.25408361111111,'N',120.13296508333333,'E',NULL,NULL,'57',NULL,'','',1,'0',0.007172,NULL,NULL,NULL,NULL,NULL,NULL,NULL,NULL,NULL,NULL,NULL,NULL,NULL,NULL,NULL,NULL,'255','HUAWEI                         ',NULL,'2','HUAWEI G750-T01                ',3120,4160,'','','','0','72','72'),(42,'2014-06-01 09:55:09','2014-06-01 09:55:09','2014-06-01 09:55:09','0220',0,2.2,0,3.5,-8,'0','2014-06-01 08:00:00','720',30.26728438888889,'N',120.07035063888888,'E',NULL,NULL,'57',NULL,'','',1,'0',0.006644,NULL,NULL,NULL,NULL,NULL,NULL,NULL,NULL,NULL,NULL,NULL,NULL,NULL,NULL,NULL,NULL,'255','HUAWEI                         ',NULL,'2','HUAWEI G750-T01                ',3120,4160,'','','','0','72','72'),(43,'2014-06-01 12:57:56','2014-06-01 12:57:56','2014-06-01 12:57:56','0220',0,2.2,0,3.5,-4,'0','2014-06-01 08:00:00','720',30.27467536111111,'N',120.06539916666667,'E',NULL,NULL,'66',NULL,'','',1,'0',0.01001,NULL,NULL,NULL,NULL,NULL,NULL,NULL,NULL,NULL,NULL,NULL,NULL,NULL,NULL,NULL,NULL,'255','HUAWEI                         ',NULL,'2','HUAWEI G750-T01                ',3120,4160,'','','','0','72','72'),(44,'2014-01-11 13:32:59','2014-01-11 13:32:59','2014-01-11 13:32:59','0220',0,2,0,3.82,NULL,NULL,NULL,'918',NULL,NULL,NULL,NULL,NULL,NULL,'125',9.321896,'11911560/4085760 (2.915)','0',0,'2',0.000156,28,NULL,NULL,NULL,NULL,NULL,NULL,NULL,NULL,NULL,NULL,NULL,NULL,NULL,NULL,NULL,'0','HTC',2,'255','HTC One',2688,1520,'','0','0','0','72','72'),(45,'2014-01-12 11:42:04','2014-01-12 11:42:04','2014-01-12 11:42:03','0220',0,2,0,3.82,NULL,NULL,NULL,'918',NULL,NULL,NULL,NULL,NULL,NULL,'160',1.965751,'11007456/4085760 (2.694)','0',0,'2',0.02,28,NULL,NULL,NULL,NULL,NULL,NULL,NULL,NULL,NULL,NULL,NULL,NULL,NULL,NULL,NULL,'0','HTC',2,'255','HTC One',1520,2688,'','0','0','0','72','72'),(46,'2014-01-12 11:42:06','2014-01-12 11:42:06','2014-01-12 11:42:06','0220',0,2,0,3.82,NULL,NULL,NULL,'918',NULL,NULL,NULL,NULL,NULL,NULL,'125',1.736932,'10502440/4085760 (2.57)','0',0,'2',0.03,28,NULL,NULL,NULL,NULL,NULL,NULL,NULL,NULL,NULL,NULL,NULL,NULL,NULL,NULL,NULL,'0','HTC',2,'255','HTC One',1520,2688,'','0','0','0','72','72'),(47,'2014-01-12 11:15:08',NULL,NULL,NULL,NULL,NULL,NULL,NULL,2400.899,'0','2014-01-12 08:00:00','194',26.874858833333334,'N',100.23121641666667,'E',NULL,NULL,NULL,NULL,'','',NULL,'',NULL,NULL,NULL,NULL,NULL,NULL,NULL,NULL,NULL,NULL,NULL,NULL,NULL,NULL,NULL,NULL,NULL,'','HTC',NULL,NULL,'HTC One',4398,1068,'','','','','',''),(48,'2014-01-11 07:53:21','2014-01-11 07:53:21','2014-01-11 07:53:21','0220',0,2,0,3.82,2392.399,'0','2014-01-10 08:00:00','918',26.878438944444444,'N',100.23223875000001,'E','ASCII',NULL,'200',0.643823,'6370016/4085760 (1.559)','0',0,'2',0.04,28,NULL,NULL,NULL,NULL,NULL,NULL,NULL,NULL,NULL,NULL,NULL,NULL,NULL,NULL,NULL,'0','HTC',2,'255','HTC One',2688,1520,'','0','0','0','72','72'),(49,'2014-01-11 07:47:52',NULL,NULL,NULL,NULL,NULL,NULL,NULL,2369.699,'0','2014-01-10 08:00:00','194',26.878971083333333,'N',100.23104094444444,'E',NULL,NULL,NULL,NULL,'','',NULL,'',NULL,NULL,NULL,NULL,NULL,NULL,NULL,NULL,NULL,NULL,NULL,NULL,NULL,NULL,NULL,NULL,NULL,'','HTC',NULL,NULL,'HTC One',3712,1074,'','','','','',''),(50,'2014-01-12 11:06:08','2014-01-12 11:06:08','2014-01-12 11:06:07','0220',0,2,0,3.82,NULL,NULL,NULL,'918',NULL,NULL,NULL,NULL,NULL,NULL,'125',5.777574,'7897080/4085760 (1.933)','0',0,'2',0.001822,28,NULL,NULL,NULL,NULL,NULL,NULL,NULL,NULL,NULL,NULL,NULL,NULL,NULL,NULL,NULL,'0','HTC',2,'255','HTC One',1520,2688,'','0','0','0','72','72'),(51,'2014-01-12 13:26:38','2014-01-12 13:26:38','2014-01-12 13:26:38','0220',0,2,0,3.82,2316.6,'0','2014-01-12 08:00:00','918',26.87262913888889,'N',100.23391722222222,'E','ASCII',NULL,'100',6.346142,'7138384/4085760 (1.747)','0',0,'2',0.001536,28,NULL,NULL,NULL,NULL,NULL,NULL,NULL,NULL,NULL,NULL,NULL,NULL,NULL,NULL,NULL,'0','HTC',2,'255','HTC One',1520,2688,'','0','0','0','72','72'),(52,'2013-09-15 15:33:20','2013-09-15 05:56:30','2013-09-15 05:56:30','0220',0,2,0,3.82,916.099,'0','2013-09-14 08:00:00','960',39.8440895,'N',115.64006041666667,'E','ASCII',NULL,'100',5.321894,'5626912/4085760 (1.377)','0',0,'2',0.003125,28,NULL,NULL,NULL,NULL,NULL,NULL,NULL,NULL,NULL,NULL,NULL,NULL,NULL,NULL,NULL,'0','HTC',2,'255','HTC One',2688,1520,'','0','0','0','72','72'),(53,'2013-09-15 15:33:16','2013-09-14 17:21:35','2013-09-14 17:21:35','0220',0,2,0,3.82,1931.8,'0','2013-09-14 08:00:00','960',39.85845947222222,'N',115.6145935,'E','ASCII',NULL,'125',7.65893,'7954488/4085760 (1.947)','0',0,'2',0.000494,28,NULL,NULL,NULL,NULL,NULL,NULL,NULL,NULL,NULL,NULL,NULL,NULL,NULL,NULL,NULL,'0','HTC',2,'255','HTC One',2688,1520,'','0','0','0','72','72'),(54,'2013-09-15 15:33:20','2013-09-15 06:14:22','2013-09-15 06:14:22','0220',0,2,0,3.82,933.299,'0','2013-09-14 08:00:00','960',39.844223,'N',115.63964841666667,'E','ASCII',NULL,'125',8.584929,'7075856/4085760 (1.732)','0',0,'2',0.00026,28,NULL,NULL,NULL,NULL,NULL,NULL,NULL,NULL,NULL,NULL,NULL,NULL,NULL,NULL,NULL,'0','HTC',2,'255','HTC One',2688,1520,'','0','0','0','72','72'),(55,'2013-09-15 15:33:17','2013-09-14 17:53:32','2013-09-14 17:53:32','0220',0,2,0,3.82,NULL,NULL,NULL,NULL,NULL,NULL,NULL,NULL,NULL,NULL,'125',3.584929,'11068976/4085760 (2.709)','0',0,'2',0.008333,28,NULL,NULL,NULL,NULL,NULL,NULL,NULL,NULL,NULL,NULL,NULL,NULL,NULL,NULL,NULL,'0','HTC',2,'255','HTC One',2688,1520,'','0','0','0','72','72'),(56,'2013-09-15 15:33:24','2013-09-15 06:22:24','2013-09-15 06:22:24','0220',0,2,0,3.82,808.599,'0','2013-09-14 08:00:00','960',39.84501647222223,'N',115.63942716666668,'E','ASCII',NULL,'125',1.736932,'12259968/4085760 (3.001)','0',0,'2',0.03,28,NULL,NULL,NULL,NULL,NULL,NULL,NULL,NULL,NULL,NULL,NULL,NULL,NULL,NULL,NULL,'0','HTC',2,'255','HTC One',2688,1520,'','0','0','0','72','72'),(57,'2013-09-15 15:33:25','2013-09-15 06:22:31','2013-09-15 06:22:31','0220',0,2,0,3.82,808.599,'0','2013-09-14 08:00:00','960',39.84501647222223,'N',115.63942716666668,'E','ASCII',NULL,'125',3.407011,'9407784/4085760 (2.303)','0',0,'2',0.009427,28,NULL,NULL,NULL,NULL,NULL,NULL,NULL,NULL,NULL,NULL,NULL,NULL,NULL,NULL,NULL,'0','HTC',2,'255','HTC One',2688,1520,'','0','0','0','72','72'),(58,'2013-09-15 15:33:30','2013-09-15 09:18:19','2013-09-15 09:18:19','0220',0,2,0,3.82,31.399,'0','2013-09-15 08:00:00','960',39.68923566666666,'N',115.927124,'E','ASCII',NULL,'125',9.58493,'14958792/4085760 (3.661)','0',0,'2',0.00013,28,NULL,NULL,NULL,NULL,NULL,NULL,NULL,NULL,NULL,NULL,NULL,NULL,NULL,NULL,NULL,'0','HTC',2,'255','HTC One',1520,2688,'','0','0','0','72','72'),(59,'2013-09-15 15:33:32','2013-09-15 09:18:51','2013-09-15 09:18:51','0220',0,2,0,3.82,45.799,'0','2013-09-15 08:00:00','960',39.68881986111111,'N',115.92741391666667,'E','ASCII',NULL,'125',10.321895,'13624712/4085760 (3.335)','0',0,'2',0.000078,28,NULL,NULL,NULL,NULL,NULL,NULL,NULL,NULL,NULL,NULL,NULL,NULL,NULL,NULL,NULL,'0','HTC',2,'255','HTC One',1520,2688,'','0','0','0','72','72'),(60,'2013-09-15 15:33:40','2013-09-15 09:34:50','2013-09-15 09:34:50','0220',0,2,0,3.82,0,'0','2013-09-15 08:00:00','960',39.68766783333333,'N',115.93087005555556,'E','ASCII',NULL,'125',9.321896,'14376144/4085760 (3.519)','0',0,'2',0.000156,28,NULL,NULL,NULL,NULL,NULL,NULL,NULL,NULL,NULL,NULL,NULL,NULL,NULL,NULL,NULL,'0','HTC',2,'255','HTC One',1520,2688,'','0','0','0','72','72'),(61,'2013-09-15 15:32:41','2013-09-14 10:29:10','2013-09-14 10:29:10','0220',0,2,0,3.82,409.399,'0','2013-09-14 08:00:00','960',39.97674558333333,'N',115.69856261111111,'E','ASCII',NULL,'125',9.906857,'8808600/4085760 (2.156)','0',0,'2',0.000104,28,NULL,NULL,NULL,NULL,NULL,NULL,NULL,NULL,NULL,NULL,NULL,NULL,NULL,NULL,NULL,'0','HTC',2,'255','HTC One',1520,2688,'','0','0','0','72','72'),(62,'2013-09-15 15:32:42','2013-09-14 14:16:17','2013-09-14 14:16:17','0220',0,2,0,3.82,1136.9,'0','2013-09-14 08:00:00','960',39.82597730555556,'N',115.59652708333333,'E','ASCII',NULL,'125',7.447426,'20117448/4085760 (4.924)','0',0,'2',0.000572,28,NULL,NULL,NULL,NULL,NULL,NULL,NULL,NULL,NULL,NULL,NULL,NULL,NULL,NULL,NULL,'0','HTC',2,'255','HTC One',2688,1520,'','0','0','0','72','72'),(63,NULL,'2002-12-08 12:00:00','2014-04-10 12:04:15','0220',NULL,NULL,0,3.69,NULL,NULL,NULL,'388',NULL,NULL,NULL,NULL,NULL,NULL,'100',NULL,'','',NULL,'',0.01506,NULL,NULL,NULL,NULL,NULL,NULL,NULL,NULL,NULL,NULL,NULL,NULL,NULL,NULL,NULL,NULL,'','Xiaomi',NULL,NULL,'MiOne',3200,1800,'','','','','72','72'),(64,'2013-09-15 15:44:37',NULL,'2013-08-31 14:06:25','0220',NULL,NULL,NULL,NULL,644.7,'0','2013-08-31 08:00:00','376',40.552776333333334,'N',116.68827055555556,'E',NULL,NULL,NULL,NULL,'','',NULL,'',NULL,NULL,NULL,NULL,NULL,NULL,NULL,NULL,NULL,NULL,NULL,NULL,NULL,NULL,NULL,NULL,NULL,'','HTC',NULL,NULL,'HTC One',6052,1088,'','','','','',''),(65,'2013-09-15 15:44:49','2013-08-31 15:09:25','2013-08-31 15:09:25','0220',0,2,0,3.82,1021.5,'0','2013-08-31 08:00:00','960',40.56087491666666,'N',116.69763944444445,'E','ASCII',NULL,'125',9.099503,'7107912/4085760 (1.74)','0',0,'2',0.000182,28,NULL,NULL,NULL,NULL,NULL,NULL,NULL,NULL,NULL,NULL,NULL,NULL,NULL,NULL,NULL,'0','HTC',2,'255','HTC One',2688,1520,'','0','0','0','72','72'),(66,'2013-09-15 15:44:49','2013-08-31 14:54:17','2013-08-31 14:54:17','0220',0,2,0,3.82,918.4,'0','2013-08-31 08:00:00','960',40.55885694444444,'N',116.69582366666667,'E','ASCII',NULL,'125',9.099503,'10558632/4085760 (2.584)','0',0,'2',0.000182,28,NULL,NULL,NULL,NULL,NULL,NULL,NULL,NULL,NULL,NULL,NULL,NULL,NULL,NULL,NULL,'0','HTC',2,'255','HTC One',1520,2688,'','0','0','0','72','72'),(67,'2013-09-15 15:44:53','2013-08-31 15:20:16','2013-08-31 15:20:16','0220',0,2,0,3.82,NULL,NULL,NULL,NULL,NULL,NULL,NULL,NULL,NULL,NULL,'160',10.550715,'9270944/4085760 (2.269)','0',0,'2',0.000052,28,NULL,NULL,NULL,NULL,NULL,NULL,NULL,NULL,NULL,NULL,NULL,NULL,NULL,NULL,NULL,'0','HTC',2,'255','HTC One',2688,1520,'','0','0','0','72','72'),(68,'2013-09-15 15:44:58',NULL,'2013-08-31 15:48:26','0220',NULL,NULL,NULL,NULL,NULL,NULL,NULL,NULL,NULL,NULL,NULL,NULL,NULL,NULL,NULL,NULL,'','',NULL,'',NULL,NULL,NULL,NULL,NULL,NULL,NULL,NULL,NULL,NULL,NULL,NULL,NULL,NULL,NULL,NULL,NULL,'','HTC',NULL,NULL,'HTC One',4636,1116,'','','','','',''),(69,'2013-09-15 15:44:54',NULL,'2013-08-31 15:20:43','0220',NULL,NULL,NULL,NULL,1090.199,'0','2013-08-31 08:00:00','376',40.55920408333333,'N',116.69837186111111,'E',NULL,NULL,NULL,NULL,'','',NULL,'',NULL,NULL,NULL,NULL,NULL,NULL,NULL,NULL,NULL,NULL,NULL,NULL,NULL,NULL,NULL,NULL,NULL,'','HTC',NULL,NULL,'HTC One',4480,1014,'','','','','',''),(70,'2013-09-15 15:45:05',NULL,'2013-08-31 16:20:46','0220',NULL,NULL,NULL,NULL,NULL,NULL,NULL,NULL,NULL,NULL,NULL,NULL,NULL,NULL,NULL,NULL,'','',NULL,'',NULL,NULL,NULL,NULL,NULL,NULL,NULL,NULL,NULL,NULL,NULL,NULL,NULL,NULL,NULL,NULL,NULL,'','HTC',NULL,NULL,'HTC One',4948,1086,'','','','','',''),(78,NULL,NULL,NULL,NULL,NULL,NULL,NULL,NULL,NULL,NULL,NULL,NULL,NULL,NULL,NULL,NULL,NULL,NULL,NULL,NULL,NULL,NULL,NULL,NULL,NULL,NULL,NULL,NULL,NULL,NULL,NULL,NULL,NULL,NULL,NULL,NULL,NULL,NULL,NULL,NULL,NULL,NULL,NULL,NULL,NULL,NULL,4849,1755,NULL,NULL,NULL,NULL,NULL,NULL),(79,NULL,NULL,NULL,NULL,NULL,NULL,NULL,NULL,NULL,NULL,NULL,NULL,NULL,NULL,NULL,NULL,NULL,NULL,NULL,NULL,NULL,NULL,NULL,NULL,NULL,NULL,NULL,NULL,NULL,NULL,NULL,NULL,NULL,NULL,NULL,NULL,NULL,NULL,NULL,NULL,NULL,NULL,NULL,NULL,NULL,NULL,NULL,NULL,NULL,NULL,NULL,NULL,NULL,NULL),(80,'2014-05-03 19:55:45','2014-05-03 15:57:56','2014-05-03 15:57:56','0230',0,5,16,50,NULL,NULL,NULL,'1016',NULL,NULL,NULL,NULL,NULL,NULL,'400',NULL,'4','0',1,'1',0.0008,75,NULL,NULL,NULL,NULL,NULL,NULL,NULL,NULL,NULL,NULL,NULL,NULL,NULL,NULL,NULL,'0','NIKON CORPORATION',1,'3','NIKON D7000',1487,1487,'','0','0','0','300','300'),(81,'2014-06-27 19:07:59','2014-06-27 19:07:59','2014-06-27 19:07:59','0221',NULL,2.8,24,3.85,16.791545189504372,'0',NULL,'1054',31.281975,'N',121.46180833333334,'E',NULL,NULL,'80',3.5483253588516748,'','',NULL,'2',0.03333333333333333,35,NULL,NULL,NULL,NULL,NULL,NULL,NULL,NULL,NULL,NULL,NULL,NULL,NULL,NULL,NULL,'','Apple',NULL,'3','iPhone 4',2592,1936,'','','','0','72','72'),(82,'2014-02-15 13:44:50',NULL,NULL,NULL,NULL,NULL,NULL,NULL,1918.8,'0','2014-02-15 08:00:00','194',25.92402838888889,'N',100.10691833333333,'E',NULL,NULL,NULL,NULL,'','',NULL,'',NULL,NULL,NULL,NULL,NULL,NULL,NULL,NULL,NULL,NULL,NULL,NULL,NULL,NULL,NULL,NULL,NULL,'','HTC',NULL,NULL,'HTC One',2664,1110,'','','','','',''),(83,'2014-06-30 14:25:08','2014-06-30 14:25:08','2014-06-30 14:25:08',NULL,NULL,NULL,NULL,NULL,NULL,NULL,NULL,'212',31.240344444444446,'N',121.41129166666667,'E',NULL,NULL,NULL,NULL,'','',NULL,'',NULL,NULL,NULL,NULL,NULL,NULL,NULL,NULL,NULL,NULL,NULL,NULL,NULL,NULL,NULL,NULL,NULL,'',NULL,NULL,NULL,NULL,4096,1615,'','','','','',''),(88,'2014-02-15 13:24:17','2014-02-15 13:24:17','2014-02-15 13:24:17','0220',0,2,0,3.82,1941.5,'0','2014-02-15 08:00:00','918',25.926589944444444,'N',100.10533141666666,'E','ASCII',NULL,'125',8.584929,'10703104/4085760 (2.62)','0',0,'2',0.00026,28,NULL,NULL,NULL,NULL,NULL,NULL,NULL,NULL,NULL,NULL,NULL,NULL,NULL,NULL,NULL,'0','HTC',2,'255','HTC One',2688,1520,'','0','0','0','72','72'),(89,'2014-07-01 11:24:50',NULL,NULL,NULL,NULL,NULL,NULL,NULL,0,'0','2014-07-01 08:00:00','342',22.684005722222224,'N',113.52578733333333,'E',NULL,NULL,NULL,NULL,'','',NULL,'',NULL,NULL,NULL,NULL,NULL,NULL,NULL,NULL,NULL,NULL,NULL,NULL,NULL,NULL,NULL,NULL,NULL,'','HTC',NULL,NULL,'HTC One',56,100,'','','','','',''),(90,'2014-07-01 12:52:50',NULL,NULL,NULL,NULL,NULL,NULL,NULL,0,'0','2014-07-01 08:00:00','342',22.684013361111113,'N',113.52577972222223,'E',NULL,NULL,NULL,NULL,'','',NULL,'',NULL,NULL,NULL,NULL,NULL,NULL,NULL,NULL,NULL,NULL,NULL,NULL,NULL,NULL,NULL,NULL,NULL,'','HTC',NULL,NULL,'HTC One',1520,2688,'','','','','',''),(91,'2014-07-05 18:26:01','2014-07-05 18:26:01','2014-07-05 18:26:01','0221',NULL,2.8,24,3.85,131.32804232804233,'0',NULL,'1054',31.27601111111111,'N',121.44811944444444,'E',NULL,NULL,'125',1.949748743718593,'','',NULL,'2',0.058823529411764705,35,NULL,NULL,NULL,NULL,NULL,NULL,NULL,NULL,NULL,NULL,NULL,NULL,NULL,NULL,NULL,'','Apple',NULL,'5','iPhone 4',2592,1936,'','','','0','72','72'),(92,'2014-07-06 20:25:42','2014-07-06 20:25:42','2014-07-06 20:25:42','0221',NULL,2.8,24,3.85,18.099025974025974,'0',NULL,'1054',31.142647222222223,'N',121.40596111111111,'E',NULL,NULL,'1000',-1.7892209178228389,'','',NULL,'2',0.06666666666666667,35,NULL,NULL,NULL,NULL,NULL,NULL,NULL,NULL,NULL,NULL,NULL,NULL,NULL,NULL,NULL,'','Apple',NULL,'5','iPhone 4',1936,2592,'','','','0','72','72');
/*!40000 ALTER TABLE `photo_details` ENABLE KEYS */;
UNLOCK TABLES;

--
-- Table structure for table `photo_gps`
--

DROP TABLE IF EXISTS `photo_gps`;
/*!40101 SET @saved_cs_client     = @@character_set_client */;
/*!40101 SET character_set_client = utf8 */;
CREATE TABLE `photo_gps` (
  `vendor` varchar(255) NOT NULL,
  `photo_id` bigint(20) NOT NULL,
  `address` varchar(255) DEFAULT NULL,
  `alt` double DEFAULT NULL,
  `lat` double DEFAULT NULL,
  `lng` double DEFAULT NULL,
  PRIMARY KEY (`vendor`,`photo_id`)
) ENGINE=InnoDB DEFAULT CHARSET=utf8;
/*!40101 SET character_set_client = @saved_cs_client */;

--
-- Dumping data for table `photo_gps`
--

LOCK TABLES `photo_gps` WRITE;
/*!40000 ALTER TABLE `photo_gps` DISABLE KEYS */;
INSERT INTO `photo_gps` VALUES ('gaode',1,'广东省广州市南沙区万顷沙镇珠江一路29号',NULL,22.701470442884364,113.54527518935443),('gaode',2,'上海市闵行区新虹街道王河桥',NULL,31.19205788983538,121.3282815944852),('gaode',3,'广东省广州市番禺区石壁街道广州南站',NULL,22.989211539798994,113.27021805206087),('gaode',4,'广东省深圳市南山区南头街道南光路264号',NULL,22.532505938952127,113.92857801014571),('gaode',5,'广东省深圳市南山区南头街道南光路264号',NULL,22.53250636224272,113.92858013658145),('gaode',6,'广东省深圳市南山区粤海街道大族科技中心',NULL,22.540483305983383,113.93508266188381),('gaode',7,'广东省深圳市南山区粤海街道大族科技中心',NULL,22.540487424244066,113.93507823788417),('gaode',8,'广东省深圳市南山区粤海街道万利达科技大厦',NULL,22.540498390840096,113.93338949049385),('gaode',9,'广东省深圳市南山区桃源街道大学城',NULL,22.582396508473586,113.9641469398084),('gaode',10,'广东省南山区深圳市粤海街道腾讯大厦',NULL,22.540657391394863,113.9344149968968),('gaode',11,'广东省深圳市南山区粤海街道大族科技中心',NULL,22.540838911893406,113.93540581628984),('gaode',12,'广东省南山区深圳市南头街道荔香公园',NULL,22.5357786115638,113.92757581634412),('gaode',13,'广东省番禺区广州市石壁街道广州南站',NULL,22.988501,113.270116),('gaode',14,'广东省广州市海珠区南洲街道南洲路29号',NULL,23.064536274435465,113.2999201440619),('gaode',15,'广东省南山区深圳市粤海街道腾讯大厦',NULL,22.540833946535876,113.93540242448393),('gaode',16,'广东省深圳市福田区华富街道设计之都7号设计楼',NULL,22.543788356954725,114.0754500111354),('gaode',17,'广东省深圳市南山区粤海街道科艺路1号',NULL,22.539727343156912,113.93906931577759),('gaode',18,'广东省深圳市南山区粤海街道科艺路1号',NULL,22.539731849434013,113.9390636006849),('gaode',19,'广东省深圳市南山区粤海街道科艺路1号',NULL,22.539728050650496,113.93905093888341),('gaode',20,'广东省深圳市宝安区西乡街道',NULL,22.62367951781966,113.81354885322502),('gaode',21,'广东省深圳市宝安区西乡街道',NULL,22.623980040497553,113.81368284057717),('gaode',22,'广东省南山区深圳市南头街道荔香公园',NULL,22.535837,113.927461),('gaode',23,'广东省广州市番禺区石壁街道72街(广州南站分店)',NULL,22.989291,113.270288),('gaode',24,'广东省广州市番禺区石壁街道味千拉面(广州南站分店)',NULL,22.989548,113.270996),('gaode',25,'广东省广州市番禺区石壁街道广州南站',NULL,22.988679,113.269322),('gaode',26,'上海市虹口区凉城新村街道金诚利建材市场',NULL,31.28127570779482,121.46435298271675),('gaode',27,'浙江省杭州市西湖区蒋村街道西溪国家湿地公园',NULL,30.268430165701137,120.07319374001654),('gaode',28,'浙江省杭州市西湖区西湖街道杭州西湖风景名胜区',NULL,30.2096085430077,120.1338346979316),('gaode',29,NULL,NULL,30.26811287165646,120.07450001794328),('gaode',30,'浙江省杭州市西湖区西湖街道杭州西湖风景名胜区',NULL,30.20965512771744,120.13389649385466),('gaode',31,'浙江省杭州市西湖区西湖街道杭州西湖风景名胜区',NULL,30.209660849337425,120.13413536413685),('gaode',32,'浙江省杭州市西湖区蒋村街道西溪国家湿地公园',NULL,30.272868221553484,120.07423371907737),('gaode',33,'浙江省杭州市西湖区蒋村街道西溪国家湿地公园',NULL,30.272869016019456,120.07423458049097),('gaode',35,'浙江省杭州市西湖区北山街道杭州西湖风景名胜区',NULL,30.251937592556306,120.13851677543974),('gaode',36,'浙江省杭州市西湖区北山街道杭州西湖风景名胜区',NULL,30.251940450654025,120.13852321303025),('gaode',37,'浙江省杭州市西湖区北山街道杭州西湖风景名胜区',NULL,30.230709960684305,120.14337840254463),('gaode',38,'浙江省杭州市西湖区北山街道西湖',NULL,30.238114123035036,120.14010764406622),('gaode',39,'浙江省杭州市西湖区北山街道西湖',NULL,30.25061447039148,120.13602775874266),('gaode',40,'浙江省杭州市西湖区北山街道杭州西湖风景名胜区',NULL,30.251939462792862,120.13852463744362),('gaode',41,'浙江省杭州市西湖区北山街道杭州西湖风景名胜区',NULL,30.251787744729562,120.13772175484694),('gaode',42,'浙江省杭州市西湖区蒋村街道西溪国家湿地公园',NULL,30.264996670564315,120.07517276206477),('gaode',43,'浙江省杭州市西湖区蒋村街道西溪国家湿地公园',NULL,30.27238766525237,120.07021908823323),('gaode',44,'云南省丽江市玉龙纳西族自治县白沙乡玉柱擎天风景区',NULL,27.023195,100.213165),('gaode',45,'云南省古城区丽江市大研街道叶子',NULL,26.872765,100.236731),('gaode',46,'云南省丽江市古城区大研街道振兴巷4号',NULL,26.87276,100.236543),('gaode',47,'云南省丽江市古城区大研街道丽江纳西东巴文化传承展示基地',NULL,26.87131940715773,100.23235063573617),('gaode',48,'云南省丽江市古城区大研街道新华街13号',NULL,26.87489677291933,100.23337085378058),('gaode',49,'云南省丽江市古城区大研街道文昌宫',NULL,26.875182,100.232638),('gaode',50,'云南省丽江市古城区大研街道丽江纳西东巴文化传承展示基地',NULL,26.871129,100.232348),('gaode',51,'云南省丽江市古城区大研街道食全酒美',NULL,26.86908570469333,100.23504903434885),('gaode',52,NULL,NULL,39.84514661667778,115.64614161530424),('gaode',53,'北京市房山区史家营乡百花山',NULL,39.859483676080345,115.62065376965639),('gaode',54,NULL,NULL,39.845275951168,115.64573716257819),('gaode',55,'北京市房山区史家营乡窑神殿',NULL,39.854411,115.621834),('gaode',56,NULL,NULL,39.846069813036294,115.6455087013777),('gaode',57,'北京市房山区史家营乡顺明饭店',NULL,39.84607266663205,115.64551594024303),('gaode',58,NULL,NULL,39.690254606550845,115.93304150865467),('gaode',59,'北京市房山区周口店地区地矿部探矿工程研究所',NULL,39.68984324815779,115.93334155957157),('gaode',60,'北京市房山区周口店地区小肥羊火锅店(周口店)',NULL,39.68869604548772,115.93679144931014),('gaode',61,'北京市门头沟区斋堂镇斋堂城',NULL,39.97791325224198,115.70478684897616),('gaode',62,NULL,NULL,39.82698909369578,115.60257897925057),('gaode',63,'山东省烟台市莱阳市古柳街道莱阳站',NULL,36.92739,120.71022),('gaode',64,'北京市密云县石城镇柳树底下',NULL,40.55408158398907,116.6943338331484),('gaode',65,'北京市密云县石城镇水道沟峪',NULL,40.56219502974722,116.70372843506556),('gaode',66,'北京市密云县石城镇水道沟峪',NULL,40.56017678144767,116.70190626929332),('gaode',67,'北京市密云县石城镇云蒙山',NULL,40.563308,116.701241),('gaode',68,'北京市怀柔区琉璃庙镇无底潭',NULL,40.57211,116.703815),('gaode',69,'北京市密云县石城镇水道沟峪',NULL,40.560529164180075,116.70445917942331),('gaode',70,'北京市怀柔区琉璃庙镇无底潭',NULL,40.57563,116.709995),('gaode',81,'上海市虹口区广中路街道广中路567号',NULL,31.28009251900537,121.46637777460832),('gaode',82,'云南省大理白族自治州大理市洱海管理处',NULL,25.920985470841416,100.10822448152719),('gaode',83,'上海市普陀区长风新村街道长城大厦',NULL,31.238516168626884,121.41594785195122),('gaode',88,'云南省大理白族自治州大理市洱海管理处云洱渔家',NULL,25.923548634889556,100.10663955410766),('gaode',89,'广东省广州市南沙区横沥镇',NULL,22.68109007544965,113.53097668654624),('gaode',90,'广东省广州市南沙区横沥镇五涌桥',NULL,22.685123,113.528724),('gaode',91,'上海市闸北区大宁路街道共和新路1992号',NULL,31.274153593705247,121.45272307200744),('gaode',92,'上海市闵行区梅陇镇虹梅路201号',NULL,31.140772142974782,121.41061078183013),('gps',1,NULL,NULL,22.70442,113.54012388888889),('gps',2,NULL,NULL,31.194006944444446,121.32374777777777),('gps',3,NULL,20.1,22.991939527777777,113.26489255555556),('gps',4,NULL,26.399,22.535545333333335,113.92371366666667),('gps',5,NULL,26.399,22.535545333333335,113.92371366666667),('gps',6,NULL,53.7,22.54351425,113.93021391666667),('gps',7,NULL,53.7,22.54351425,113.93021391666667),('gps',8,NULL,14.399,22.543531416666667,113.92852019444445),('gps',9,NULL,14.3,22.585369083333333,113.9592361388889),('gps',10,NULL,35.7,22.543687805555557,113.92955016666667),('gps',11,NULL,199.3,22.543865194444447,113.93053436111111),('gps',12,NULL,28.5,22.53882216666667,113.92271422222223),('gps',13,NULL,NULL,23.0672,113.29455388888888),('gps',14,NULL,NULL,23.0672,113.29455388888888),('gps',15,NULL,199.3,22.543865194444447,113.93053436111111),('gps',16,NULL,0,22.546482083333334,114.0703201111111),('gps',17,NULL,33.799,22.542753194444447,113.93419644444445),('gps',18,NULL,33.799,22.542753194444447,113.93419644444445),('gps',19,NULL,NULL,22.54275388888889,113.93417777777778),('gps',20,NULL,NULL,22.626590833333335,113.80847194444443),('gps',21,NULL,NULL,22.626890833333334,113.80861194444444),('gps',26,NULL,18.056827820186598,31.283152777777776,121.45977777777777),('gps',27,NULL,9.699,30.270713805555555,120.06837461111111),('gps',28,NULL,46.5,30.211898777777776,120.12907408333332),('gps',29,NULL,4.3,30.270397166666665,120.06967925),('gps',30,NULL,49.299,30.211944555555554,120.12913511111111),('gps',31,NULL,23.299,30.21194647222222,120.12937925),('gps',32,NULL,63,30.275152194444445,120.06941222222221),('gps',33,NULL,63,30.275152194444445,120.06941222222221),('gps',35,NULL,14,30.254228583333333,120.13376616666667),('gps',36,NULL,14,30.254228583333333,120.13376616666667),('gps',37,NULL,8,30.233015055555555,120.13864133333334),('gps',38,NULL,26,30.240409833333334,120.13535308333334),('gps',39,NULL,12,30.252902972222223,120.1312713611111),('gps',40,NULL,14,30.254228583333333,120.13376616666667),('gps',41,NULL,13,30.25408361111111,120.13296508333333),('gps',42,NULL,-8,30.26728438888889,120.07035063888888),('gps',43,NULL,-4,30.27467536111111,120.06539916666667),('gps',47,NULL,2400.899,26.874858833333334,100.23121641666667),('gps',48,NULL,2392.399,26.878438944444444,100.23223875000001),('gps',49,NULL,2369.699,26.878971083333333,100.23104094444444),('gps',51,NULL,2316.6,26.87262913888889,100.23391722222222),('gps',52,NULL,916.099,39.8440895,115.64006041666667),('gps',53,NULL,1931.8,39.85845947222222,115.6145935),('gps',54,NULL,933.299,39.844223,115.63964841666667),('gps',56,NULL,808.599,39.84501647222223,115.63942716666668),('gps',57,NULL,808.599,39.84501647222223,115.63942716666668),('gps',58,NULL,31.399,39.68923566666666,115.927124),('gps',59,NULL,45.799,39.68881986111111,115.92741391666667),('gps',60,NULL,0,39.68766783333333,115.93087005555556),('gps',61,NULL,409.399,39.97674558333333,115.69856261111111),('gps',62,NULL,1136.9,39.82597730555556,115.59652708333333),('gps',64,NULL,644.7,40.552776333333334,116.68827055555556),('gps',65,NULL,1021.5,40.56087491666666,116.69763944444445),('gps',66,NULL,918.4,40.55885694444444,116.69582366666667),('gps',69,NULL,1090.199,40.55920408333333,116.69837186111111),('gps',81,NULL,16.791545189504372,31.281975,121.46180833333334),('gps',82,NULL,1918.8,25.92402838888889,100.10691833333333),('gps',83,NULL,NULL,31.240344444444446,121.41129166666667),('gps',88,NULL,1941.5,25.926589944444444,100.10533141666666),('gps',89,NULL,0,22.684005722222224,113.52578733333333),('gps',90,NULL,0,22.684013361111113,113.52577972222223),('gps',91,NULL,131.32804232804233,31.27601111111111,121.44811944444444),('gps',92,NULL,18.099025974025974,31.142647222222223,121.40596111111111);
/*!40000 ALTER TABLE `photo_gps` ENABLE KEYS */;
UNLOCK TABLES;

--
-- Table structure for table `photo_latest_index`
--

DROP TABLE IF EXISTS `photo_latest_index`;
/*!40101 SET @saved_cs_client     = @@character_set_client */;
/*!40101 SET character_set_client = utf8 */;
CREATE TABLE `photo_latest_index` (
  `level` int(11) NOT NULL,
  `south` double NOT NULL,
  `west` double NOT NULL,
  `photo_rating` int(11) DEFAULT NULL,
  `rating` int(11) DEFAULT NULL,
  `photo_id` bigint(20) DEFAULT NULL,
  PRIMARY KEY (`level`,`south`,`west`),
  KEY `FKE0BC6707194EAB84` (`photo_id`),
  CONSTRAINT `FKE0BC6707194EAB84` FOREIGN KEY (`photo_id`) REFERENCES `photo` (`id`)
) ENGINE=InnoDB DEFAULT CHARSET=utf8;
/*!40101 SET character_set_client = @saved_cs_client */;

--
-- Dumping data for table `photo_latest_index`
--

LOCK TABLES `photo_latest_index` WRITE;
/*!40000 ALTER TABLE `photo_latest_index` DISABLE KEYS */;
INSERT INTO `photo_latest_index` VALUES (1,20,100,1000000,2250000,50),(1,20,120,1000000,1000000,63),(1,40,100,1000000,3000000,64),(2,20,100,1000000,5000000,50),(2,20,110,250000,250000,1),(2,30,110,1000000,3000000,62),(2,30,120,1000000,1500000,63),(2,40,110,1000000,3000000,64),(3,20,110,250000,250000,1),(3,25,100,1000000,5000000,50),(3,30,120,500000,500000,28),(3,35,115,1000000,3000000,62),(3,35,120,1000000,1000000,63),(3,40,115,1000000,3000000,64),(4,22.5,112.5,250000,500000,1),(4,25,100,1000000,5000000,50),(4,30,120,500000,1250000,28),(4,35,120,1000000,1000000,63),(4,37.5,115,1000000,3000000,62),(4,40,115,1000000,3000000,64),(5,22.5,112.5,250000,250000,1),(5,22.5,113.75,250000,250000,20),(5,26.25,100,1000000,5000000,50),(5,30,120,500000,3000000,28),(5,30,121.25,250000,250000,2),(5,31.25,121.25,500000,500000,26),(5,36.25,120,1000000,1000000,63),(5,38.75,115,1000000,3000000,62),(5,40,116.25,1000000,3000000,64),(6,22.5,113.125,250000,500000,1),(6,22.5,113.75,250000,500000,20),(6,26.25,100,1000000,4000000,50),(6,26.875,100,1000000,2000000,49),(6,30,120,500000,3000000,28),(6,30.625,121.25,250000,250000,2),(6,31.25,121.25,500000,500000,26),(6,36.875,120.625,1000000,1000000,63),(6,39.375,115,1000000,2000000,62),(6,39.375,115.625,1000000,4000000,59),(6,40,116.25,1000000,3000000,64),(7,22.5,113.4375,250000,250000,1),(7,22.5,113.75,250000,500000,20),(7,22.5,114.0625,250000,250000,16),(7,22.8125,113.125,250000,500000,25),(7,26.5625,100,1000000,4000000,50),(7,26.875,100,1000000,2000000,49),(7,30,120,500000,3000000,28),(7,30.9375,121.25,250000,250000,2),(7,31.25,121.25,500000,500000,26),(7,36.875,120.625,1000000,1000000,63),(7,39.6875,115.3125,1000000,2000000,62),(7,39.6875,115.625,1000000,4000000,59),(7,40.3125,116.5625,1000000,3000000,64),(8,22.5,113.75,250000,250000,20),(8,22.5,113.90625,250000,500000,4),(8,22.5,114.0625,250000,250000,16),(8,22.65625,113.4375,250000,250000,1),(8,22.96875,113.125,250000,250000,25),(8,22.96875,113.28125,250000,250000,14),(8,26.71875,100.15625,1000000,4000000,50),(8,26.875,100.15625,1000000,2000000,49),(8,30.15625,120,500000,3000000,28),(8,31.09375,121.25,250000,250000,2),(8,31.25,121.40625,500000,500000,26),(8,36.875,120.625,1000000,1000000,63),(8,39.6875,115.46875,1000000,1000000,62),(8,39.6875,115.78125,1000000,3000000,59),(8,39.84375,115.46875,1000000,2000000,55),(8,39.84375,115.625,1000000,4000000,54),(8,40.46875,116.5625,1000000,3000000,64),(9,22.5,113.90625,250000,500000,4),(9,22.5,114.0625,250000,250000,16),(9,22.578125,113.75,250000,250000,20),(9,22.578125,113.90625,250000,250000,9),(9,22.65625,113.515625,250000,250000,1),(9,22.96875,113.203125,250000,250000,25),(9,23.046875,113.28125,250000,250000,14),(9,26.796875,100.15625,1000000,3000000,50),(9,26.796875,100.234375,1000000,2000000,51),(9,26.875,100.15625,1000000,1000000,49),(9,26.953125,100.15625,1000000,1000000,44),(9,30.15625,120.078125,500000,2000000,28),(9,30.234375,120,500000,2000000,27),(9,30.234375,120.078125,500000,1000000,39),(9,31.171875,121.328125,250000,250000,2),(9,31.25,121.40625,500000,500000,26),(9,36.875,120.703125,1000000,1000000,63),(9,39.6875,115.859375,1000000,3000000,59),(9,39.765625,115.546875,1000000,1000000,62),(9,39.84375,115.546875,1000000,2000000,55),(9,39.84375,115.625,1000000,3000000,54),(9,39.921875,115.703125,1000000,1000000,61),(9,40.546875,116.640625,1000000,3000000,64),(10,22.5,113.90625,250000,250000,4),(10,22.5390625,113.90625,250000,250000,8),(10,22.5390625,114.0625,250000,250000,16),(10,22.578125,113.9453125,250000,250000,9),(10,22.6171875,113.7890625,250000,250000,20),(10,22.6953125,113.515625,250000,250000,1),(10,22.96875,113.2421875,250000,250000,25),(10,23.046875,113.28125,250000,250000,14),(10,26.8359375,100.1953125,1000000,3000000,50),(10,26.8359375,100.234375,1000000,2000000,51),(10,26.875,100.1953125,1000000,1000000,49),(10,26.9921875,100.1953125,1000000,1000000,44),(10,30.1953125,120.1171875,500000,2000000,28),(10,30.234375,120.0390625,500000,2000000,27),(10,30.234375,120.1171875,500000,1000000,39),(10,31.171875,121.328125,250000,250000,2),(10,31.25,121.4453125,500000,500000,26),(10,36.9140625,120.703125,1000000,1000000,63),(10,39.6875,115.8984375,1000000,3000000,59),(10,39.8046875,115.5859375,1000000,1000000,62),(10,39.84375,115.5859375,1000000,2000000,55),(10,39.84375,115.625,1000000,3000000,54),(10,39.9609375,115.703125,1000000,1000000,61),(10,40.546875,116.6796875,1000000,3000000,64),(11,22.51953125,113.92578125,250000,250000,4),(11,22.5390625,113.92578125,250000,500000,8),(11,22.5390625,114.0625,250000,250000,16),(11,22.578125,113.9453125,250000,250000,9),(11,22.6171875,113.80859375,250000,250000,20),(11,22.6953125,113.53515625,250000,250000,1),(11,22.98828125,113.26171875,250000,250000,25),(11,23.046875,113.28125,250000,250000,14),(11,26.85546875,100.21484375,1000000,3000000,50),(11,26.85546875,100.234375,1000000,2000000,51),(11,26.875,100.21484375,1000000,1000000,49),(11,27.01171875,100.1953125,1000000,1000000,44),(11,30.1953125,120.1171875,500000,1500000,28),(11,30.21484375,120.13671875,500000,500000,37),(11,30.234375,120.1171875,500000,500000,39),(11,30.234375,120.13671875,500000,1000000,38),(11,30.25390625,120.05859375,500000,2000000,27),(11,31.19140625,121.328125,250000,250000,2),(11,31.26953125,121.4453125,500000,500000,26),(11,36.9140625,120.703125,1000000,1000000,63),(11,39.6875,115.91796875,1000000,3000000,59),(11,39.82421875,115.5859375,1000000,1000000,62),(11,39.84375,115.60546875,1000000,2000000,55),(11,39.84375,115.64453125,1000000,3000000,54),(11,39.9609375,115.703125,1000000,1000000,61),(11,40.546875,116.6796875,1000000,1000000,64),(11,40.546875,116.69921875,1000000,3000000,66),(11,40.56640625,116.69921875,1000000,2000000,68),(12,22.529296875,113.92578125,250000,500000,4),(12,22.5390625,113.92578125,250000,250000,8),(12,22.5390625,113.935546875,250000,250000,19),(12,22.5390625,114.072265625,250000,250000,16),(12,22.578125,113.955078125,250000,250000,9),(12,22.6171875,113.80859375,250000,250000,20),(12,22.6953125,113.544921875,250000,250000,1),(12,22.98828125,113.26171875,250000,250000,25),(12,23.056640625,113.291015625,250000,250000,14),(12,26.865234375,100.224609375,1000000,3000000,50),(12,26.865234375,100.234375,1000000,2000000,51),(12,26.875,100.224609375,1000000,1000000,49),(12,27.021484375,100.205078125,1000000,1000000,44),(12,30.205078125,120.126953125,500000,1500000,28),(12,30.224609375,120.13671875,500000,500000,37),(12,30.234375,120.13671875,500000,500000,38),(12,30.244140625,120.126953125,500000,500000,39),(12,30.244140625,120.13671875,500000,1000000,41),(12,30.263671875,120.068359375,500000,2000000,27),(12,31.19140625,121.328125,250000,250000,2),(12,31.279296875,121.455078125,500000,500000,26),(12,36.923828125,120.703125,1000000,1000000,63),(12,39.6875,115.927734375,1000000,3000000,59),(12,39.82421875,115.595703125,1000000,1000000,62),(12,39.84375,115.64453125,1000000,3000000,54),(12,39.853515625,115.615234375,1000000,2000000,55),(12,39.970703125,115.703125,1000000,1000000,61),(12,40.546875,116.689453125,1000000,1000000,64),(12,40.556640625,116.69921875,1000000,3000000,66),(12,40.56640625,116.69921875,1000000,1000000,68),(12,40.56640625,116.708984375,1000000,1000000,70),(13,22.529296875,113.92578125,250000,250000,4),(13,22.5341796875,113.92578125,250000,250000,12),(13,22.5390625,113.9306640625,250000,250000,8),(13,22.5390625,113.935546875,250000,250000,19),(13,22.5390625,114.072265625,250000,250000,16),(13,22.578125,113.9599609375,250000,250000,9),(13,22.6220703125,113.8134765625,250000,250000,20),(13,22.7001953125,113.544921875,250000,250000,1),(13,22.98828125,113.2666015625,250000,250000,25),(13,23.0615234375,113.2958984375,250000,250000,14),(13,26.865234375,100.234375,1000000,1000000,51),(13,26.8701171875,100.2294921875,1000000,3000000,50),(13,26.8701171875,100.234375,1000000,2000000,46),(13,26.875,100.2294921875,1000000,1000000,49),(13,27.021484375,100.2099609375,1000000,1000000,44),(13,30.205078125,120.1318359375,500000,1500000,28),(13,30.2294921875,120.1416015625,500000,500000,37),(13,30.234375,120.13671875,500000,500000,38),(13,30.2490234375,120.1318359375,500000,500000,39),(13,30.2490234375,120.13671875,500000,1000000,41),(13,30.263671875,120.068359375,500000,500000,27),(13,30.263671875,120.0732421875,500000,1000000,42),(13,30.2685546875,120.068359375,500000,500000,43),(13,30.2685546875,120.0732421875,500000,1000000,32),(13,31.19140625,121.328125,250000,250000,2),(13,31.279296875,121.4599609375,500000,500000,26),(13,36.923828125,120.7080078125,1000000,1000000,63),(13,39.6875,115.9326171875,1000000,3000000,59),(13,39.82421875,115.6005859375,1000000,1000000,62),(13,39.84375,115.64453125,1000000,3000000,54),(13,39.853515625,115.6201171875,1000000,1000000,55),(13,39.8583984375,115.6201171875,1000000,1000000,53),(13,39.9755859375,115.703125,1000000,1000000,61),(13,40.5517578125,116.689453125,1000000,1000000,64),(13,40.556640625,116.69921875,1000000,1000000,66),(13,40.556640625,116.7041015625,1000000,1000000,69),(13,40.5615234375,116.69921875,1000000,2000000,67),(13,40.5712890625,116.69921875,1000000,1000000,68),(13,40.5712890625,116.708984375,1000000,1000000,70),(14,22.53173828125,113.92822265625,250000,250000,4),(14,22.5341796875,113.92578125,250000,250000,12),(14,22.5390625,113.93310546875,250000,500000,8),(14,22.5390625,113.93798828125,250000,250000,19),(14,22.54150390625,114.07470703125,250000,250000,16),(14,22.58056640625,113.96240234375,250000,250000,9),(14,22.6220703125,113.8134765625,250000,250000,20),(14,22.7001953125,113.544921875,250000,250000,1),(14,22.98828125,113.26904296875,250000,750000,25),(14,23.06396484375,113.29833984375,250000,250000,14),(14,26.86767578125,100.234375,1000000,1000000,51),(14,26.8701171875,100.23193359375,1000000,2000000,50),(14,26.87255859375,100.23193359375,1000000,1000000,48),(14,26.87255859375,100.234375,1000000,2000000,46),(14,26.875,100.23193359375,1000000,1000000,49),(14,27.021484375,100.21240234375,1000000,1000000,44),(14,30.20751953125,120.1318359375,500000,1500000,28),(14,30.2294921875,120.1416015625,500000,500000,37),(14,30.23681640625,120.13916015625,500000,500000,38),(14,30.2490234375,120.13427734375,500000,500000,39),(14,30.25146484375,120.13671875,500000,1000000,41),(14,30.263671875,120.0732421875,500000,500000,42),(14,30.26611328125,120.07080078125,500000,500000,27),(14,30.26611328125,120.0732421875,500000,500000,29),(14,30.27099609375,120.068359375,500000,500000,43),(14,30.27099609375,120.0732421875,500000,1000000,32),(14,31.19140625,121.328125,250000,250000,2),(14,31.279296875,121.46240234375,500000,500000,26),(14,36.92626953125,120.7080078125,1000000,1000000,63),(14,39.6875,115.9326171875,1000000,1000000,59),(14,39.6875,115.93505859375,1000000,1000000,60),(14,39.68994140625,115.9326171875,1000000,1000000,58),(14,39.82666015625,115.6005859375,1000000,1000000,62),(14,39.84375,115.64453125,1000000,3000000,54),(14,39.853515625,115.6201171875,1000000,1000000,55),(14,39.8583984375,115.6201171875,1000000,1000000,53),(14,39.9755859375,115.703125,1000000,1000000,61),(14,40.5517578125,116.69189453125,1000000,1000000,64),(14,40.55908203125,116.70166015625,1000000,1000000,66),(14,40.55908203125,116.7041015625,1000000,1000000,69),(14,40.5615234375,116.69921875,1000000,1000000,67),(14,40.5615234375,116.70166015625,1000000,1000000,65),(14,40.5712890625,116.70166015625,1000000,1000000,68),(14,40.57373046875,116.708984375,1000000,1000000,70),(15,22.53173828125,113.92822265625,250000,250000,4),(15,22.535400390625,113.927001953125,250000,250000,12),(15,22.5390625,113.93798828125,250000,250000,19),(15,22.540283203125,113.93310546875,250000,250000,8),(15,22.540283203125,113.934326171875,250000,500000,10),(15,22.542724609375,114.07470703125,250000,250000,16),(15,22.581787109375,113.963623046875,250000,250000,9),(15,22.623291015625,113.8134765625,250000,500000,20),(15,22.701416015625,113.544921875,250000,250000,1),(15,22.98828125,113.26904296875,250000,750000,25),(15,22.98828125,113.270263671875,250000,250000,23),(15,22.989501953125,113.270263671875,250000,250000,24),(15,23.06396484375,113.299560546875,250000,250000,14),(15,26.868896484375,100.234375,1000000,1000000,51),(15,26.8701171875,100.23193359375,1000000,2000000,50),(15,26.87255859375,100.235595703125,1000000,2000000,46),(15,26.873779296875,100.233154296875,1000000,1000000,48),(15,26.875,100.23193359375,1000000,1000000,49),(15,27.022705078125,100.21240234375,1000000,1000000,44),(15,30.208740234375,120.133056640625,500000,1500000,28),(15,30.2294921875,120.142822265625,500000,500000,37),(15,30.238037109375,120.13916015625,500000,500000,38),(15,30.250244140625,120.135498046875,500000,500000,39),(15,30.25146484375,120.13671875,500000,500000,41),(15,30.25146484375,120.137939453125,500000,1500000,35),(15,30.264892578125,120.074462890625,500000,500000,42),(15,30.267333984375,120.072021484375,500000,500000,27),(15,30.267333984375,120.074462890625,500000,500000,29),(15,30.272216796875,120.069580078125,500000,500000,43),(15,30.272216796875,120.0732421875,500000,1000000,32),(15,31.19140625,121.328125,250000,250000,2),(15,31.280517578125,121.463623046875,500000,500000,26),(15,36.92626953125,120.709228515625,1000000,1000000,63),(15,39.6875,115.936279296875,1000000,1000000,60),(15,39.688720703125,115.9326171875,1000000,1000000,59),(15,39.68994140625,115.9326171875,1000000,1000000,58),(15,39.82666015625,115.601806640625,1000000,1000000,62),(15,39.844970703125,115.64453125,1000000,2000000,54),(15,39.844970703125,115.645751953125,1000000,1000000,52),(15,39.853515625,115.621337890625,1000000,1000000,55),(15,39.8583984375,115.6201171875,1000000,1000000,53),(15,39.976806640625,115.704345703125,1000000,1000000,61),(15,40.552978515625,116.693115234375,1000000,1000000,64),(15,40.55908203125,116.70166015625,1000000,1000000,66),(15,40.560302734375,116.7041015625,1000000,1000000,69),(15,40.5615234375,116.702880859375,1000000,1000000,65),(15,40.562744140625,116.700439453125,1000000,1000000,67),(15,40.5712890625,116.702880859375,1000000,1000000,68),(15,40.574951171875,116.708984375,1000000,1000000,70),(16,22.5323486328125,113.92822265625,250000,250000,4),(16,22.535400390625,113.927001953125,250000,250000,12),(16,22.5396728515625,113.9385986328125,250000,250000,19),(16,22.540283203125,113.93310546875,250000,250000,8),(16,22.540283203125,113.934326171875,250000,250000,10),(16,22.540283203125,113.9349365234375,250000,500000,6),(16,22.5433349609375,114.0753173828125,250000,250000,16),(16,22.581787109375,113.963623046875,250000,250000,9),(16,22.623291015625,113.8134765625,250000,250000,20),(16,22.6239013671875,113.8134765625,250000,250000,21),(16,22.701416015625,113.544921875,250000,250000,1),(16,22.98828125,113.26904296875,250000,250000,25),(16,22.98828125,113.2696533203125,250000,250000,13),(16,22.9888916015625,113.2696533203125,250000,250000,3),(16,22.9888916015625,113.270263671875,250000,250000,23),(16,22.989501953125,113.2708740234375,250000,250000,24),(16,23.06396484375,113.299560546875,250000,250000,14),(16,26.868896484375,100.2349853515625,1000000,1000000,51),(16,26.8707275390625,100.23193359375,1000000,2000000,50),(16,26.87255859375,100.2362060546875,1000000,2000000,46),(16,26.8743896484375,100.233154296875,1000000,1000000,48),(16,26.875,100.2325439453125,1000000,1000000,49),(16,27.022705078125,100.2130126953125,1000000,1000000,44),(16,30.2093505859375,120.1336669921875,500000,1500000,28),(16,30.2301025390625,120.142822265625,500000,500000,37),(16,30.238037109375,120.1397705078125,500000,500000,38),(16,30.250244140625,120.135498046875,500000,500000,39),(16,30.25146484375,120.1373291015625,500000,500000,41),(16,30.25146484375,120.137939453125,500000,1500000,35),(16,30.264892578125,120.0750732421875,500000,500000,42),(16,30.2679443359375,120.0726318359375,500000,500000,27),(16,30.2679443359375,120.074462890625,500000,500000,29),(16,30.272216796875,120.0701904296875,500000,500000,43),(16,30.2728271484375,120.0738525390625,500000,1000000,32),(16,31.1920166015625,121.328125,250000,250000,2),(16,31.2811279296875,121.4642333984375,500000,500000,26),(16,36.9268798828125,120.7098388671875,1000000,1000000,63),(16,39.6881103515625,115.936279296875,1000000,1000000,60),(16,39.6893310546875,115.9332275390625,1000000,1000000,59),(16,39.68994140625,115.9326171875,1000000,1000000,58),(16,39.82666015625,115.6024169921875,1000000,1000000,62),(16,39.844970703125,115.6451416015625,1000000,1000000,54),(16,39.844970703125,115.645751953125,1000000,1000000,52),(16,39.8455810546875,115.6451416015625,1000000,2000000,56),(16,39.8541259765625,115.621337890625,1000000,1000000,55),(16,39.8590087890625,115.6201171875,1000000,1000000,53),(16,39.9774169921875,115.704345703125,1000000,1000000,61),(16,40.5535888671875,116.6937255859375,1000000,1000000,64),(16,40.5596923828125,116.70166015625,1000000,1000000,66),(16,40.560302734375,116.7041015625,1000000,1000000,69),(16,40.5621337890625,116.7034912109375,1000000,1000000,65),(16,40.562744140625,116.7010498046875,1000000,1000000,67),(16,40.5718994140625,116.7034912109375,1000000,1000000,68),(16,40.5755615234375,116.7095947265625,1000000,1000000,70),(17,22.5323486328125,113.92852783203125,250000,250000,4),(17,22.53570556640625,113.92730712890625,250000,250000,12),(17,22.5396728515625,113.93890380859375,250000,500000,19),(17,22.540283203125,113.93310546875,250000,250000,8),(17,22.540283203125,113.9349365234375,250000,250000,6),(17,22.54058837890625,113.934326171875,250000,250000,10),(17,22.54058837890625,113.93524169921875,250000,250000,11),(17,22.54364013671875,114.0753173828125,250000,250000,16),(17,22.58209228515625,113.96392822265625,250000,250000,9),(17,22.62359619140625,113.8134765625,250000,250000,20),(17,22.6239013671875,113.8134765625,250000,250000,21),(17,22.701416015625,113.54522705078125,250000,250000,1),(17,22.98828125,113.26995849609375,250000,250000,13),(17,22.98858642578125,113.26904296875,250000,250000,25),(17,22.98919677734375,113.26995849609375,250000,250000,3),(17,22.98919677734375,113.270263671875,250000,250000,23),(17,22.989501953125,113.2708740234375,250000,250000,24),(17,23.06427001953125,113.29986572265625,250000,250000,14),(17,26.868896484375,100.2349853515625,1000000,1000000,51),(17,26.87103271484375,100.23223876953125,1000000,2000000,50),(17,26.87255859375,100.23651123046875,1000000,2000000,46),(17,26.87469482421875,100.233154296875,1000000,1000000,48),(17,26.875,100.2325439453125,1000000,1000000,49),(17,27.02301025390625,100.2130126953125,1000000,1000000,44),(17,30.2093505859375,120.1336669921875,500000,1000000,28),(17,30.20965576171875,120.13397216796875,500000,500000,31),(17,30.23040771484375,120.14312744140625,500000,500000,37),(17,30.238037109375,120.14007568359375,500000,500000,38),(17,30.25054931640625,120.13580322265625,500000,500000,39),(17,30.25177001953125,120.13763427734375,500000,500000,41),(17,30.25177001953125,120.13824462890625,500000,1500000,35),(17,30.264892578125,120.0750732421875,500000,500000,42),(17,30.2679443359375,120.074462890625,500000,500000,29),(17,30.26824951171875,120.07293701171875,500000,500000,27),(17,30.272216796875,120.0701904296875,500000,500000,43),(17,30.2728271484375,120.07415771484375,500000,1000000,32),(17,31.1920166015625,121.328125,250000,250000,2),(17,31.2811279296875,121.4642333984375,500000,500000,26),(17,36.92718505859375,120.71014404296875,1000000,1000000,63),(17,39.68841552734375,115.93658447265625,1000000,1000000,60),(17,39.68963623046875,115.9332275390625,1000000,1000000,59),(17,39.69024658203125,115.93292236328125,1000000,1000000,58),(17,39.82696533203125,115.6024169921875,1000000,1000000,62),(17,39.844970703125,115.64605712890625,1000000,1000000,52),(17,39.84527587890625,115.64544677734375,1000000,1000000,54),(17,39.84588623046875,115.64544677734375,1000000,2000000,56),(17,39.8541259765625,115.62164306640625,1000000,1000000,55),(17,39.85931396484375,115.62042236328125,1000000,1000000,53),(17,39.97772216796875,115.70465087890625,1000000,1000000,61),(17,40.55389404296875,116.69403076171875,1000000,1000000,64),(17,40.55999755859375,116.70166015625,1000000,1000000,66),(17,40.560302734375,116.70440673828125,1000000,1000000,69),(17,40.5621337890625,116.7034912109375,1000000,1000000,65),(17,40.56304931640625,116.7010498046875,1000000,1000000,67),(17,40.5718994140625,116.70379638671875,1000000,1000000,68),(17,40.5755615234375,116.70989990234375,1000000,1000000,70),(18,22.532501220703125,113.92852783203125,250000,250000,4),(18,22.53570556640625,113.92745971679688,250000,500000,12),(18,22.5396728515625,113.93890380859375,250000,250000,19),(18,22.5396728515625,113.93905639648438,250000,250000,17),(18,22.540435791015625,113.93325805664062,250000,250000,8),(18,22.540435791015625,113.9349365234375,250000,250000,6),(18,22.54058837890625,113.934326171875,250000,250000,10),(18,22.540740966796875,113.93539428710938,250000,250000,11),(18,22.54364013671875,114.0753173828125,250000,250000,16),(18,22.582244873046875,113.96408081054688,250000,250000,9),(18,22.62359619140625,113.8134765625,250000,250000,20),(18,22.6239013671875,113.81362915039062,250000,250000,21),(18,22.701416015625,113.54522705078125,250000,250000,1),(18,22.988433837890625,113.27011108398438,250000,250000,13),(18,22.98858642578125,113.26919555664062,250000,250000,25),(18,22.98919677734375,113.27011108398438,250000,250000,3),(18,22.98919677734375,113.270263671875,250000,250000,23),(18,22.989501953125,113.2708740234375,250000,250000,24),(18,23.064422607421875,113.29986572265625,250000,250000,14),(18,26.869049072265625,100.2349853515625,1000000,1000000,51),(18,26.87103271484375,100.23223876953125,1000000,1000000,50),(18,26.871185302734375,100.23223876953125,1000000,1000000,47),(18,26.872711181640625,100.23651123046875,1000000,1000000,46),(18,26.872711181640625,100.23666381835938,1000000,1000000,45),(18,26.874847412109375,100.23330688476562,1000000,1000000,48),(18,26.875152587890625,100.2325439453125,1000000,1000000,49),(18,27.023162841796875,100.2130126953125,1000000,1000000,44),(18,30.209503173828125,120.13381958007812,500000,1000000,28),(18,30.20965576171875,120.13412475585938,500000,500000,31),(18,30.230560302734375,120.14328002929688,500000,500000,37),(18,30.238037109375,120.14007568359375,500000,500000,38),(18,30.25054931640625,120.13595581054688,500000,500000,39),(18,30.25177001953125,120.13763427734375,500000,500000,41),(18,30.251922607421875,120.13839721679688,500000,1500000,35),(18,30.264892578125,120.0750732421875,500000,500000,42),(18,30.268096923828125,120.074462890625,500000,500000,29),(18,30.268402099609375,120.07308959960938,500000,500000,27),(18,30.272369384765625,120.0701904296875,500000,500000,43),(18,30.2728271484375,120.07415771484375,500000,1000000,32),(18,31.1920166015625,121.32827758789062,250000,250000,2),(18,31.2811279296875,121.4642333984375,500000,500000,26),(18,36.927337646484375,120.71014404296875,1000000,1000000,63),(18,39.688568115234375,115.93673706054688,1000000,1000000,60),(18,39.689788818359375,115.9332275390625,1000000,1000000,59),(18,39.69024658203125,115.93292236328125,1000000,1000000,58),(18,39.82696533203125,115.60256958007812,1000000,1000000,62),(18,39.845123291015625,115.64605712890625,1000000,1000000,52),(18,39.84527587890625,115.64559936523438,1000000,1000000,54),(18,39.846038818359375,115.64544677734375,1000000,2000000,56),(18,39.854278564453125,115.62179565429688,1000000,1000000,55),(18,39.859466552734375,115.62057495117188,1000000,1000000,53),(18,39.977874755859375,115.70465087890625,1000000,1000000,61),(18,40.554046630859375,116.69418334960938,1000000,1000000,64),(18,40.560150146484375,116.70181274414062,1000000,1000000,66),(18,40.560455322265625,116.70440673828125,1000000,1000000,69),(18,40.5621337890625,116.70364379882812,1000000,1000000,65),(18,40.563201904296875,116.70120239257812,1000000,1000000,67),(18,40.572052001953125,116.70379638671875,1000000,1000000,68),(18,40.5755615234375,116.70989990234375,1000000,1000000,70),(19,22.532501220703125,113.92852783203125,250000,500000,4),(19,22.53570556640625,113.92753601074219,250000,250000,12),(19,22.535781860351562,113.92745971679688,250000,250000,22),(19,22.5396728515625,113.93898010253906,250000,250000,19),(19,22.5396728515625,113.93905639648438,250000,500000,17),(19,22.540435791015625,113.93333435058594,250000,250000,8),(19,22.540435791015625,113.93501281738281,250000,500000,6),(19,22.54058837890625,113.93440246582031,250000,250000,10),(19,22.540817260742188,113.93539428710938,250000,500000,11),(19,22.543716430664062,114.07539367675781,250000,250000,16),(19,22.582321166992188,113.96408081054688,250000,250000,9),(19,22.623672485351562,113.8134765625,250000,250000,20),(19,22.623977661132812,113.81362915039062,250000,250000,21),(19,22.701416015625,113.54522705078125,250000,250000,1),(19,22.988433837890625,113.27011108398438,250000,250000,13),(19,22.988662719726562,113.26927185058594,250000,250000,25),(19,22.98919677734375,113.27018737792969,250000,250000,3),(19,22.989273071289062,113.270263671875,250000,250000,23),(19,22.989501953125,113.27095031738281,250000,250000,24),(19,23.064498901367188,113.29986572265625,250000,250000,14),(19,26.869049072265625,100.2349853515625,1000000,1000000,51),(19,26.871109008789062,100.23231506347656,1000000,1000000,50),(19,26.871261596679688,100.23231506347656,1000000,1000000,47),(19,26.872711181640625,100.23651123046875,1000000,1000000,46),(19,26.872711181640625,100.23666381835938,1000000,1000000,45),(19,26.874847412109375,100.23330688476562,1000000,1000000,48),(19,26.875152587890625,100.23262023925781,1000000,1000000,49),(19,27.023162841796875,100.21308898925781,1000000,1000000,44),(19,30.209579467773438,120.13381958007812,500000,500000,28),(19,30.209579467773438,120.13389587402344,500000,500000,30),(19,30.20965576171875,120.13412475585938,500000,500000,31),(19,30.230636596679688,120.14335632324219,500000,500000,37),(19,30.238113403320312,120.14007568359375,500000,500000,38),(19,30.25054931640625,120.13595581054688,500000,500000,39),(19,30.25177001953125,120.13771057128906,500000,500000,41),(19,30.251922607421875,120.13847351074219,500000,1500000,35),(19,30.264968872070312,120.07514953613281,500000,500000,42),(19,30.268096923828125,120.074462890625,500000,500000,29),(19,30.268402099609375,120.07316589355469,500000,500000,27),(19,30.272369384765625,120.0701904296875,500000,500000,43),(19,30.2728271484375,120.07415771484375,500000,500000,32),(19,30.2728271484375,120.07423400878906,500000,500000,33),(19,31.1920166015625,121.32827758789062,250000,250000,2),(19,31.281204223632812,121.46430969238281,500000,500000,26),(19,36.927337646484375,120.71014404296875,1000000,1000000,63),(19,39.68864440917969,115.93673706054688,1000000,1000000,60),(19,39.689788818359375,115.93330383300781,1000000,1000000,59),(19,39.69024658203125,115.93299865722656,1000000,1000000,58),(19,39.82696533203125,115.60256958007812,1000000,1000000,62),(19,39.845123291015625,115.64613342285156,1000000,1000000,52),(19,39.84527587890625,115.64567565917969,1000000,1000000,54),(19,39.846038818359375,115.64544677734375,1000000,2000000,56),(19,39.85435485839844,115.62179565429688,1000000,1000000,55),(19,39.859466552734375,115.62065124511719,1000000,1000000,53),(19,39.977874755859375,115.70472717285156,1000000,1000000,61),(19,40.554046630859375,116.69425964355469,1000000,1000000,64),(19,40.560150146484375,116.70188903808594,1000000,1000000,66),(19,40.560455322265625,116.70440673828125,1000000,1000000,69),(19,40.5621337890625,116.70372009277344,1000000,1000000,65),(19,40.56327819824219,116.70120239257812,1000000,1000000,67),(19,40.572052001953125,116.70379638671875,1000000,1000000,68),(19,40.5755615234375,116.70997619628906,1000000,1000000,70);
/*!40000 ALTER TABLE `photo_latest_index` ENABLE KEYS */;
UNLOCK TABLES;

--
-- Table structure for table `photo_likes`
--

DROP TABLE IF EXISTS `photo_likes`;
/*!40101 SET @saved_cs_client     = @@character_set_client */;
/*!40101 SET character_set_client = utf8 */;
CREATE TABLE `photo_likes` (
  `photo_id` bigint(20) NOT NULL,
  `likes_id` bigint(20) NOT NULL,
  PRIMARY KEY (`photo_id`,`likes_id`),
  UNIQUE KEY `likes_id` (`likes_id`),
  KEY `FK55ABF76F450B2BCB` (`likes_id`),
  KEY `FK55ABF76F194EAB84` (`photo_id`),
  CONSTRAINT `FK55ABF76F194EAB84` FOREIGN KEY (`photo_id`) REFERENCES `photo` (`id`),
  CONSTRAINT `FK55ABF76F450B2BCB` FOREIGN KEY (`likes_id`) REFERENCES `likes` (`id`)
) ENGINE=InnoDB DEFAULT CHARSET=utf8;
/*!40101 SET character_set_client = @saved_cs_client */;

--
-- Dumping data for table `photo_likes`
--

LOCK TABLES `photo_likes` WRITE;
/*!40000 ALTER TABLE `photo_likes` DISABLE KEYS */;
INSERT INTO `photo_likes` VALUES (2,1),(10,4),(12,6);
/*!40000 ALTER TABLE `photo_likes` ENABLE KEYS */;
UNLOCK TABLES;

--
-- Table structure for table `photo_panoramio`
--

DROP TABLE IF EXISTS `photo_panoramio`;
/*!40101 SET @saved_cs_client     = @@character_set_client */;
/*!40101 SET character_set_client = utf8 */;
CREATE TABLE `photo_panoramio` (
  `photo_id` bigint(20) NOT NULL,
  `address` varchar(255) DEFAULT NULL,
  `alt` double DEFAULT NULL,
  `create_date` datetime DEFAULT NULL,
  `lat` double DEFAULT NULL,
  `lng` double DEFAULT NULL,
  `rating` int(11) DEFAULT NULL,
  `title` varchar(255) DEFAULT NULL,
  `user_id` bigint(20) DEFAULT NULL,
  `username` varchar(255) DEFAULT NULL,
  PRIMARY KEY (`photo_id`)
) ENGINE=InnoDB DEFAULT CHARSET=utf8;
/*!40101 SET character_set_client = @saved_cs_client */;

--
-- Dumping data for table `photo_panoramio`
--

LOCK TABLES `photo_panoramio` WRITE;
/*!40000 ALTER TABLE `photo_panoramio` DISABLE KEYS */;
/*!40000 ALTER TABLE `photo_panoramio` ENABLE KEYS */;
UNLOCK TABLES;

--
-- Table structure for table `photo_panoramio_index`
--

DROP TABLE IF EXISTS `photo_panoramio_index`;
/*!40101 SET @saved_cs_client     = @@character_set_client */;
/*!40101 SET character_set_client = utf8 */;
CREATE TABLE `photo_panoramio_index` (
  `level` int(11) NOT NULL,
  `south` double NOT NULL,
  `west` double NOT NULL,
  `big_photo` bit(1) DEFAULT NULL,
  `photo_rating` int(11) DEFAULT NULL,
  `rating` int(11) DEFAULT NULL,
  `photo_id` bigint(20) DEFAULT NULL,
  PRIMARY KEY (`level`,`south`,`west`),
  KEY `FK73DEAFD8194EAB84` (`photo_id`),
  CONSTRAINT `FK73DEAFD8194EAB84` FOREIGN KEY (`photo_id`) REFERENCES `photo` (`id`)
) ENGINE=InnoDB DEFAULT CHARSET=utf8;
/*!40101 SET character_set_client = @saved_cs_client */;

--
-- Dumping data for table `photo_panoramio_index`
--

LOCK TABLES `photo_panoramio_index` WRITE;
/*!40000 ALTER TABLE `photo_panoramio_index` DISABLE KEYS */;
INSERT INTO `photo_panoramio_index` VALUES (1,20,100,NULL,1,1,10),(1,20,120,NULL,1,1,2),(1,40,100,NULL,0,0,64),(2,20,100,NULL,0,0,50),(2,20,110,NULL,1,1,10),(2,30,110,NULL,0,0,62),(2,30,120,NULL,1,1,2),(2,40,110,NULL,0,0,64),(3,20,110,NULL,1,1,10),(3,25,100,NULL,0,0,50),(3,30,120,NULL,1,1,2),(3,35,115,NULL,0,0,62),(3,35,120,NULL,0,0,63),(3,40,115,NULL,0,0,64),(4,22.5,112.5,NULL,1,1,10),(4,25,100,NULL,0,0,50),(4,30,120,NULL,1,1,2),(4,35,120,NULL,0,0,63),(4,37.5,115,NULL,0,0,62),(4,40,115,NULL,0,0,64),(5,22.5,112.5,NULL,0,0,1),(5,22.5,113.75,NULL,1,1,10),(5,26.25,100,NULL,0,0,50),(5,30,120,NULL,0,0,28),(5,30,121.25,NULL,1,1,2),(5,31.25,121.25,NULL,0,0,26),(5,36.25,120,NULL,0,0,63),(5,38.75,115,NULL,0,0,62),(5,40,116.25,NULL,0,0,64),(6,22.5,113.125,NULL,0,0,1),(6,22.5,113.75,NULL,1,1,10),(6,26.25,100,NULL,0,0,50),(6,26.875,100,NULL,0,0,49),(6,30,120,NULL,0,0,28),(6,30.625,121.25,NULL,1,1,2),(6,31.25,121.25,NULL,0,0,26),(6,36.875,120.625,NULL,0,0,63),(6,39.375,115,NULL,0,0,62),(6,39.375,115.625,NULL,0,0,59),(6,40,116.25,NULL,0,0,64),(7,22.5,113.4375,NULL,0,0,1),(7,22.5,113.75,NULL,1,1,10),(7,22.5,114.0625,NULL,0,0,16),(7,22.8125,113.125,NULL,0,0,25),(7,26.5625,100,NULL,0,0,50),(7,26.875,100,NULL,0,0,49),(7,30,120,NULL,0,0,28),(7,30.9375,121.25,NULL,1,1,2),(7,31.25,121.25,NULL,0,0,26),(7,36.875,120.625,NULL,0,0,63),(7,39.6875,115.3125,NULL,0,0,62),(7,39.6875,115.625,NULL,0,0,59),(7,40.3125,116.5625,NULL,0,0,64),(8,22.5,113.75,NULL,0,0,20),(8,22.5,113.90625,NULL,1,1,10),(8,22.5,114.0625,NULL,0,0,16),(8,22.65625,113.4375,NULL,0,0,1),(8,22.96875,113.125,NULL,0,0,25),(8,22.96875,113.28125,NULL,0,0,14),(8,26.71875,100.15625,NULL,0,0,50),(8,26.875,100.15625,NULL,0,0,49),(8,30.15625,120,NULL,0,0,28),(8,31.09375,121.25,NULL,1,1,2),(8,31.25,121.40625,NULL,0,0,26),(8,36.875,120.625,NULL,0,0,63),(8,39.6875,115.46875,NULL,0,0,62),(8,39.6875,115.78125,NULL,0,0,59),(8,39.84375,115.46875,NULL,0,0,55),(8,39.84375,115.625,NULL,0,0,54),(8,40.46875,116.5625,NULL,0,0,64),(9,22.5,113.90625,NULL,1,1,10),(9,22.5,114.0625,NULL,0,0,16),(9,22.578125,113.75,NULL,0,0,20),(9,22.578125,113.90625,NULL,0,0,9),(9,22.65625,113.515625,NULL,0,0,1),(9,22.96875,113.203125,NULL,0,0,25),(9,23.046875,113.28125,NULL,0,0,14),(9,26.796875,100.15625,NULL,0,0,50),(9,26.796875,100.234375,NULL,0,0,51),(9,26.875,100.15625,NULL,0,0,49),(9,26.953125,100.15625,NULL,0,0,44),(9,30.15625,120.078125,NULL,0,0,28),(9,30.234375,120,NULL,0,0,27),(9,30.234375,120.078125,NULL,0,0,39),(9,31.171875,121.328125,NULL,1,1,2),(9,31.25,121.40625,NULL,0,0,26),(9,36.875,120.703125,NULL,0,0,63),(9,39.6875,115.859375,NULL,0,0,59),(9,39.765625,115.546875,NULL,0,0,62),(9,39.84375,115.546875,NULL,0,0,55),(9,39.84375,115.625,NULL,0,0,54),(9,39.921875,115.703125,NULL,0,0,61),(9,40.546875,116.640625,NULL,0,0,64),(10,22.5,113.90625,NULL,0,0,4),(10,22.5390625,113.90625,NULL,1,1,10),(10,22.5390625,114.0625,NULL,0,0,16),(10,22.578125,113.9453125,NULL,0,0,9),(10,22.6171875,113.7890625,NULL,0,0,20),(10,22.6953125,113.515625,NULL,0,0,1),(10,22.96875,113.2421875,NULL,0,0,25),(10,23.046875,113.28125,NULL,0,0,14),(10,26.8359375,100.1953125,NULL,0,0,50),(10,26.8359375,100.234375,NULL,0,0,51),(10,26.875,100.1953125,NULL,0,0,49),(10,26.9921875,100.1953125,NULL,0,0,44),(10,30.1953125,120.1171875,NULL,0,0,28),(10,30.234375,120.0390625,NULL,0,0,27),(10,30.234375,120.1171875,NULL,0,0,39),(10,31.171875,121.328125,NULL,1,1,2),(10,31.25,121.4453125,NULL,0,0,26),(10,36.9140625,120.703125,NULL,0,0,63),(10,39.6875,115.8984375,NULL,0,0,59),(10,39.8046875,115.5859375,NULL,0,0,62),(10,39.84375,115.5859375,NULL,0,0,55),(10,39.84375,115.625,NULL,0,0,54),(10,39.9609375,115.703125,NULL,0,0,61),(10,40.546875,116.6796875,NULL,0,0,64),(11,22.51953125,113.92578125,NULL,0,0,4),(11,22.5390625,113.92578125,NULL,1,1,10),(11,22.5390625,114.0625,NULL,0,0,16),(11,22.578125,113.9453125,NULL,0,0,9),(11,22.6171875,113.80859375,NULL,0,0,20),(11,22.6953125,113.53515625,NULL,0,0,1),(11,22.98828125,113.26171875,NULL,0,0,25),(11,23.046875,113.28125,NULL,0,0,14),(11,26.85546875,100.21484375,NULL,0,0,50),(11,26.85546875,100.234375,NULL,0,0,51),(11,26.875,100.21484375,NULL,0,0,49),(11,27.01171875,100.1953125,NULL,0,0,44),(11,30.1953125,120.1171875,NULL,0,0,28),(11,30.21484375,120.13671875,NULL,0,0,37),(11,30.234375,120.1171875,NULL,0,0,39),(11,30.234375,120.13671875,NULL,0,0,38),(11,30.25390625,120.05859375,NULL,0,0,27),(11,31.19140625,121.328125,NULL,1,1,2),(11,31.26953125,121.4453125,NULL,0,0,26),(11,36.9140625,120.703125,NULL,0,0,63),(11,39.6875,115.91796875,NULL,0,0,59),(11,39.82421875,115.5859375,NULL,0,0,62),(11,39.84375,115.60546875,NULL,0,0,55),(11,39.84375,115.64453125,NULL,0,0,54),(11,39.9609375,115.703125,NULL,0,0,61),(11,40.546875,116.6796875,NULL,0,0,64),(11,40.546875,116.69921875,NULL,0,0,66),(11,40.56640625,116.69921875,NULL,0,0,68),(12,22.529296875,113.92578125,NULL,0,0,4),(12,22.5390625,113.92578125,NULL,1,1,10),(12,22.5390625,113.935546875,NULL,0,0,19),(12,22.5390625,114.072265625,NULL,0,0,16),(12,22.578125,113.955078125,NULL,0,0,9),(12,22.6171875,113.80859375,NULL,0,0,20),(12,22.6953125,113.544921875,NULL,0,0,1),(12,22.98828125,113.26171875,NULL,0,0,25),(12,23.056640625,113.291015625,NULL,0,0,14),(12,26.865234375,100.224609375,NULL,0,0,50),(12,26.865234375,100.234375,NULL,0,0,51),(12,26.875,100.224609375,NULL,0,0,49),(12,27.021484375,100.205078125,NULL,0,0,44),(12,30.205078125,120.126953125,NULL,0,0,28),(12,30.224609375,120.13671875,NULL,0,0,37),(12,30.234375,120.13671875,NULL,0,0,38),(12,30.244140625,120.126953125,NULL,0,0,39),(12,30.244140625,120.13671875,NULL,0,0,41),(12,30.263671875,120.068359375,NULL,0,0,27),(12,31.19140625,121.328125,NULL,1,1,2),(12,31.279296875,121.455078125,NULL,0,0,26),(12,36.923828125,120.703125,NULL,0,0,63),(12,39.6875,115.927734375,NULL,0,0,59),(12,39.82421875,115.595703125,NULL,0,0,62),(12,39.84375,115.64453125,NULL,0,0,54),(12,39.853515625,115.615234375,NULL,0,0,55),(12,39.970703125,115.703125,NULL,0,0,61),(12,40.546875,116.689453125,NULL,0,0,64),(12,40.556640625,116.69921875,NULL,0,0,66),(12,40.56640625,116.69921875,NULL,0,0,68),(12,40.56640625,116.708984375,NULL,0,0,70),(13,22.529296875,113.92578125,NULL,0,0,4),(13,22.5341796875,113.92578125,NULL,0,0,12),(13,22.5390625,113.9306640625,NULL,1,1,10),(13,22.5390625,113.935546875,NULL,0,0,19),(13,22.5390625,114.072265625,NULL,0,0,16),(13,22.578125,113.9599609375,NULL,0,0,9),(13,22.6220703125,113.8134765625,NULL,0,0,20),(13,22.7001953125,113.544921875,NULL,0,0,1),(13,22.98828125,113.2666015625,NULL,0,0,25),(13,23.0615234375,113.2958984375,NULL,0,0,14),(13,26.865234375,100.234375,NULL,0,0,51),(13,26.8701171875,100.2294921875,NULL,0,0,50),(13,26.8701171875,100.234375,NULL,0,0,46),(13,26.875,100.2294921875,NULL,0,0,49),(13,27.021484375,100.2099609375,NULL,0,0,44),(13,30.205078125,120.1318359375,NULL,0,0,28),(13,30.2294921875,120.1416015625,NULL,0,0,37),(13,30.234375,120.13671875,NULL,0,0,38),(13,30.2490234375,120.1318359375,NULL,0,0,39),(13,30.2490234375,120.13671875,NULL,0,0,41),(13,30.263671875,120.068359375,NULL,0,0,27),(13,30.263671875,120.0732421875,NULL,0,0,42),(13,30.2685546875,120.068359375,NULL,0,0,43),(13,30.2685546875,120.0732421875,NULL,0,0,32),(13,31.19140625,121.328125,NULL,1,1,2),(13,31.279296875,121.4599609375,NULL,0,0,26),(13,36.923828125,120.7080078125,NULL,0,0,63),(13,39.6875,115.9326171875,NULL,0,0,59),(13,39.82421875,115.6005859375,NULL,0,0,62),(13,39.84375,115.64453125,NULL,0,0,54),(13,39.853515625,115.6201171875,NULL,0,0,55),(13,39.8583984375,115.6201171875,NULL,0,0,53),(13,39.9755859375,115.703125,NULL,0,0,61),(13,40.5517578125,116.689453125,NULL,0,0,64),(13,40.556640625,116.69921875,NULL,0,0,66),(13,40.556640625,116.7041015625,NULL,0,0,69),(13,40.5615234375,116.69921875,NULL,0,0,67),(13,40.5712890625,116.69921875,NULL,0,0,68),(13,40.5712890625,116.708984375,NULL,0,0,70),(14,22.53173828125,113.92822265625,NULL,0,0,4),(14,22.5341796875,113.92578125,NULL,0,0,12),(14,22.5390625,113.93310546875,NULL,1,1,10),(14,22.5390625,113.93798828125,NULL,0,0,19),(14,22.54150390625,114.07470703125,NULL,0,0,16),(14,22.58056640625,113.96240234375,NULL,0,0,9),(14,22.6220703125,113.8134765625,NULL,0,0,20),(14,22.7001953125,113.544921875,NULL,0,0,1),(14,22.98828125,113.26904296875,NULL,0,0,25),(14,23.06396484375,113.29833984375,NULL,0,0,14),(14,26.86767578125,100.234375,NULL,0,0,51),(14,26.8701171875,100.23193359375,NULL,0,0,50),(14,26.87255859375,100.23193359375,NULL,0,0,48),(14,26.87255859375,100.234375,NULL,0,0,46),(14,26.875,100.23193359375,NULL,0,0,49),(14,27.021484375,100.21240234375,NULL,0,0,44),(14,30.20751953125,120.1318359375,NULL,0,0,28),(14,30.2294921875,120.1416015625,NULL,0,0,37),(14,30.23681640625,120.13916015625,NULL,0,0,38),(14,30.2490234375,120.13427734375,NULL,0,0,39),(14,30.25146484375,120.13671875,NULL,0,0,41),(14,30.263671875,120.0732421875,NULL,0,0,42),(14,30.26611328125,120.07080078125,NULL,0,0,27),(14,30.26611328125,120.0732421875,NULL,0,0,29),(14,30.27099609375,120.068359375,NULL,0,0,43),(14,30.27099609375,120.0732421875,NULL,0,0,32),(14,31.19140625,121.328125,NULL,1,1,2),(14,31.279296875,121.46240234375,NULL,0,0,26),(14,36.92626953125,120.7080078125,NULL,0,0,63),(14,39.6875,115.9326171875,NULL,0,0,59),(14,39.6875,115.93505859375,NULL,0,0,60),(14,39.68994140625,115.9326171875,NULL,0,0,58),(14,39.82666015625,115.6005859375,NULL,0,0,62),(14,39.84375,115.64453125,NULL,0,0,54),(14,39.853515625,115.6201171875,NULL,0,0,55),(14,39.8583984375,115.6201171875,NULL,0,0,53),(14,39.9755859375,115.703125,NULL,0,0,61),(14,40.5517578125,116.69189453125,NULL,0,0,64),(14,40.55908203125,116.70166015625,NULL,0,0,66),(14,40.55908203125,116.7041015625,NULL,0,0,69),(14,40.5615234375,116.69921875,NULL,0,0,67),(14,40.5615234375,116.70166015625,NULL,0,0,65),(14,40.5712890625,116.70166015625,NULL,0,0,68),(14,40.57373046875,116.708984375,NULL,0,0,70),(15,22.53173828125,113.92822265625,NULL,0,0,4),(15,22.535400390625,113.927001953125,NULL,0,0,12),(15,22.5390625,113.93798828125,NULL,0,0,19),(15,22.540283203125,113.93310546875,NULL,0,0,8),(15,22.540283203125,113.934326171875,NULL,1,1,10),(15,22.542724609375,114.07470703125,NULL,0,0,16),(15,22.581787109375,113.963623046875,NULL,0,0,9),(15,22.623291015625,113.8134765625,NULL,0,0,20),(15,22.701416015625,113.544921875,NULL,0,0,1),(15,22.98828125,113.26904296875,NULL,0,0,25),(15,22.98828125,113.270263671875,NULL,0,0,23),(15,22.989501953125,113.270263671875,NULL,0,0,24),(15,23.06396484375,113.299560546875,NULL,0,0,14),(15,26.868896484375,100.234375,NULL,0,0,51),(15,26.8701171875,100.23193359375,NULL,0,0,50),(15,26.87255859375,100.235595703125,NULL,0,0,46),(15,26.873779296875,100.233154296875,NULL,0,0,48),(15,26.875,100.23193359375,NULL,0,0,49),(15,27.022705078125,100.21240234375,NULL,0,0,44),(15,30.208740234375,120.133056640625,NULL,0,0,28),(15,30.2294921875,120.142822265625,NULL,0,0,37),(15,30.238037109375,120.13916015625,NULL,0,0,38),(15,30.250244140625,120.135498046875,NULL,0,0,39),(15,30.25146484375,120.13671875,NULL,0,0,41),(15,30.25146484375,120.137939453125,NULL,0,0,35),(15,30.264892578125,120.074462890625,NULL,0,0,42),(15,30.267333984375,120.072021484375,NULL,0,0,27),(15,30.267333984375,120.074462890625,NULL,0,0,29),(15,30.272216796875,120.069580078125,NULL,0,0,43),(15,30.272216796875,120.0732421875,NULL,0,0,32),(15,31.19140625,121.328125,NULL,1,1,2),(15,31.280517578125,121.463623046875,NULL,0,0,26),(15,36.92626953125,120.709228515625,NULL,0,0,63),(15,39.6875,115.936279296875,NULL,0,0,60),(15,39.688720703125,115.9326171875,NULL,0,0,59),(15,39.68994140625,115.9326171875,NULL,0,0,58),(15,39.82666015625,115.601806640625,NULL,0,0,62),(15,39.844970703125,115.64453125,NULL,0,0,54),(15,39.844970703125,115.645751953125,NULL,0,0,52),(15,39.853515625,115.621337890625,NULL,0,0,55),(15,39.8583984375,115.6201171875,NULL,0,0,53),(15,39.976806640625,115.704345703125,NULL,0,0,61),(15,40.552978515625,116.693115234375,NULL,0,0,64),(15,40.55908203125,116.70166015625,NULL,0,0,66),(15,40.560302734375,116.7041015625,NULL,0,0,69),(15,40.5615234375,116.702880859375,NULL,0,0,65),(15,40.562744140625,116.700439453125,NULL,0,0,67),(15,40.5712890625,116.702880859375,NULL,0,0,68),(15,40.574951171875,116.708984375,NULL,0,0,70),(16,22.5323486328125,113.92822265625,NULL,0,0,4),(16,22.535400390625,113.927001953125,NULL,0,0,12),(16,22.5396728515625,113.9385986328125,NULL,0,0,19),(16,22.540283203125,113.93310546875,NULL,0,0,8),(16,22.540283203125,113.934326171875,NULL,1,1,10),(16,22.540283203125,113.9349365234375,NULL,0,0,6),(16,22.5433349609375,114.0753173828125,NULL,0,0,16),(16,22.581787109375,113.963623046875,NULL,0,0,9),(16,22.623291015625,113.8134765625,NULL,0,0,20),(16,22.6239013671875,113.8134765625,NULL,0,0,21),(16,22.701416015625,113.544921875,NULL,0,0,1),(16,22.98828125,113.26904296875,NULL,0,0,25),(16,22.98828125,113.2696533203125,NULL,0,0,13),(16,22.9888916015625,113.2696533203125,NULL,0,0,3),(16,22.9888916015625,113.270263671875,NULL,0,0,23),(16,22.989501953125,113.2708740234375,NULL,0,0,24),(16,23.06396484375,113.299560546875,NULL,0,0,14),(16,26.868896484375,100.2349853515625,NULL,0,0,51),(16,26.8707275390625,100.23193359375,NULL,0,0,50),(16,26.87255859375,100.2362060546875,NULL,0,0,46),(16,26.8743896484375,100.233154296875,NULL,0,0,48),(16,26.875,100.2325439453125,NULL,0,0,49),(16,27.022705078125,100.2130126953125,NULL,0,0,44),(16,30.2093505859375,120.1336669921875,NULL,0,0,28),(16,30.2301025390625,120.142822265625,NULL,0,0,37),(16,30.238037109375,120.1397705078125,NULL,0,0,38),(16,30.250244140625,120.135498046875,NULL,0,0,39),(16,30.25146484375,120.1373291015625,NULL,0,0,41),(16,30.25146484375,120.137939453125,NULL,0,0,35),(16,30.264892578125,120.0750732421875,NULL,0,0,42),(16,30.2679443359375,120.0726318359375,NULL,0,0,27),(16,30.2679443359375,120.074462890625,NULL,0,0,29),(16,30.272216796875,120.0701904296875,NULL,0,0,43),(16,30.2728271484375,120.0738525390625,NULL,0,0,32),(16,31.1920166015625,121.328125,NULL,1,1,2),(16,31.2811279296875,121.4642333984375,NULL,0,0,26),(16,36.9268798828125,120.7098388671875,NULL,0,0,63),(16,39.6881103515625,115.936279296875,NULL,0,0,60),(16,39.6893310546875,115.9332275390625,NULL,0,0,59),(16,39.68994140625,115.9326171875,NULL,0,0,58),(16,39.82666015625,115.6024169921875,NULL,0,0,62),(16,39.844970703125,115.6451416015625,NULL,0,0,54),(16,39.844970703125,115.645751953125,NULL,0,0,52),(16,39.8455810546875,115.6451416015625,NULL,0,0,56),(16,39.8541259765625,115.621337890625,NULL,0,0,55),(16,39.8590087890625,115.6201171875,NULL,0,0,53),(16,39.9774169921875,115.704345703125,NULL,0,0,61),(16,40.5535888671875,116.6937255859375,NULL,0,0,64),(16,40.5596923828125,116.70166015625,NULL,0,0,66),(16,40.560302734375,116.7041015625,NULL,0,0,69),(16,40.5621337890625,116.7034912109375,NULL,0,0,65),(16,40.562744140625,116.7010498046875,NULL,0,0,67),(16,40.5718994140625,116.7034912109375,NULL,0,0,68),(16,40.5755615234375,116.7095947265625,NULL,0,0,70),(17,22.5323486328125,113.92852783203125,NULL,0,0,4),(17,22.53570556640625,113.92730712890625,NULL,0,0,12),(17,22.5396728515625,113.93890380859375,NULL,0,0,19),(17,22.540283203125,113.93310546875,NULL,0,0,8),(17,22.540283203125,113.9349365234375,NULL,0,0,6),(17,22.54058837890625,113.934326171875,NULL,1,1,10),(17,22.54058837890625,113.93524169921875,NULL,0,0,11),(17,22.54364013671875,114.0753173828125,NULL,0,0,16),(17,22.58209228515625,113.96392822265625,NULL,0,0,9),(17,22.62359619140625,113.8134765625,NULL,0,0,20),(17,22.6239013671875,113.8134765625,NULL,0,0,21),(17,22.701416015625,113.54522705078125,NULL,0,0,1),(17,22.98828125,113.26995849609375,NULL,0,0,13),(17,22.98858642578125,113.26904296875,NULL,0,0,25),(17,22.98919677734375,113.26995849609375,NULL,0,0,3),(17,22.98919677734375,113.270263671875,NULL,0,0,23),(17,22.989501953125,113.2708740234375,NULL,0,0,24),(17,23.06427001953125,113.29986572265625,NULL,0,0,14),(17,26.868896484375,100.2349853515625,NULL,0,0,51),(17,26.87103271484375,100.23223876953125,NULL,0,0,50),(17,26.87255859375,100.23651123046875,NULL,0,0,46),(17,26.87469482421875,100.233154296875,NULL,0,0,48),(17,26.875,100.2325439453125,NULL,0,0,49),(17,27.02301025390625,100.2130126953125,NULL,0,0,44),(17,30.2093505859375,120.1336669921875,NULL,0,0,28),(17,30.20965576171875,120.13397216796875,NULL,0,0,31),(17,30.23040771484375,120.14312744140625,NULL,0,0,37),(17,30.238037109375,120.14007568359375,NULL,0,0,38),(17,30.25054931640625,120.13580322265625,NULL,0,0,39),(17,30.25177001953125,120.13763427734375,NULL,0,0,41),(17,30.25177001953125,120.13824462890625,NULL,0,0,35),(17,30.264892578125,120.0750732421875,NULL,0,0,42),(17,30.2679443359375,120.074462890625,NULL,0,0,29),(17,30.26824951171875,120.07293701171875,NULL,0,0,27),(17,30.272216796875,120.0701904296875,NULL,0,0,43),(17,30.2728271484375,120.07415771484375,NULL,0,0,32),(17,31.1920166015625,121.328125,NULL,1,1,2),(17,31.2811279296875,121.4642333984375,NULL,0,0,26),(17,36.92718505859375,120.71014404296875,NULL,0,0,63),(17,39.68841552734375,115.93658447265625,NULL,0,0,60),(17,39.68963623046875,115.9332275390625,NULL,0,0,59),(17,39.69024658203125,115.93292236328125,NULL,0,0,58),(17,39.82696533203125,115.6024169921875,NULL,0,0,62),(17,39.844970703125,115.64605712890625,NULL,0,0,52),(17,39.84527587890625,115.64544677734375,NULL,0,0,54),(17,39.84588623046875,115.64544677734375,NULL,0,0,56),(17,39.8541259765625,115.62164306640625,NULL,0,0,55),(17,39.85931396484375,115.62042236328125,NULL,0,0,53),(17,39.97772216796875,115.70465087890625,NULL,0,0,61),(17,40.55389404296875,116.69403076171875,NULL,0,0,64),(17,40.55999755859375,116.70166015625,NULL,0,0,66),(17,40.560302734375,116.70440673828125,NULL,0,0,69),(17,40.5621337890625,116.7034912109375,NULL,0,0,65),(17,40.56304931640625,116.7010498046875,NULL,0,0,67),(17,40.5718994140625,116.70379638671875,NULL,0,0,68),(17,40.5755615234375,116.70989990234375,NULL,0,0,70),(18,22.532501220703125,113.92852783203125,NULL,0,0,4),(18,22.53570556640625,113.92745971679688,NULL,0,0,12),(18,22.5396728515625,113.93890380859375,NULL,0,0,19),(18,22.5396728515625,113.93905639648438,NULL,0,0,17),(18,22.540435791015625,113.93325805664062,NULL,0,0,8),(18,22.540435791015625,113.9349365234375,NULL,0,0,6),(18,22.54058837890625,113.934326171875,NULL,1,1,10),(18,22.540740966796875,113.93539428710938,NULL,0,0,11),(18,22.54364013671875,114.0753173828125,NULL,0,0,16),(18,22.582244873046875,113.96408081054688,NULL,0,0,9),(18,22.62359619140625,113.8134765625,NULL,0,0,20),(18,22.6239013671875,113.81362915039062,NULL,0,0,21),(18,22.701416015625,113.54522705078125,NULL,0,0,1),(18,22.988433837890625,113.27011108398438,NULL,0,0,13),(18,22.98858642578125,113.26919555664062,NULL,0,0,25),(18,22.98919677734375,113.27011108398438,NULL,0,0,3),(18,22.98919677734375,113.270263671875,NULL,0,0,23),(18,22.989501953125,113.2708740234375,NULL,0,0,24),(18,23.064422607421875,113.29986572265625,NULL,0,0,14),(18,26.869049072265625,100.2349853515625,NULL,0,0,51),(18,26.87103271484375,100.23223876953125,NULL,0,0,50),(18,26.871185302734375,100.23223876953125,NULL,0,0,47),(18,26.872711181640625,100.23651123046875,NULL,0,0,46),(18,26.872711181640625,100.23666381835938,NULL,0,0,45),(18,26.874847412109375,100.23330688476562,NULL,0,0,48),(18,26.875152587890625,100.2325439453125,NULL,0,0,49),(18,27.023162841796875,100.2130126953125,NULL,0,0,44),(18,30.209503173828125,120.13381958007812,NULL,0,0,28),(18,30.20965576171875,120.13412475585938,NULL,0,0,31),(18,30.230560302734375,120.14328002929688,NULL,0,0,37),(18,30.238037109375,120.14007568359375,NULL,0,0,38),(18,30.25054931640625,120.13595581054688,NULL,0,0,39),(18,30.25177001953125,120.13763427734375,NULL,0,0,41),(18,30.251922607421875,120.13839721679688,NULL,0,0,35),(18,30.264892578125,120.0750732421875,NULL,0,0,42),(18,30.268096923828125,120.074462890625,NULL,0,0,29),(18,30.268402099609375,120.07308959960938,NULL,0,0,27),(18,30.272369384765625,120.0701904296875,NULL,0,0,43),(18,30.2728271484375,120.07415771484375,NULL,0,0,32),(18,31.1920166015625,121.32827758789062,NULL,1,1,2),(18,31.2811279296875,121.4642333984375,NULL,0,0,26),(18,36.927337646484375,120.71014404296875,NULL,0,0,63),(18,39.688568115234375,115.93673706054688,NULL,0,0,60),(18,39.689788818359375,115.9332275390625,NULL,0,0,59),(18,39.69024658203125,115.93292236328125,NULL,0,0,58),(18,39.82696533203125,115.60256958007812,NULL,0,0,62),(18,39.845123291015625,115.64605712890625,NULL,0,0,52),(18,39.84527587890625,115.64559936523438,NULL,0,0,54),(18,39.846038818359375,115.64544677734375,NULL,0,0,56),(18,39.854278564453125,115.62179565429688,NULL,0,0,55),(18,39.859466552734375,115.62057495117188,NULL,0,0,53),(18,39.977874755859375,115.70465087890625,NULL,0,0,61),(18,40.554046630859375,116.69418334960938,NULL,0,0,64),(18,40.560150146484375,116.70181274414062,NULL,0,0,66),(18,40.560455322265625,116.70440673828125,NULL,0,0,69),(18,40.5621337890625,116.70364379882812,NULL,0,0,65),(18,40.563201904296875,116.70120239257812,NULL,0,0,67),(18,40.572052001953125,116.70379638671875,NULL,0,0,68),(18,40.5755615234375,116.70989990234375,NULL,0,0,70),(19,22.532501220703125,113.92852783203125,NULL,0,0,4),(19,22.53570556640625,113.92753601074219,NULL,0,0,12),(19,22.535781860351562,113.92745971679688,NULL,0,0,22),(19,22.5396728515625,113.93898010253906,NULL,0,0,19),(19,22.5396728515625,113.93905639648438,NULL,0,0,17),(19,22.540435791015625,113.93333435058594,NULL,0,0,8),(19,22.540435791015625,113.93501281738281,NULL,0,0,6),(19,22.54058837890625,113.93440246582031,NULL,1,1,10),(19,22.540817260742188,113.93539428710938,NULL,0,0,11),(19,22.543716430664062,114.07539367675781,NULL,0,0,16),(19,22.582321166992188,113.96408081054688,NULL,0,0,9),(19,22.623672485351562,113.8134765625,NULL,0,0,20),(19,22.623977661132812,113.81362915039062,NULL,0,0,21),(19,22.701416015625,113.54522705078125,NULL,0,0,1),(19,22.988433837890625,113.27011108398438,NULL,0,0,13),(19,22.988662719726562,113.26927185058594,NULL,0,0,25),(19,22.98919677734375,113.27018737792969,NULL,0,0,3),(19,22.989273071289062,113.270263671875,NULL,0,0,23),(19,22.989501953125,113.27095031738281,NULL,0,0,24),(19,23.064498901367188,113.29986572265625,NULL,0,0,14),(19,26.869049072265625,100.2349853515625,NULL,0,0,51),(19,26.871109008789062,100.23231506347656,NULL,0,0,50),(19,26.871261596679688,100.23231506347656,NULL,0,0,47),(19,26.872711181640625,100.23651123046875,NULL,0,0,46),(19,26.872711181640625,100.23666381835938,NULL,0,0,45),(19,26.874847412109375,100.23330688476562,NULL,0,0,48),(19,26.875152587890625,100.23262023925781,NULL,0,0,49),(19,27.023162841796875,100.21308898925781,NULL,0,0,44),(19,30.209579467773438,120.13381958007812,NULL,0,0,28),(19,30.209579467773438,120.13389587402344,NULL,0,0,30),(19,30.20965576171875,120.13412475585938,NULL,0,0,31),(19,30.230636596679688,120.14335632324219,NULL,0,0,37),(19,30.238113403320312,120.14007568359375,NULL,0,0,38),(19,30.25054931640625,120.13595581054688,NULL,0,0,39),(19,30.25177001953125,120.13771057128906,NULL,0,0,41),(19,30.251922607421875,120.13847351074219,NULL,0,0,35),(19,30.264968872070312,120.07514953613281,NULL,0,0,42),(19,30.268096923828125,120.074462890625,NULL,0,0,29),(19,30.268402099609375,120.07316589355469,NULL,0,0,27),(19,30.272369384765625,120.0701904296875,NULL,0,0,43),(19,30.2728271484375,120.07415771484375,NULL,0,0,32),(19,30.2728271484375,120.07423400878906,NULL,0,0,33),(19,31.1920166015625,121.32827758789062,NULL,1,1,2),(19,31.281204223632812,121.46430969238281,NULL,0,0,26),(19,36.927337646484375,120.71014404296875,NULL,0,0,63),(19,39.68864440917969,115.93673706054688,NULL,0,0,60),(19,39.689788818359375,115.93330383300781,NULL,0,0,59),(19,39.69024658203125,115.93299865722656,NULL,0,0,58),(19,39.82696533203125,115.60256958007812,NULL,0,0,62),(19,39.845123291015625,115.64613342285156,NULL,0,0,52),(19,39.84527587890625,115.64567565917969,NULL,0,0,54),(19,39.846038818359375,115.64544677734375,NULL,0,0,56),(19,39.85435485839844,115.62179565429688,NULL,0,0,55),(19,39.859466552734375,115.62065124511719,NULL,0,0,53),(19,39.977874755859375,115.70472717285156,NULL,0,0,61),(19,40.554046630859375,116.69425964355469,NULL,0,0,64),(19,40.560150146484375,116.70188903808594,NULL,0,0,66),(19,40.560455322265625,116.70440673828125,NULL,0,0,69),(19,40.5621337890625,116.70372009277344,NULL,0,0,65),(19,40.56327819824219,116.70120239257812,NULL,0,0,67),(19,40.572052001953125,116.70379638671875,NULL,0,0,68),(19,40.5755615234375,116.70997619628906,NULL,0,0,70);
/*!40000 ALTER TABLE `photo_panoramio_index` ENABLE KEYS */;
UNLOCK TABLES;

--
-- Table structure for table `photo_photo_gps`
--

DROP TABLE IF EXISTS `photo_photo_gps`;
/*!40101 SET @saved_cs_client     = @@character_set_client */;
/*!40101 SET character_set_client = utf8 */;
CREATE TABLE `photo_photo_gps` (
  `photo_id` bigint(20) NOT NULL,
  `gps_vendor` varchar(255) NOT NULL,
  `gps_photo_id` bigint(20) NOT NULL,
  PRIMARY KEY (`photo_id`,`gps_vendor`,`gps_photo_id`),
  UNIQUE KEY `gps_vendor` (`gps_vendor`,`gps_photo_id`),
  KEY `FKFD4B3750A9968E88` (`gps_vendor`,`gps_photo_id`),
  KEY `FKFD4B3750194EAB84` (`photo_id`),
  CONSTRAINT `FKFD4B3750194EAB84` FOREIGN KEY (`photo_id`) REFERENCES `photo` (`id`),
  CONSTRAINT `FKFD4B3750A9968E88` FOREIGN KEY (`gps_vendor`, `gps_photo_id`) REFERENCES `photo_gps` (`vendor`, `photo_id`)
) ENGINE=InnoDB DEFAULT CHARSET=utf8;
/*!40101 SET character_set_client = @saved_cs_client */;

--
-- Dumping data for table `photo_photo_gps`
--

LOCK TABLES `photo_photo_gps` WRITE;
/*!40000 ALTER TABLE `photo_photo_gps` DISABLE KEYS */;
/*!40000 ALTER TABLE `photo_photo_gps` ENABLE KEYS */;
UNLOCK TABLES;

--
-- Table structure for table `photo_tag`
--

DROP TABLE IF EXISTS `photo_tag`;
/*!40101 SET @saved_cs_client     = @@character_set_client */;
/*!40101 SET character_set_client = utf8 */;
CREATE TABLE `photo_tag` (
  `photo_id` bigint(20) NOT NULL,
  `tags_id` bigint(20) NOT NULL,
  PRIMARY KEY (`photo_id`,`tags_id`),
  KEY `FKCD79C40DBC9B5425` (`tags_id`),
  KEY `FKCD79C40D194EAB84` (`photo_id`),
  CONSTRAINT `FKCD79C40D194EAB84` FOREIGN KEY (`photo_id`) REFERENCES `photo` (`id`),
  CONSTRAINT `FKCD79C40DBC9B5425` FOREIGN KEY (`tags_id`) REFERENCES `tag` (`id`)
) ENGINE=InnoDB DEFAULT CHARSET=utf8;
/*!40101 SET character_set_client = @saved_cs_client */;

--
-- Dumping data for table `photo_tag`
--

LOCK TABLES `photo_tag` WRITE;
/*!40000 ALTER TABLE `photo_tag` DISABLE KEYS */;
INSERT INTO `photo_tag` VALUES (4,1),(5,1),(6,1),(7,1),(8,1),(9,1),(10,1),(11,1),(12,1),(14,1),(22,1),(14,2),(23,2),(24,2),(25,2),(44,3),(45,3),(46,3),(47,3),(44,4),(45,5),(46,5),(47,5),(51,5),(45,6),(46,6),(51,6),(70,7),(82,7);
/*!40000 ALTER TABLE `photo_tag` ENABLE KEYS */;
UNLOCK TABLES;

--
-- Table structure for table `role`
--

DROP TABLE IF EXISTS `role`;
/*!40101 SET @saved_cs_client     = @@character_set_client */;
/*!40101 SET character_set_client = utf8 */;
CREATE TABLE `role` (
  `id` bigint(20) NOT NULL AUTO_INCREMENT,
  `description` varchar(64) DEFAULT NULL,
  `name` varchar(20) DEFAULT NULL,
  PRIMARY KEY (`id`)
) ENGINE=InnoDB AUTO_INCREMENT=3 DEFAULT CHARSET=utf8;
/*!40101 SET character_set_client = @saved_cs_client */;

--
-- Dumping data for table `role`
--

LOCK TABLES `role` WRITE;
/*!40000 ALTER TABLE `role` DISABLE KEYS */;
INSERT INTO `role` VALUES (1,'Administrator role (can edit Users)','ROLE_ADMIN'),(2,'Default role for all Users','ROLE_USER');
/*!40000 ALTER TABLE `role` ENABLE KEYS */;
UNLOCK TABLES;

--
-- Table structure for table `tag`
--

DROP TABLE IF EXISTS `tag`;
/*!40101 SET @saved_cs_client     = @@character_set_client */;
/*!40101 SET character_set_client = utf8 */;
CREATE TABLE `tag` (
  `id` bigint(20) NOT NULL AUTO_INCREMENT,
  `tag` varchar(255) DEFAULT NULL,
  PRIMARY KEY (`id`)
) ENGINE=InnoDB AUTO_INCREMENT=8 DEFAULT CHARSET=utf8;
/*!40101 SET character_set_client = @saved_cs_client */;

--
-- Dumping data for table `tag`
--

LOCK TABLES `tag` WRITE;
/*!40000 ALTER TABLE `tag` DISABLE KEYS */;
INSERT INTO `tag` VALUES (1,'深圳'),(2,'广州'),(3,'丽江'),(4,'玉龙雪山'),(5,'古城'),(6,'美女'),(7,'大山');
/*!40000 ALTER TABLE `tag` ENABLE KEYS */;
UNLOCK TABLES;

--
-- Table structure for table `tag_photo`
--

DROP TABLE IF EXISTS `tag_photo`;
/*!40101 SET @saved_cs_client     = @@character_set_client */;
/*!40101 SET character_set_client = utf8 */;
CREATE TABLE `tag_photo` (
  `tag_id` bigint(20) NOT NULL,
  `photo_id` bigint(20) NOT NULL,
  PRIMARY KEY (`tag_id`,`photo_id`),
  KEY `FK7C6DC54DE45A8D04` (`tag_id`),
  KEY `FK7C6DC54D194EAB84` (`photo_id`),
  CONSTRAINT `FK7C6DC54D194EAB84` FOREIGN KEY (`photo_id`) REFERENCES `photo` (`id`),
  CONSTRAINT `FK7C6DC54DE45A8D04` FOREIGN KEY (`tag_id`) REFERENCES `tag` (`id`)
) ENGINE=InnoDB DEFAULT CHARSET=utf8;
/*!40101 SET character_set_client = @saved_cs_client */;

--
-- Dumping data for table `tag_photo`
--

LOCK TABLES `tag_photo` WRITE;
/*!40000 ALTER TABLE `tag_photo` DISABLE KEYS */;
INSERT INTO `tag_photo` VALUES (1,4),(1,5),(1,6),(1,7),(1,8),(1,9),(1,10),(1,11),(1,12),(1,14),(1,22),(2,14),(2,23),(2,24),(2,25),(3,44),(3,45),(3,46),(3,47),(4,44),(5,45),(5,46),(5,47),(5,51),(6,45),(6,46),(6,51),(7,70),(7,82);
/*!40000 ALTER TABLE `tag_photo` ENABLE KEYS */;
UNLOCK TABLES;

--
-- Table structure for table `tag_user`
--

DROP TABLE IF EXISTS `tag_user`;
/*!40101 SET @saved_cs_client     = @@character_set_client */;
/*!40101 SET character_set_client = utf8 */;
CREATE TABLE `tag_user` (
  `tag_id` bigint(20) NOT NULL,
  `users_id` bigint(20) NOT NULL,
  PRIMARY KEY (`tag_id`,`users_id`),
  KEY `FKD2799550EFF87976` (`users_id`),
  KEY `FKD2799550E45A8D04` (`tag_id`),
  CONSTRAINT `FKD2799550E45A8D04` FOREIGN KEY (`tag_id`) REFERENCES `tag` (`id`),
  CONSTRAINT `FKD2799550EFF87976` FOREIGN KEY (`users_id`) REFERENCES `user_settings` (`id`)
) ENGINE=InnoDB DEFAULT CHARSET=utf8;
/*!40101 SET character_set_client = @saved_cs_client */;

--
-- Dumping data for table `tag_user`
--

LOCK TABLES `tag_user` WRITE;
/*!40000 ALTER TABLE `tag_user` DISABLE KEYS */;
/*!40000 ALTER TABLE `tag_user` ENABLE KEYS */;
UNLOCK TABLES;

--
-- Table structure for table `travel`
--

DROP TABLE IF EXISTS `travel`;
/*!40101 SET @saved_cs_client     = @@character_set_client */;
/*!40101 SET character_set_client = utf8 */;
CREATE TABLE `travel` (
  `id` bigint(20) NOT NULL AUTO_INCREMENT,
  `address` varchar(255) DEFAULT NULL,
  `create_time` datetime DEFAULT NULL,
  `description` varchar(255) DEFAULT NULL,
  `modify_time` datetime DEFAULT NULL,
  `time_end` datetime DEFAULT NULL,
  `time_start` datetime DEFAULT NULL,
  `title` varchar(255) DEFAULT NULL,
  `spot_id` bigint(20) DEFAULT NULL,
  `user_id` bigint(20) DEFAULT NULL,
  PRIMARY KEY (`id`),
  KEY `FKCC667F1AF707A0D3` (`user_id`),
  KEY `FKCC667F1A1D5B27EA` (`spot_id`),
  CONSTRAINT `FKCC667F1A1D5B27EA` FOREIGN KEY (`spot_id`) REFERENCES `travel_spot` (`id`),
  CONSTRAINT `FKCC667F1AF707A0D3` FOREIGN KEY (`user_id`) REFERENCES `user_settings` (`id`)
) ENGINE=InnoDB AUTO_INCREMENT=10 DEFAULT CHARSET=utf8;
/*!40101 SET character_set_client = @saved_cs_client */;

--
-- Dumping data for table `travel`
--

LOCK TABLES `travel` WRITE;
/*!40000 ALTER TABLE `travel` DISABLE KEYS */;
INSERT INTO `travel` VALUES (1,NULL,'2014-06-24 00:29:51',NULL,NULL,NULL,NULL,'广州万顷沙',NULL,1),(2,NULL,'2014-06-24 09:17:36',NULL,NULL,NULL,NULL,'上海',NULL,3),(3,NULL,'2014-06-24 20:00:59',NULL,NULL,NULL,NULL,'深圳行',NULL,3),(4,NULL,'2014-06-26 21:21:07',NULL,NULL,NULL,NULL,'端午杭州行',NULL,3),(5,NULL,'2014-06-27 10:57:53',NULL,NULL,NULL,NULL,'丽江行',NULL,3),(6,NULL,'2014-06-27 11:16:26',NULL,NULL,NULL,NULL,'百花山山顶洞两日游',NULL,3),(7,NULL,'2014-06-27 13:31:31','山雨欲来，黑云压山\n云蒙山两日游',NULL,NULL,NULL,'云蒙山两日游',NULL,3),(8,NULL,'2014-06-30 11:42:08',NULL,NULL,NULL,NULL,'大理行',NULL,3),(9,NULL,'2014-06-30 16:31:29',NULL,NULL,NULL,NULL,'',NULL,3);
/*!40000 ALTER TABLE `travel` ENABLE KEYS */;
UNLOCK TABLES;

--
-- Table structure for table `travel_likes`
--

DROP TABLE IF EXISTS `travel_likes`;
/*!40101 SET @saved_cs_client     = @@character_set_client */;
/*!40101 SET character_set_client = utf8 */;
CREATE TABLE `travel_likes` (
  `travel_id` bigint(20) NOT NULL,
  `likes_id` bigint(20) NOT NULL,
  PRIMARY KEY (`travel_id`,`likes_id`),
  UNIQUE KEY `likes_id` (`likes_id`),
  KEY `FKA6ECEA57450B2BCB` (`likes_id`),
  KEY `FKA6ECEA57960985B0` (`travel_id`),
  CONSTRAINT `FKA6ECEA57960985B0` FOREIGN KEY (`travel_id`) REFERENCES `travel` (`id`),
  CONSTRAINT `FKA6ECEA57450B2BCB` FOREIGN KEY (`likes_id`) REFERENCES `likes` (`id`)
) ENGINE=InnoDB DEFAULT CHARSET=utf8;
/*!40101 SET character_set_client = @saved_cs_client */;

--
-- Dumping data for table `travel_likes`
--

LOCK TABLES `travel_likes` WRITE;
/*!40000 ALTER TABLE `travel_likes` DISABLE KEYS */;
/*!40000 ALTER TABLE `travel_likes` ENABLE KEYS */;
UNLOCK TABLES;

--
-- Table structure for table `travel_spot`
--

DROP TABLE IF EXISTS `travel_spot`;
/*!40101 SET @saved_cs_client     = @@character_set_client */;
/*!40101 SET character_set_client = utf8 */;
CREATE TABLE `travel_spot` (
  `id` bigint(20) NOT NULL AUTO_INCREMENT,
  `address` varchar(255) DEFAULT NULL,
  `center_lat` double DEFAULT NULL,
  `center_lng` double DEFAULT NULL,
  `create_time` datetime DEFAULT NULL,
  `description` varchar(255) DEFAULT NULL,
  `modify_time` datetime DEFAULT NULL,
  `time_end` datetime DEFAULT NULL,
  `time_start` datetime DEFAULT NULL,
  `title` varchar(255) DEFAULT NULL,
  `travel_id` bigint(20) DEFAULT NULL,
  PRIMARY KEY (`id`),
  KEY `FKEC9F9307960985B0` (`travel_id`),
  CONSTRAINT `FKEC9F9307960985B0` FOREIGN KEY (`travel_id`) REFERENCES `travel` (`id`)
) ENGINE=InnoDB AUTO_INCREMENT=30 DEFAULT CHARSET=utf8;
/*!40101 SET character_set_client = @saved_cs_client */;

--
-- Dumping data for table `travel_spot`
--

LOCK TABLES `travel_spot` WRITE;
/*!40000 ALTER TABLE `travel_spot` DISABLE KEYS */;
INSERT INTO `travel_spot` VALUES (1,NULL,NULL,NULL,NULL,NULL,NULL,NULL,'2014-06-17 19:00:44',NULL,1),(2,NULL,NULL,NULL,NULL,NULL,NULL,NULL,'2013-09-18 20:42:14',NULL,2),(3,NULL,NULL,NULL,NULL,NULL,NULL,NULL,'2014-06-24 19:56:08',NULL,3),(4,NULL,NULL,NULL,NULL,NULL,NULL,NULL,'2014-06-21 15:40:51',NULL,3),(5,NULL,NULL,NULL,NULL,NULL,NULL,NULL,'2014-06-21 15:40:51',NULL,3),(12,'',NULL,NULL,NULL,'',NULL,NULL,'2014-06-21 00:00:00','',3),(14,NULL,NULL,NULL,NULL,NULL,NULL,NULL,'2014-06-22 15:07:02',NULL,2),(15,'',NULL,NULL,NULL,'',NULL,NULL,'2014-06-22 00:00:00','',3),(17,'',NULL,NULL,NULL,'',NULL,NULL,'2014-06-21 00:00:00','',3),(18,NULL,NULL,NULL,NULL,NULL,NULL,NULL,'2014-05-31 15:46:23',NULL,4),(19,NULL,NULL,NULL,NULL,NULL,NULL,NULL,'2014-06-01 10:28:53',NULL,4),(22,NULL,NULL,NULL,NULL,NULL,NULL,NULL,'2014-01-11 13:32:59',NULL,5),(23,NULL,NULL,NULL,NULL,NULL,NULL,NULL,'2014-01-12 11:42:03',NULL,5),(25,NULL,NULL,NULL,NULL,NULL,NULL,NULL,NULL,NULL,5),(26,NULL,NULL,NULL,NULL,NULL,NULL,NULL,'2013-09-14 17:21:35',NULL,6),(27,NULL,NULL,NULL,NULL,NULL,NULL,NULL,'2013-09-15 05:56:30',NULL,6),(28,'北京市密云县石城镇云蒙山',NULL,NULL,NULL,'',NULL,NULL,'2013-08-31 14:06:25','',7),(29,NULL,NULL,NULL,NULL,NULL,NULL,NULL,NULL,NULL,8);
/*!40000 ALTER TABLE `travel_spot` ENABLE KEYS */;
UNLOCK TABLES;

--
-- Table structure for table `travel_spot_photo`
--

DROP TABLE IF EXISTS `travel_spot_photo`;
/*!40101 SET @saved_cs_client     = @@character_set_client */;
/*!40101 SET character_set_client = utf8 */;
CREATE TABLE `travel_spot_photo` (
  `travel_spot_id` bigint(20) NOT NULL,
  `photos_id` bigint(20) NOT NULL,
  PRIMARY KEY (`travel_spot_id`,`photos_id`),
  UNIQUE KEY `photos_id` (`photos_id`),
  KEY `FK82892FAB25593C5` (`travel_spot_id`),
  KEY `FK82892FA32C50AD5` (`photos_id`),
  CONSTRAINT `FK82892FA32C50AD5` FOREIGN KEY (`photos_id`) REFERENCES `photo` (`id`),
  CONSTRAINT `FK82892FAB25593C5` FOREIGN KEY (`travel_spot_id`) REFERENCES `travel_spot` (`id`)
) ENGINE=InnoDB DEFAULT CHARSET=utf8;
/*!40101 SET character_set_client = @saved_cs_client */;

--
-- Dumping data for table `travel_spot_photo`
--

LOCK TABLES `travel_spot_photo` WRITE;
/*!40000 ALTER TABLE `travel_spot_photo` DISABLE KEYS */;
INSERT INTO `travel_spot_photo` VALUES (12,3),(12,4),(12,5),(12,6),(12,7),(12,8),(12,9),(12,10),(12,11),(12,12),(17,13),(17,14),(12,15),(12,16),(12,17),(12,18),(17,19),(15,20),(15,21),(17,22),(17,23),(17,24),(19,27),(18,28),(19,29),(18,30),(18,31),(19,32),(19,33),(22,44),(23,45),(23,47),(22,48),(22,49),(23,50),(23,51),(27,52),(26,53),(27,54),(26,55),(27,56),(27,57),(27,58),(27,59),(27,60),(26,61),(26,62),(28,64),(28,65),(28,66),(28,67),(28,68),(28,69),(28,70),(29,82);
/*!40000 ALTER TABLE `travel_spot_photo` ENABLE KEYS */;
UNLOCK TABLES;

--
-- Table structure for table `travel_travel_spot`
--

DROP TABLE IF EXISTS `travel_travel_spot`;
/*!40101 SET @saved_cs_client     = @@character_set_client */;
/*!40101 SET character_set_client = utf8 */;
CREATE TABLE `travel_travel_spot` (
  `travel_id` bigint(20) NOT NULL,
  `spots_id` bigint(20) NOT NULL,
  PRIMARY KEY (`travel_id`,`spots_id`),
  UNIQUE KEY `spots_id` (`spots_id`),
  KEY `FK647A99622760C6DB` (`spots_id`),
  KEY `FK647A9962960985B0` (`travel_id`),
  CONSTRAINT `FK647A9962960985B0` FOREIGN KEY (`travel_id`) REFERENCES `travel` (`id`),
  CONSTRAINT `FK647A99622760C6DB` FOREIGN KEY (`spots_id`) REFERENCES `travel_spot` (`id`)
) ENGINE=InnoDB DEFAULT CHARSET=utf8;
/*!40101 SET character_set_client = @saved_cs_client */;

--
-- Dumping data for table `travel_travel_spot`
--

LOCK TABLES `travel_travel_spot` WRITE;
/*!40000 ALTER TABLE `travel_travel_spot` DISABLE KEYS */;
INSERT INTO `travel_travel_spot` VALUES (1,1),(2,2),(3,12),(2,14),(3,15),(3,17),(4,18),(4,19),(5,22),(5,23),(5,25),(6,26),(6,27),(7,28),(8,29);
/*!40000 ALTER TABLE `travel_travel_spot` ENABLE KEYS */;
UNLOCK TABLES;

--
-- Table structure for table `user_follower`
--

DROP TABLE IF EXISTS `user_follower`;
/*!40101 SET @saved_cs_client     = @@character_set_client */;
/*!40101 SET character_set_client = utf8 */;
CREATE TABLE `user_follower` (
  `user_settings_id` bigint(20) NOT NULL,
  `follower_id` bigint(20) NOT NULL,
  PRIMARY KEY (`user_settings_id`,`follower_id`),
  UNIQUE KEY `follower_id` (`follower_id`),
  KEY `FK15007A125D46D822` (`follower_id`),
  KEY `FK15007A129B92C307` (`user_settings_id`),
  CONSTRAINT `FK15007A129B92C307` FOREIGN KEY (`user_settings_id`) REFERENCES `user_settings` (`id`),
  CONSTRAINT `FK15007A125D46D822` FOREIGN KEY (`follower_id`) REFERENCES `app_user` (`id`)
) ENGINE=InnoDB DEFAULT CHARSET=utf8;
/*!40101 SET character_set_client = @saved_cs_client */;

--
-- Dumping data for table `user_follower`
--

LOCK TABLES `user_follower` WRITE;
/*!40000 ALTER TABLE `user_follower` DISABLE KEYS */;
/*!40000 ALTER TABLE `user_follower` ENABLE KEYS */;
UNLOCK TABLES;

--
-- Table structure for table `user_following`
--

DROP TABLE IF EXISTS `user_following`;
/*!40101 SET @saved_cs_client     = @@character_set_client */;
/*!40101 SET character_set_client = utf8 */;
CREATE TABLE `user_following` (
  `user_settings_id` bigint(20) NOT NULL,
  `following_id` bigint(20) NOT NULL,
  PRIMARY KEY (`user_settings_id`,`following_id`),
  UNIQUE KEY `following_id` (`following_id`),
  KEY `FK8B0ED71D9B92C307` (`user_settings_id`),
  KEY `FK8B0ED71D94A80CCF` (`following_id`),
  CONSTRAINT `FK8B0ED71D94A80CCF` FOREIGN KEY (`following_id`) REFERENCES `app_user` (`id`),
  CONSTRAINT `FK8B0ED71D9B92C307` FOREIGN KEY (`user_settings_id`) REFERENCES `user_settings` (`id`)
) ENGINE=InnoDB DEFAULT CHARSET=utf8;
/*!40101 SET character_set_client = @saved_cs_client */;

--
-- Dumping data for table `user_following`
--

LOCK TABLES `user_following` WRITE;
/*!40000 ALTER TABLE `user_following` DISABLE KEYS */;
/*!40000 ALTER TABLE `user_following` ENABLE KEYS */;
UNLOCK TABLES;

--
-- Table structure for table `user_role`
--

DROP TABLE IF EXISTS `user_role`;
/*!40101 SET @saved_cs_client     = @@character_set_client */;
/*!40101 SET character_set_client = utf8 */;
CREATE TABLE `user_role` (
  `user_id` bigint(20) NOT NULL,
  `role_id` bigint(20) NOT NULL,
  PRIMARY KEY (`user_id`,`role_id`),
  KEY `FK143BF46A4FD90D75` (`role_id`),
  KEY `FK143BF46AF503D155` (`user_id`),
  CONSTRAINT `FK143BF46AF503D155` FOREIGN KEY (`user_id`) REFERENCES `app_user` (`id`),
  CONSTRAINT `FK143BF46A4FD90D75` FOREIGN KEY (`role_id`) REFERENCES `role` (`id`)
) ENGINE=InnoDB DEFAULT CHARSET=utf8;
/*!40101 SET character_set_client = @saved_cs_client */;

--
-- Dumping data for table `user_role`
--

LOCK TABLES `user_role` WRITE;
/*!40000 ALTER TABLE `user_role` DISABLE KEYS */;
INSERT INTO `user_role` VALUES (2,1),(1,2),(3,2),(4,2),(5,2),(6,2),(7,2),(8,2);
/*!40000 ALTER TABLE `user_role` ENABLE KEYS */;
UNLOCK TABLES;

--
-- Table structure for table `user_settings`
--

DROP TABLE IF EXISTS `user_settings`;
/*!40101 SET @saved_cs_client     = @@character_set_client */;
/*!40101 SET character_set_client = utf8 */;
CREATE TABLE `user_settings` (
  `id` bigint(20) NOT NULL,
  `alert_comments` bit(1) DEFAULT NULL,
  `alert_group_invitations` bit(1) DEFAULT NULL,
  `alert_photos` bit(1) DEFAULT NULL,
  `all_rights_reserved` bit(1) DEFAULT NULL,
  `commercial_use` bit(1) DEFAULT NULL,
  `description` varchar(500) DEFAULT NULL,
  `homepage_url` varchar(255) DEFAULT NULL,
  `map_vendor` int(11) DEFAULT NULL,
  `modify` bit(1) DEFAULT NULL,
  `name` varchar(255) DEFAULT NULL,
  `private_messages` bit(1) DEFAULT NULL,
  `url_name` varchar(255) DEFAULT NULL,
  `avatar` bigint(20) DEFAULT NULL,
  PRIMARY KEY (`id`),
  KEY `FK58861617D66624E8` (`avatar`),
  CONSTRAINT `FK58861617D66624E8` FOREIGN KEY (`avatar`) REFERENCES `avatar` (`id`)
) ENGINE=InnoDB DEFAULT CHARSET=utf8;
/*!40101 SET character_set_client = @saved_cs_client */;

--
-- Dumping data for table `user_settings`
--

LOCK TABLES `user_settings` WRITE;
/*!40000 ALTER TABLE `user_settings` DISABLE KEYS */;
INSERT INTO `user_settings` VALUES (1,NULL,NULL,NULL,NULL,NULL,NULL,NULL,NULL,NULL,'暗梅幽闻花',NULL,'anypossible',1),(2,NULL,NULL,NULL,NULL,NULL,NULL,NULL,NULL,NULL,'卧似透春绿',NULL,'wstcl',1),(3,NULL,NULL,NULL,NULL,NULL,NULL,NULL,2,NULL,'行走江湖多年',NULL,NULL,2),(4,NULL,NULL,NULL,NULL,NULL,NULL,NULL,NULL,NULL,'xiaoniu',NULL,NULL,3),(5,NULL,NULL,NULL,NULL,NULL,NULL,NULL,0,NULL,'597592485',NULL,NULL,NULL),(6,NULL,NULL,NULL,NULL,NULL,NULL,NULL,NULL,NULL,'wangtiwu521',NULL,NULL,NULL),(7,NULL,NULL,NULL,NULL,NULL,NULL,NULL,NULL,NULL,'高高朱',NULL,NULL,NULL),(8,NULL,NULL,NULL,NULL,NULL,NULL,NULL,NULL,NULL,'micky',NULL,NULL,NULL);
/*!40000 ALTER TABLE `user_settings` ENABLE KEYS */;
UNLOCK TABLES;

--
-- Table structure for table `user_tag`
--

DROP TABLE IF EXISTS `user_tag`;
/*!40101 SET @saved_cs_client     = @@character_set_client */;
/*!40101 SET character_set_client = utf8 */;
CREATE TABLE `user_tag` (
  `user_settings_id` bigint(20) NOT NULL,
  `tags_id` bigint(20) NOT NULL,
  PRIMARY KEY (`user_settings_id`,`tags_id`),
  KEY `FKF022FD26BC9B5425` (`tags_id`),
  KEY `FKF022FD269B92C307` (`user_settings_id`),
  CONSTRAINT `FKF022FD269B92C307` FOREIGN KEY (`user_settings_id`) REFERENCES `user_settings` (`id`),
  CONSTRAINT `FKF022FD26BC9B5425` FOREIGN KEY (`tags_id`) REFERENCES `tag` (`id`)
) ENGINE=InnoDB DEFAULT CHARSET=utf8;
/*!40101 SET character_set_client = @saved_cs_client */;

--
-- Dumping data for table `user_tag`
--

LOCK TABLES `user_tag` WRITE;
/*!40000 ALTER TABLE `user_tag` DISABLE KEYS */;
INSERT INTO `user_tag` VALUES (3,1),(3,2),(3,3),(3,4),(3,5),(3,6),(3,7);
/*!40000 ALTER TABLE `user_tag` ENABLE KEYS */;
UNLOCK TABLES;

--
-- Table structure for table `user_travel`
--

DROP TABLE IF EXISTS `user_travel`;
/*!40101 SET @saved_cs_client     = @@character_set_client */;
/*!40101 SET character_set_client = utf8 */;
CREATE TABLE `user_travel` (
  `user_settings_id` bigint(20) NOT NULL,
  `travels_id` bigint(20) NOT NULL,
  UNIQUE KEY `travels_id` (`travels_id`),
  KEY `FKF89FC60E731A3BD1` (`travels_id`),
  KEY `FKF89FC60E9B92C307` (`user_settings_id`),
  CONSTRAINT `FKF89FC60E9B92C307` FOREIGN KEY (`user_settings_id`) REFERENCES `user_settings` (`id`),
  CONSTRAINT `FKF89FC60E731A3BD1` FOREIGN KEY (`travels_id`) REFERENCES `travel` (`id`)
) ENGINE=InnoDB DEFAULT CHARSET=utf8;
/*!40101 SET character_set_client = @saved_cs_client */;

--
-- Dumping data for table `user_travel`
--

LOCK TABLES `user_travel` WRITE;
/*!40000 ALTER TABLE `user_travel` DISABLE KEYS */;
INSERT INTO `user_travel` VALUES (1,1),(3,2),(3,3),(3,4),(3,5),(3,6),(3,7),(3,8),(3,9);
/*!40000 ALTER TABLE `user_travel` ENABLE KEYS */;
UNLOCK TABLES;

--
-- Table structure for table `views`
--

DROP TABLE IF EXISTS `views`;
/*!40101 SET @saved_cs_client     = @@character_set_client */;
/*!40101 SET character_set_client = utf8 */;
CREATE TABLE `views` (
  `app_id` varchar(255) NOT NULL,
  `date` datetime NOT NULL,
  `photo_id` bigint(20) NOT NULL,
  `count` int(11) DEFAULT NULL,
  PRIMARY KEY (`app_id`,`date`,`photo_id`),
  KEY `FK6B01A6E194EAB84` (`photo_id`),
  CONSTRAINT `FK6B01A6E194EAB84` FOREIGN KEY (`photo_id`) REFERENCES `photo` (`id`)
) ENGINE=InnoDB DEFAULT CHARSET=utf8;
/*!40101 SET character_set_client = @saved_cs_client */;

--
-- Dumping data for table `views`
--

LOCK TABLES `views` WRITE;
/*!40000 ALTER TABLE `views` DISABLE KEYS */;
INSERT INTO `views` VALUES ('main','2014-06-24 00:00:00',1,61),('main','2014-06-24 00:00:00',2,19),('main','2014-06-24 00:00:00',3,5),('main','2014-06-24 00:00:00',4,6),('main','2014-06-24 00:00:00',5,3),('main','2014-06-24 00:00:00',6,6),('main','2014-06-24 00:00:00',7,1),('main','2014-06-24 00:00:00',8,5),('main','2014-06-24 00:00:00',9,2),('main','2014-06-24 00:00:00',10,2),('main','2014-06-24 00:00:00',11,2),('main','2014-06-24 00:00:00',12,2),('main','2014-06-24 00:00:00',13,5),('main','2014-06-24 00:00:00',14,2),('main','2014-06-24 00:00:00',16,1),('main','2014-06-24 00:00:00',17,1),('main','2014-06-24 00:00:00',19,2),('main','2014-06-24 00:00:00',20,4),('main','2014-06-24 00:00:00',21,3),('main','2014-06-24 00:00:00',25,4),('main','2014-06-26 00:00:00',1,5),('main','2014-06-26 00:00:00',2,12),('main','2014-06-26 00:00:00',3,5),('main','2014-06-26 00:00:00',4,7),('main','2014-06-26 00:00:00',5,1),('main','2014-06-26 00:00:00',6,2),('main','2014-06-26 00:00:00',7,1),('main','2014-06-26 00:00:00',8,3),('main','2014-06-26 00:00:00',9,4),('main','2014-06-26 00:00:00',10,1),('main','2014-06-26 00:00:00',11,1),('main','2014-06-26 00:00:00',12,3),('main','2014-06-26 00:00:00',13,2),('main','2014-06-26 00:00:00',14,3),('main','2014-06-26 00:00:00',15,2),('main','2014-06-26 00:00:00',16,12),('main','2014-06-26 00:00:00',17,1),('main','2014-06-26 00:00:00',18,1),('main','2014-06-26 00:00:00',19,3),('main','2014-06-26 00:00:00',20,7),('main','2014-06-26 00:00:00',21,4),('main','2014-06-26 00:00:00',22,2),('main','2014-06-26 00:00:00',23,5),('main','2014-06-26 00:00:00',24,2),('main','2014-06-26 00:00:00',25,8),('main','2014-06-26 00:00:00',26,11),('main','2014-06-26 00:00:00',27,1),('main','2014-06-26 00:00:00',28,1),('main','2014-06-26 00:00:00',30,1),('main','2014-06-26 00:00:00',31,3),('main','2014-06-26 00:00:00',32,1),('main','2014-06-26 00:00:00',33,1),('main','2014-06-26 00:00:00',34,1),('main','2014-06-26 00:00:00',35,1),('main','2014-06-26 00:00:00',38,1),('main','2014-06-27 00:00:00',1,5),('main','2014-06-27 00:00:00',2,5),('main','2014-06-27 00:00:00',3,1),('main','2014-06-27 00:00:00',4,4),('main','2014-06-27 00:00:00',5,1),('main','2014-06-27 00:00:00',6,2),('main','2014-06-27 00:00:00',8,1),('main','2014-06-27 00:00:00',9,8),('main','2014-06-27 00:00:00',10,16),('main','2014-06-27 00:00:00',11,4),('main','2014-06-27 00:00:00',12,27),('main','2014-06-27 00:00:00',13,1),('main','2014-06-27 00:00:00',14,6),('main','2014-06-27 00:00:00',15,6),('main','2014-06-27 00:00:00',16,8),('main','2014-06-27 00:00:00',17,5),('main','2014-06-27 00:00:00',18,6),('main','2014-06-27 00:00:00',19,2),('main','2014-06-27 00:00:00',20,7),('main','2014-06-27 00:00:00',21,8),('main','2014-06-27 00:00:00',24,2),('main','2014-06-27 00:00:00',25,40),('main','2014-06-27 00:00:00',26,2),('main','2014-06-27 00:00:00',27,1),('main','2014-06-27 00:00:00',28,4),('main','2014-06-27 00:00:00',29,1),('main','2014-06-27 00:00:00',34,1),('main','2014-06-27 00:00:00',35,2),('main','2014-06-27 00:00:00',37,4),('main','2014-06-27 00:00:00',39,2),('main','2014-06-27 00:00:00',41,1),('main','2014-06-27 00:00:00',43,2),('main','2014-06-27 00:00:00',44,1),('main','2014-06-27 00:00:00',45,6),('main','2014-06-27 00:00:00',46,3),('main','2014-06-27 00:00:00',47,2),('main','2014-06-27 00:00:00',48,1),('main','2014-06-27 00:00:00',49,3),('main','2014-06-27 00:00:00',50,1),('main','2014-06-27 00:00:00',51,2),('main','2014-06-27 00:00:00',52,5),('main','2014-06-27 00:00:00',55,1),('main','2014-06-27 00:00:00',61,1),('main','2014-06-27 00:00:00',62,2),('main','2014-06-27 00:00:00',63,14),('main','2014-06-27 00:00:00',64,1),('main','2014-06-27 00:00:00',65,1),('main','2014-06-27 00:00:00',68,1),('main','2014-06-27 00:00:00',69,1),('main','2014-06-28 00:00:00',4,2),('main','2014-06-28 00:00:00',9,1),('main','2014-06-28 00:00:00',10,2),('main','2014-06-28 00:00:00',12,6),('main','2014-06-28 00:00:00',15,1),('main','2014-06-28 00:00:00',16,1),('main','2014-06-28 00:00:00',17,1),('main','2014-06-28 00:00:00',18,1),('main','2014-06-28 00:00:00',20,3),('main','2014-06-28 00:00:00',26,1),('main','2014-06-28 00:00:00',28,1),('main','2014-06-28 00:00:00',49,1),('main','2014-06-28 00:00:00',50,1),('main','2014-06-28 00:00:00',51,1),('main','2014-06-28 00:00:00',61,1),('main','2014-06-28 00:00:00',62,3),('main','2014-06-28 00:00:00',63,5),('main','2014-06-28 00:00:00',78,1),('main','2014-06-28 00:00:00',79,2),('main','2014-06-28 00:00:00',80,11),('main','2014-06-29 00:00:00',2,1),('main','2014-06-29 00:00:00',3,2),('main','2014-06-29 00:00:00',4,2),('main','2014-06-29 00:00:00',5,2),('main','2014-06-29 00:00:00',6,2),('main','2014-06-29 00:00:00',7,2),('main','2014-06-29 00:00:00',8,2),('main','2014-06-29 00:00:00',9,3),('main','2014-06-29 00:00:00',10,3),('main','2014-06-29 00:00:00',11,2),('main','2014-06-29 00:00:00',12,4),('main','2014-06-29 00:00:00',13,2),('main','2014-06-29 00:00:00',14,2),('main','2014-06-29 00:00:00',15,3),('main','2014-06-29 00:00:00',16,3),('main','2014-06-29 00:00:00',17,3),('main','2014-06-29 00:00:00',18,3),('main','2014-06-29 00:00:00',19,2),('main','2014-06-29 00:00:00',20,3),('main','2014-06-29 00:00:00',21,2),('main','2014-06-29 00:00:00',22,2),('main','2014-06-29 00:00:00',23,2),('main','2014-06-29 00:00:00',24,2),('main','2014-06-29 00:00:00',27,2),('main','2014-06-29 00:00:00',28,3),('main','2014-06-29 00:00:00',29,2),('main','2014-06-29 00:00:00',30,1),('main','2014-06-29 00:00:00',31,1),('main','2014-06-29 00:00:00',32,2),('main','2014-06-29 00:00:00',33,1),('main','2014-06-29 00:00:00',78,1),('main','2014-06-30 00:00:00',1,2),('main','2014-06-30 00:00:00',2,3),('main','2014-06-30 00:00:00',5,1),('main','2014-06-30 00:00:00',10,3),('main','2014-06-30 00:00:00',11,1),('main','2014-06-30 00:00:00',14,1),('main','2014-06-30 00:00:00',16,1),('main','2014-06-30 00:00:00',20,1),('main','2014-06-30 00:00:00',25,3),('main','2014-06-30 00:00:00',26,1),('main','2014-06-30 00:00:00',28,1),('main','2014-06-30 00:00:00',59,2),('main','2014-06-30 00:00:00',61,2),('main','2014-06-30 00:00:00',62,2),('main','2014-06-30 00:00:00',63,1),('main','2014-06-30 00:00:00',64,1),('main','2014-06-30 00:00:00',81,1),('main','2014-06-30 00:00:00',82,1),('main','2014-06-30 00:00:00',83,1),('main','2014-06-30 00:00:00',88,1),('main','2014-07-01 00:00:00',25,1),('main','2014-07-01 00:00:00',64,2),('main','2014-07-01 00:00:00',65,1),('main','2014-07-01 00:00:00',66,1),('main','2014-07-01 00:00:00',68,1),('main','2014-07-01 00:00:00',69,1),('main','2014-07-01 00:00:00',70,1),('main','2014-07-01 00:00:00',82,1),('main','2014-07-01 00:00:00',83,1),('main','2014-07-01 00:00:00',88,3),('main','2014-07-01 00:00:00',89,1),('main','2014-07-01 00:00:00',90,2),('main','2014-07-02 00:00:00',2,2),('main','2014-07-02 00:00:00',5,2),('main','2014-07-02 00:00:00',6,2),('main','2014-07-02 00:00:00',7,2),('main','2014-07-02 00:00:00',8,2),('main','2014-07-02 00:00:00',9,5),('main','2014-07-02 00:00:00',10,4),('main','2014-07-02 00:00:00',11,2),('main','2014-07-02 00:00:00',12,4),('main','2014-07-02 00:00:00',15,4),('main','2014-07-02 00:00:00',16,4),('main','2014-07-02 00:00:00',17,2),('main','2014-07-02 00:00:00',18,2),('main','2014-07-02 00:00:00',20,2),('main','2014-07-02 00:00:00',21,2),('main','2014-07-02 00:00:00',25,1),('main','2014-07-02 00:00:00',27,4),('main','2014-07-02 00:00:00',28,3),('main','2014-07-02 00:00:00',29,2),('main','2014-07-02 00:00:00',30,2),('main','2014-07-02 00:00:00',31,2),('main','2014-07-02 00:00:00',32,3),('main','2014-07-02 00:00:00',33,2),('main','2014-07-02 00:00:00',45,3),('main','2014-07-02 00:00:00',50,2),('main','2014-07-02 00:00:00',51,2),('main','2014-07-02 00:00:00',52,3),('main','2014-07-02 00:00:00',53,2),('main','2014-07-02 00:00:00',55,2),('main','2014-07-02 00:00:00',57,2),('main','2014-07-02 00:00:00',58,2),('main','2014-07-02 00:00:00',59,3),('main','2014-07-02 00:00:00',60,2),('main','2014-07-02 00:00:00',61,2),('main','2014-07-02 00:00:00',62,3),('main','2014-07-02 00:00:00',63,2),('main','2014-07-02 00:00:00',64,2),('main','2014-07-02 00:00:00',65,2),('main','2014-07-02 00:00:00',66,2),('main','2014-07-02 00:00:00',67,2),('main','2014-07-02 00:00:00',68,2),('main','2014-07-02 00:00:00',69,2),('main','2014-07-02 00:00:00',70,2),('main','2014-07-02 00:00:00',82,1),('main','2014-07-03 00:00:00',25,4),('main','2014-07-04 00:00:00',4,1),('main','2014-07-04 00:00:00',9,1),('main','2014-07-04 00:00:00',10,1),('main','2014-07-04 00:00:00',12,1),('main','2014-07-04 00:00:00',14,1),('main','2014-07-04 00:00:00',15,1),('main','2014-07-06 00:00:00',1,2),('main','2014-07-06 00:00:00',28,1),('main','2014-07-06 00:00:00',50,2),('main','2014-07-06 00:00:00',63,1),('main','2014-07-07 00:00:00',1,1),('main','2014-07-07 00:00:00',28,2),('main','2014-07-07 00:00:00',32,2),('main','2014-07-07 00:00:00',44,1),('main','2014-07-10 00:00:00',12,1),('main','2014-07-10 00:00:00',22,1),('main','2014-07-10 00:00:00',23,1),('main','2014-07-10 00:00:00',24,1),('main','2014-07-10 00:00:00',26,1),('main','2014-07-10 00:00:00',81,1),('main','2014-07-10 00:00:00',83,3),('main','2014-07-10 00:00:00',91,1),('main','2014-07-13 00:00:00',1,1),('main','2014-07-15 00:00:00',1,1),('main','2014-07-15 00:00:00',10,1),('main','2014-07-15 00:00:00',16,1),('main','2014-07-15 00:00:00',20,44),('main','2014-07-15 00:00:00',25,1),('main','2014-07-16 00:00:00',26,1),('main','2014-07-16 00:00:00',81,1),('main','2014-07-16 00:00:00',83,2),('main','2014-07-16 00:00:00',91,1),('main','2014-07-16 00:00:00',92,1),('main','2014-07-19 00:00:00',52,1),('main','2014-07-19 00:00:00',53,1),('main','2014-07-19 00:00:00',54,1),('main','2014-07-19 00:00:00',55,1),('main','2014-07-19 00:00:00',56,1),('main','2014-07-19 00:00:00',57,1),('main','2014-07-19 00:00:00',58,1),('main','2014-07-19 00:00:00',59,1),('main','2014-07-19 00:00:00',60,1),('main','2014-07-19 00:00:00',61,2),('main','2014-07-19 00:00:00',62,4),('main','2014-07-19 00:00:00',63,2),('main','2014-07-21 00:00:00',1,2),('main','2014-07-24 00:00:00',10,1),('main','2014-08-06 00:00:00',10,1),('main','2014-08-06 00:00:00',62,1),('main','2014-08-14 00:00:00',20,2);
/*!40000 ALTER TABLE `views` ENABLE KEYS */;
UNLOCK TABLES;

--
-- Dumping routines for database 'ponmdb'
--
/*!50003 DROP FUNCTION IF EXISTS `filterPanoramioByRatingF` */;
/*!50003 SET @saved_cs_client      = @@character_set_client */ ;
/*!50003 SET @saved_cs_results     = @@character_set_results */ ;
/*!50003 SET @saved_col_connection = @@collation_connection */ ;
/*!50003 SET character_set_client  = utf8 */ ;
/*!50003 SET character_set_results = utf8 */ ;
/*!50003 SET collation_connection  = utf8_general_ci */ ;
/*!50003 SET @saved_sql_mode       = @@sql_mode */ ;
/*!50003 SET sql_mode              = 'STRICT_TRANS_TABLES,NO_AUTO_CREATE_USER,NO_ENGINE_SUBSTITUTION' */ ;
DELIMITER ;;
CREATE DEFINER=`anypossible`@`%` FUNCTION `filterPanoramioByRatingF`() RETURNS int(11)
BEGIN

RETURN 1;
END ;;
DELIMITER ;
/*!50003 SET sql_mode              = @saved_sql_mode */ ;
/*!50003 SET character_set_client  = @saved_cs_client */ ;
/*!50003 SET character_set_results = @saved_cs_results */ ;
/*!50003 SET collation_connection  = @saved_col_connection */ ;
/*!50003 DROP PROCEDURE IF EXISTS `getPhotoGisIndex` */;
/*!50003 SET @saved_cs_client      = @@character_set_client */ ;
/*!50003 SET @saved_cs_results     = @@character_set_results */ ;
/*!50003 SET @saved_col_connection = @@collation_connection */ ;
/*!50003 SET character_set_client  = utf8 */ ;
/*!50003 SET character_set_results = utf8 */ ;
/*!50003 SET collation_connection  = utf8_general_ci */ ;
/*!50003 SET @saved_sql_mode       = @@sql_mode */ ;
/*!50003 SET sql_mode              = 'STRICT_TRANS_TABLES,NO_AUTO_CREATE_USER,NO_ENGINE_SUBSTITUTION' */ ;
DELIMITER ;;
CREATE DEFINER=`anypossible`@`%` PROCEDURE `getPhotoGisIndex`(in swLat double,
                                     in swLng double,
									 in neLat double,
                                     in neLng double,
                                     in zoomLevel int(11),
                                     in width int4,
								     in height int4)
BEGIN
	DECLARE done_photo INT DEFAULT false;
	declare lat1 double;
	declare lng1 double;
	declare zoomLevel1 int(11);
	declare photoId1 bigint(20);
	declare lat2 double;
	declare lng2 double;
	declare zoomLevel2 int(11);
	declare photoId2 bigint(20);
	declare not_exist INT default true;

    DECLARE cursor_photo CURSOR FOR 
		SELECT * from photo_gisindex 
			where zoom_level = zoomLevel
				and lat > swLat
				and lat < nelat
				and lng > swLng
				and lng < neLng;  
	declare cursor_pgindex CURSOR FOR select * from t_pgindex;
	DECLARE CONTINUE HANDLER FOR NOT FOUND SET done_photo = true;
	
	
	DROP TEMPORARY TABLE IF EXISTS t_pgindex;
	create temporary table IF NOT EXISTS t_pgindex like photo_gisindex;
	
	open cursor_photo;
	photo_loop: LOOP
		set done_photo = false;
		fetch cursor_photo into lat1, lng1, zoomLevel1, photoId1;
		if done_photo then 
			LEAVE photo_loop;
		end if;
		SET not_exist = true;
		open cursor_pgindex;
		pgindex_loop: loop
			set done_photo = false;
			fetch cursor_pgindex into lat2, lng2, zoomLevel2, photoId2;
			if done_photo then
				LEAVE pgindex_loop;
			end if;
			if ABS((lat1 - lat2)*height/(neLat - swLat)) < 34
				and ABS((lng1 - lng2)*width/(neLng - swLng)) < 34 then
				set not_exist = false;
				LEAVE pgindex_loop;
			end if;
		end loop;
		close cursor_pgindex;
		if not_exist then 
			insert into t_pgindex values(lat1, lng1, zoomLevel1, photoId1);
		end if;
	end loop;
	close cursor_photo;
	select * from t_pgindex;
END ;;
DELIMITER ;
/*!50003 SET sql_mode              = @saved_sql_mode */ ;
/*!50003 SET character_set_client  = @saved_cs_client */ ;
/*!50003 SET character_set_results = @saved_cs_results */ ;
/*!50003 SET collation_connection  = @saved_col_connection */ ;
/*!50003 DROP PROCEDURE IF EXISTS `getPhotoPanoramioIndex` */;
/*!50003 SET @saved_cs_client      = @@character_set_client */ ;
/*!50003 SET @saved_cs_results     = @@character_set_results */ ;
/*!50003 SET @saved_col_connection = @@collation_connection */ ;
/*!50003 SET character_set_client  = utf8 */ ;
/*!50003 SET character_set_results = utf8 */ ;
/*!50003 SET collation_connection  = utf8_general_ci */ ;
/*!50003 SET @saved_sql_mode       = @@sql_mode */ ;
/*!50003 SET sql_mode              = 'STRICT_TRANS_TABLES,NO_AUTO_CREATE_USER,NO_ENGINE_SUBSTITUTION' */ ;
DELIMITER ;;
CREATE DEFINER=`anypossible`@`%` PROCEDURE `getPhotoPanoramioIndex`(in swLat double,
	                                       in swLng double,
										   in neLat double,
	                                       in neLng double,
	                                       in i_level int(2),
										   in i_vendor char(50),
	                                       in i_width int(4),
											in i_height int(4),
											in i_latest boolean)
BEGIN
	DECLARE l_measure DOUBLE DEFAULT 40;
	DECLARE swLatLow DOUBLE;
	DECLARE swLngLow DOUBLE;
	DECLARE l_south DOUBLE;
	DECLARE l_west  DOUBLE;
	DECLARE l_north DOUBLE;
	DECLARE l_east  DOUBLE;

	SET l_measure = l_measure / (SELECT POW(2, i_level));	
	
	set l_south = swLat - (select swLat % l_measure);
	set l_west  = swLng - (select swLng % l_measure);
	set l_north = neLat - (select neLat % l_measure);
	set l_east  = neLng - (select neLng % l_measure);

/** */
	if i_vendor is null then
		set i_vendor = 'gps';
	end if;
	if i_latest then
		IF l_east > l_west THEN
			SELECT i.photo_id, i.photo_rating as rating, g.lat, g.lng, g.alt, g.address, '' as title
				FROM photo_latest_index as i
				inner join photo_gps as g
				  on i.photo_id = g.photo_id AND g.vendor = i_vendor
				WHERE i.level = i_level
				  AND i.south <= l_north
				  AND i.south >= l_south
				  AND i.west  <= l_east
				  AND i.west  >= l_west;
		ELSE
			SELECT i.photo_id, i.photo_rating as rating, g.lat, g.lng, g.alt, g.address, '' as title
				FROM photo_latest_index as i
				  inner join photo_gps as g
					  on i.photo_id = g.photo_id AND g.vendor = i_vendor
				WHERE i.level = i_level
				  AND i.south <= l_north
				  AND i.south >= l_south
				  AND ( ( i.west  >= l_west AND i.west  <= 180 )
					OR ( i.west >= -180 AND i.west <= l_east));
		END IF;
	else
		IF l_east > l_west THEN
			SELECT i.photo_id, i.photo_rating as rating, g.lat, g.lng, g.alt, g.address, '' as title
				FROM photo_panoramio_index as i
				inner join photo_gps as g
				  on i.photo_id = g.photo_id AND g.vendor = i_vendor
				WHERE i.level = i_level
				  AND i.south <= l_north
				  AND i.south >= l_south
				  AND i.west  <= l_east
				  AND i.west  >= l_west;
		ELSE
			SELECT i.photo_id, i.photo_rating as rating, g.lat, g.lng, g.alt, g.address, '' as title
				FROM photo_panoramio_index as i
				  inner join photo_gps as g
					  on i.photo_id = g.photo_id AND g.vendor = i_vendor
				WHERE i.level = i_level
				  AND i.south <= l_north
				  AND i.south >= l_south
				  AND ( ( i.west  >= l_west AND i.west  <= 180 )
					OR ( i.west >= -180 AND i.west <= l_east));
		END IF;
	end if;
END ;;
DELIMITER ;
/*!50003 SET sql_mode              = @saved_sql_mode */ ;
/*!50003 SET character_set_client  = @saved_cs_client */ ;
/*!50003 SET character_set_results = @saved_cs_results */ ;
/*!50003 SET collation_connection  = @saved_col_connection */ ;
/*!50003 DROP PROCEDURE IF EXISTS `getUserFavPanoramio` */;
/*!50003 SET @saved_cs_client      = @@character_set_client */ ;
/*!50003 SET @saved_cs_results     = @@character_set_results */ ;
/*!50003 SET @saved_col_connection = @@collation_connection */ ;
/*!50003 SET character_set_client  = utf8 */ ;
/*!50003 SET character_set_results = utf8 */ ;
/*!50003 SET collation_connection  = utf8_general_ci */ ;
/*!50003 SET @saved_sql_mode       = @@sql_mode */ ;
/*!50003 SET sql_mode              = 'STRICT_TRANS_TABLES,NO_AUTO_CREATE_USER,NO_ENGINE_SUBSTITUTION' */ ;
DELIMITER ;;
CREATE DEFINER=`anypossible`@`%` PROCEDURE `getUserFavPanoramio`(in i_swLat double,
                                     in i_swLng double,
									 in i_neLat double,
                                     in i_neLng double,
                                     in i_level int(2),
									 in i_vendor char(50),
                                     in i_width int(4),
								     in i_height int(4),
									 in i_userId BIGINT(20))
BEGIN
	DECLARE done_photo INT DEFAULT FALSE;
	declare not_exist INT default true;
	DECLARE l_swLng double;
	DECLARE l_neLng double;

	DECLARE l_id BIGINT(20);
	DECLARE l_lat double;
	DECLARE l_lng double;
	DECLARE l_alt double;
	DECLARE l_rating INT(11);
	DECLARE l_title VARCHAR(255);
	DECLARE l_address VARCHAR(255);
	
	DECLARE l_lat_temp double;
	DECLARE l_lng_temp double;
	DECLARE l_rating_temp INT(11);

	DECLARE cursor_photo CURSOR FOR 
		SELECT p.id, p.lat, p.lng, p.alt, p.rating, p.title, p.address 
			from photo as p inner join favorite as f
			on p.id = f.photo_id
			where p.lat > i_swLat
				and p.lat < i_nelat
				and p.lng > l_swLng
				and p.lng < l_neLng
				and f.user_id = i_userId;  
/******一下逻辑和getUserPhotoPanoramio逻辑一样，只不过是photo表取数不同**********************************************************/
	declare cursor_upIndex CURSOR FOR select lat, lng, rating from t_userPhotoIndex;
	DECLARE CONTINUE HANDLER FOR NOT FOUND SET done_photo = true;
	DROP TEMPORARY TABLE IF EXISTS t_userPhotoIndex;
	create temporary table IF NOT EXISTS t_userPhotoIndex like photo_panoramio;
	
	if i_swLng < i_neLng then
		set l_swLng = i_swLng;
		set l_neLng = i_neLng;
/*******重复逻辑*****************************************************/
	open cursor_photo;
	photo_loop: LOOP
		set done_photo = false;
		fetch cursor_photo into l_id, l_lat, l_lng, l_alt, l_rating, l_title, l_address;
		if done_photo then 
			LEAVE photo_loop;
		end if;
		SET not_exist = true;
		open cursor_upIndex;
		upIndex_loop: loop
			set done_photo = false;
			fetch cursor_upIndex into l_lat_temp, l_lng_temp, l_rating_temp;
			if done_photo then
				LEAVE upIndex_loop;
			end if;
			if ABS((l_lat - l_lat_temp)*i_height/(i_neLat - i_swLat)) < 34
				and ABS((l_lng - l_lng_temp)*i_width/(i_neLng - i_swLng)) < 34 then
				set not_exist = false;
				LEAVE upIndex_loop;
			end if;
		end loop;
		close cursor_upIndex;
		if not_exist then 
			insert into t_userPhotoIndex(`photo_id`, `lat`, `lng`, `alt`, `rating`, `title`, `address`) values(l_id, l_lat, l_lng, l_alt, l_rating, l_title, l_address);
		end if;
	end loop;
	close cursor_photo;
/****************************************************************/		
	else
		set l_swLng = i_swLng;
		set l_neLng = 180;
/*******重复逻辑*****************************************************/
	open cursor_photo;
	photo_loop: LOOP
		set done_photo = false;
		fetch cursor_photo into l_id, l_lat, l_lng, l_alt, l_rating, l_title, l_address;
		if done_photo then 
			LEAVE photo_loop;
		end if;
		SET not_exist = true;
		open cursor_upIndex;
		upIndex_loop: loop
			set done_photo = false;
			fetch cursor_upIndex into l_lat_temp, l_lng_temp, l_rating_temp;
			if done_photo then
				LEAVE upIndex_loop;
			end if;
			if ABS((l_lat - l_lat_temp)*i_height/(i_neLat - i_swLat)) < 34
				and ABS((l_lng - l_lng_temp)*i_width/(i_neLng - i_swLng)) < 34 then
				set not_exist = false;
				LEAVE upIndex_loop;
			end if;
		end loop;
		close cursor_upIndex;
		if not_exist then 
			insert into t_userPhotoIndex(`photo_id`, `lat`, `lng`, `alt`, `rating`, `title`, `address`) values(l_id, l_lat, l_lng, l_alt, l_rating, l_title, l_address);
		end if;
	end loop;
	close cursor_photo;
/****************************************************************/
		set l_swLng = -180;
		set l_neLng = i_neLng;
/*******重复逻辑*****************************************************/
	open cursor_photo;
	photo_loop: LOOP
		set done_photo = false;
		fetch cursor_photo into l_id, l_lat, l_lng, l_alt, l_rating, l_title, l_address;
		if done_photo then 
			LEAVE photo_loop;
		end if;
		SET not_exist = true;
		open cursor_upIndex;
		upIndex_loop: loop
			set done_photo = false;
			fetch cursor_upIndex into l_lat_temp, l_lng_temp, l_rating_temp;
			if done_photo then
				LEAVE upIndex_loop;
			end if;
			if ABS((l_lat - l_lat_temp)*i_height/(i_neLat - i_swLat)) < 34
				and ABS((l_lng - l_lng_temp)*i_width/(i_neLng - i_swLng)) < 34 then
				set not_exist = false;
				LEAVE upIndex_loop;
			end if;
		end loop;
		close cursor_upIndex;
		if not_exist then 
			insert into t_userPhotoIndex(`photo_id`, `lat`, `lng`, `alt`, `rating`, `title`, `address`) values(l_id, l_lat, l_lng, l_alt, l_rating, l_title, l_address);
		end if;
	end loop;
	close cursor_photo;
/****************************************************************/
	end if;
	
	select * from t_userPhotoIndex;
END ;;
DELIMITER ;
/*!50003 SET sql_mode              = @saved_sql_mode */ ;
/*!50003 SET character_set_client  = @saved_cs_client */ ;
/*!50003 SET character_set_results = @saved_cs_results */ ;
/*!50003 SET collation_connection  = @saved_col_connection */ ;
/*!50003 DROP PROCEDURE IF EXISTS `getUserPhotoPanoramio` */;
/*!50003 SET @saved_cs_client      = @@character_set_client */ ;
/*!50003 SET @saved_cs_results     = @@character_set_results */ ;
/*!50003 SET @saved_col_connection = @@collation_connection */ ;
/*!50003 SET character_set_client  = utf8 */ ;
/*!50003 SET character_set_results = utf8 */ ;
/*!50003 SET collation_connection  = utf8_general_ci */ ;
/*!50003 SET @saved_sql_mode       = @@sql_mode */ ;
/*!50003 SET sql_mode              = 'STRICT_TRANS_TABLES,NO_AUTO_CREATE_USER,NO_ENGINE_SUBSTITUTION' */ ;
DELIMITER ;;
CREATE DEFINER=`anypossible`@`%` PROCEDURE `getUserPhotoPanoramio`(in i_swLat double,
                                     in i_swLng double,
									 in i_neLat double,
                                     in i_neLng double,
                                     in i_level int(2),
									 in i_vendor char(50),
                                     in i_width int(4),
								     in i_height int(4),
									 in i_userId BIGINT(20))
BEGIN
	
	DECLARE done_photo INT DEFAULT FALSE;
	declare not_exist INT default true;
	DECLARE l_swLng double;
	DECLARE l_neLng double;
	
	DECLARE l_id BIGINT(20);
	DECLARE l_lat double;
	DECLARE l_lng double;
	DECLARE l_alt double;
	DECLARE l_rating INT(11);
	DECLARE l_title VARCHAR(255);
	DECLARE l_address VARCHAR(255);
	
	DECLARE l_lat_temp double;
	DECLARE l_lng_temp double;
	DECLARE l_rating_temp INT(11);
	
	DECLARE cursor_photo CURSOR FOR 
		SELECT id, lat, lng, alt, rating, title, address from photo
			where lat > i_swLat
				and lat < i_nelat
				and lng > l_swLng
				and lng < l_neLng
				and owner_id = i_userId;  
	declare cursor_upIndex CURSOR FOR select lat, lng, rating from t_userPhotoIndex;
	DECLARE CONTINUE HANDLER FOR NOT FOUND SET done_photo = true;
	DROP TEMPORARY TABLE IF EXISTS t_userPhotoIndex;
	create temporary table IF NOT EXISTS t_userPhotoIndex like photo_panoramio;
	
	if i_swLng < i_neLng then
		set l_swLng = i_swLng;
		set l_neLng = i_neLng;
/*******重复逻辑*****************************************************/
	open cursor_photo;
	photo_loop: LOOP
		set done_photo = false;
		fetch cursor_photo into l_id, l_lat, l_lng, l_alt, l_rating, l_title, l_address;
		if done_photo then 
			LEAVE photo_loop;
		end if;
		SET not_exist = true;
		open cursor_upIndex;
		upIndex_loop: loop
			set done_photo = false;
			fetch cursor_upIndex into l_lat_temp, l_lng_temp, l_rating_temp;
			if done_photo then
				LEAVE upIndex_loop;
			end if;
			if ABS((l_lat - l_lat_temp)*i_height/(i_neLat - i_swLat)) < 34
				and ABS((l_lng - l_lng_temp)*i_width/(i_neLng - i_swLng)) < 34 then
				set not_exist = false;
				LEAVE upIndex_loop;
			end if;
		end loop;
		close cursor_upIndex;
		if not_exist then 
			insert into t_userPhotoIndex(`photo_id`, `lat`, `lng`, `alt`, `rating`, `title`, `address`) values(l_id, l_lat, l_lng, l_alt, l_rating, l_title, l_address);
		end if;
	end loop;
	close cursor_photo;
/****************************************************************/		
	else
		set l_swLng = i_swLng;
		set l_neLng = 180;
/*******重复逻辑*****************************************************/
	open cursor_photo;
	photo_loop: LOOP
		set done_photo = false;
		fetch cursor_photo into l_id, l_lat, l_lng, l_alt, l_rating, l_title, l_address;
		if done_photo then 
			LEAVE photo_loop;
		end if;
		SET not_exist = true;
		open cursor_upIndex;
		upIndex_loop: loop
			set done_photo = false;
			fetch cursor_upIndex into l_lat_temp, l_lng_temp, l_rating_temp;
			if done_photo then
				LEAVE upIndex_loop;
			end if;
			if ABS((l_lat - l_lat_temp)*i_height/(i_neLat - i_swLat)) < 34
				and ABS((l_lng - l_lng_temp)*i_width/(i_neLng - i_swLng)) < 34 then
				set not_exist = false;
				LEAVE upIndex_loop;
			end if;
		end loop;
		close cursor_upIndex;
		if not_exist then 
			insert into t_userPhotoIndex(`photo_id`, `lat`, `lng`, `alt`, `rating`, `title`, `address`) values(l_id, l_lat, l_lng, l_alt, l_rating, l_title, l_address);
		end if;
	end loop;
	close cursor_photo;
/****************************************************************/
		set l_swLng = -180;
		set l_neLng = i_neLng;
/*******重复逻辑*****************************************************/
	open cursor_photo;
	photo_loop: LOOP
		set done_photo = false;
		fetch cursor_photo into l_id, l_lat, l_lng, l_alt, l_rating, l_title, l_address;
		if done_photo then 
			LEAVE photo_loop;
		end if;
		SET not_exist = true;
		open cursor_upIndex;
		upIndex_loop: loop
			set done_photo = false;
			fetch cursor_upIndex into l_lat_temp, l_lng_temp, l_rating_temp;
			if done_photo then
				LEAVE upIndex_loop;
			end if;
			if ABS((l_lat - l_lat_temp)*i_height/(i_neLat - i_swLat)) < 34
				and ABS((l_lng - l_lng_temp)*i_width/(i_neLng - i_swLng)) < 34 then
				set not_exist = false;
				LEAVE upIndex_loop;
			end if;
		end loop;
		close cursor_upIndex;
		if not_exist then 
			insert into t_userPhotoIndex(`photo_id`, `lat`, `lng`, `alt`, `rating`, `title`, `address`) values(l_id, l_lat, l_lng, l_alt, l_rating, l_title, l_address);
		end if;
	end loop;
	close cursor_photo;
/****************************************************************/
	end if;
	
	select * from t_userPhotoIndex;
END ;;
DELIMITER ;
/*!50003 SET sql_mode              = @saved_sql_mode */ ;
/*!50003 SET character_set_client  = @saved_cs_client */ ;
/*!50003 SET character_set_results = @saved_cs_results */ ;
/*!50003 SET collation_connection  = @saved_col_connection */ ;
/*!50003 DROP PROCEDURE IF EXISTS `updatePhotoGisIndex` */;
/*!50003 SET @saved_cs_client      = @@character_set_client */ ;
/*!50003 SET @saved_cs_results     = @@character_set_results */ ;
/*!50003 SET @saved_col_connection = @@collation_connection */ ;
/*!50003 SET character_set_client  = utf8 */ ;
/*!50003 SET character_set_results = utf8 */ ;
/*!50003 SET collation_connection  = utf8_general_ci */ ;
/*!50003 SET @saved_sql_mode       = @@sql_mode */ ;
/*!50003 SET sql_mode              = 'STRICT_TRANS_TABLES,NO_AUTO_CREATE_USER,NO_ENGINE_SUBSTITUTION' */ ;
DELIMITER ;;
CREATE DEFINER=`anypossible`@`%` PROCEDURE `updatePhotoGisIndex`()
BEGIN
  DECLARE n INT Default 0 ;
/** update photo rating */
  update photo as p set rating = (select count(*) from comment as c
        where c.photo_id = p.id);

/** cal map level photos */  
	delete from photo_gisindex;
	insert into photo_gisindex 
		select DISTINCT lat, lng, 1, id 
			from photo
			where (lat <> 0 or lng <> 0) group by lat, lng order by rating desc;
  
  update_level_loop: LOOP
	SET n = n + 1;
	insert into photo_gisindex 
		select lat, lng, (n + 1), photo_id 
			from photo_gisindex
			where zoom_level = n;
         IF n = 7 THEN
            LEAVE update_level_loop;
         END IF;
   END LOOP update_level_loop;
END ;;
DELIMITER ;
/*!50003 SET sql_mode              = @saved_sql_mode */ ;
/*!50003 SET character_set_client  = @saved_cs_client */ ;
/*!50003 SET character_set_results = @saved_cs_results */ ;
/*!50003 SET collation_connection  = @saved_col_connection */ ;
/*!50003 DROP PROCEDURE IF EXISTS `updatePhotoLatestIndex` */;
/*!50003 SET @saved_cs_client      = @@character_set_client */ ;
/*!50003 SET @saved_cs_results     = @@character_set_results */ ;
/*!50003 SET @saved_col_connection = @@collation_connection */ ;
/*!50003 SET character_set_client  = utf8 */ ;
/*!50003 SET character_set_results = utf8 */ ;
/*!50003 SET collation_connection  = utf8_general_ci */ ;
/*!50003 SET @saved_sql_mode       = @@sql_mode */ ;
/*!50003 SET sql_mode              = 'STRICT_TRANS_TABLES,NO_AUTO_CREATE_USER,NO_ENGINE_SUBSTITUTION' */ ;
DELIMITER ;;
CREATE DEFINER=`anypossible`@`%` PROCEDURE `updatePhotoLatestIndex`()
BEGIN
	DECLARE default_measure DOUBLE DEFAULT 40;
	DECLARE l_measure DOUBLE;
	DECLARE l_level int(11);
	DECLARE l_photo_id bigint(20);
	DECLARE l_rating int(11);
	DECLARE l_photo_rating int(11);
	DECLARE l_lat DOUBLE;
	DECLARE l_lng DOUBLE;
	DECLARE l_south DOUBLE;
	DECLARE l_west DOUBLE;
	DECLARE l_panor_id bigint(20);
	DECLARE l_panor_rating int(11);
	DECLARE done_photo INT DEFAULT false;
	DECLARE cursor_photo CURSOR FOR 
		SELECT id, rating, lat, lng from photo
			where lat <> 0
			  and lng <> 0;

	DECLARE cursor_panor CURSOR FOR
		SELECT south, west, photo_id, rating, photo_rating
			from photo_latest_index
			where level = l_level;
	DECLARE CONTINUE HANDLER FOR NOT FOUND SET done_photo = true;

/** 以创建时间为条件计算出rating，时间越新rating越大，就这点是和updatePhotoPanoramioIndex逻辑不同*/
	update photo as p set rating = 1000000/(1+DATEDIFF(CURDATE(), create_date));

/** 以下逻辑除了photo_latest_index表不同，其他逻辑同updatePhotoPanoramioIndex一样 */
	update photo_latest_index set rating = 0, photo_rating = 0;

/** 更新最底层photo */
	set l_level = 19;
	SET l_measure = default_measure / (SELECT POW(2, l_level));
	
	open cursor_photo;
	photo_loop: LOOP
		set done_photo = false;
		fetch cursor_photo into l_photo_id, l_photo_rating, l_lat, l_lng;
		if done_photo then 
			LEAVE photo_loop;
		end if;

		set l_south = l_lat - (select l_lat % l_measure);
		set l_west  = l_lng - (select l_lng % l_measure);
		set l_panor_id = 0;
		set l_panor_rating = 0;
		select photo_id, photo_rating into l_panor_id, l_panor_rating
			from photo_latest_index
			where level = l_level
			  AND south = l_south
			  AND west  = l_west;
		
		if(l_panor_id = 0) then 
			INSERT INTO photo_latest_index (`level`,
				`south`,
				`west`,
				`photo_id`,
				`rating`,
				`photo_rating`)
				VALUES
				( l_level,
				l_south,
				l_west,
				l_photo_id,
				l_photo_rating,
				l_photo_rating);
		elseif( l_photo_rating > l_panor_rating) then 
			UPDATE photo_latest_index
				SET
				photo_id = l_photo_id,
				rating = (rating + l_photo_rating),
				photo_rating = l_photo_rating
				WHERE level = l_level 
                  AND south = l_south 
				  AND west  = l_west;
		else
			UPDATE photo_latest_index
				SET
				rating = (rating + l_photo_rating)
				WHERE level = l_level 
                  AND south = l_south 
				  AND west  = l_west;
		end if;
	end LOOP;
	close cursor_photo;


/** 更新各level的photo */
	while l_level > 1 do
		
		SET l_measure = default_measure / (SELECT POW(2, l_level - 1));
		open cursor_panor;
		panor_loop: LOOP
			set done_photo = false;
			fetch cursor_panor into l_lat, l_lng, l_photo_id, l_rating, l_photo_rating;
			if done_photo then 
				LEAVE panor_loop;
			end if;
			set l_south = l_lat - (select l_lat % l_measure);
			set l_west  = l_lng - (select l_lng % l_measure);
			set l_panor_id = 0;
			set l_panor_rating = 0;
			select photo_id, photo_rating into l_panor_id, l_panor_rating
				from photo_latest_index
				where level = (l_level - 1)
				  AND south = l_south
				  AND west  = l_west;
			if(l_panor_id = 0) then 
				INSERT INTO photo_latest_index (`level`,
					`south`,
					`west`,
					`photo_id`,
					`rating`,
					`photo_rating`)
					VALUES
					( l_level - 1,
					l_south,
					l_west,
					l_photo_id,
					l_rating,
					l_photo_rating);
			elseif( l_photo_rating > l_panor_rating) then
				UPDATE photo_latest_index
					SET
					photo_id = l_photo_id,
					rating = (rating + l_photo_rating),
					photo_rating = l_photo_rating
					WHERE level = (l_level - 1) 
					  AND south = l_south 
					  AND west  = l_west;
			else
				UPDATE photo_latest_index
					SET
					rating = (rating + l_photo_rating)
					WHERE level = (l_level - 1) 
					  AND south = l_south 
					  AND west  = l_west;
			end if;
		end loop;
		close cursor_panor;
		set l_level = l_level - 1;
	End while ;	
END ;;
DELIMITER ;
/*!50003 SET sql_mode              = @saved_sql_mode */ ;
/*!50003 SET character_set_client  = @saved_cs_client */ ;
/*!50003 SET character_set_results = @saved_cs_results */ ;
/*!50003 SET collation_connection  = @saved_col_connection */ ;
/*!50003 DROP PROCEDURE IF EXISTS `updatePhotoPanoramioIndex` */;
/*!50003 SET @saved_cs_client      = @@character_set_client */ ;
/*!50003 SET @saved_cs_results     = @@character_set_results */ ;
/*!50003 SET @saved_col_connection = @@collation_connection */ ;
/*!50003 SET character_set_client  = utf8 */ ;
/*!50003 SET character_set_results = utf8 */ ;
/*!50003 SET collation_connection  = utf8_general_ci */ ;
/*!50003 SET @saved_sql_mode       = @@sql_mode */ ;
/*!50003 SET sql_mode              = 'STRICT_TRANS_TABLES,NO_AUTO_CREATE_USER,NO_ENGINE_SUBSTITUTION' */ ;
DELIMITER ;;
CREATE DEFINER=`anypossible`@`%` PROCEDURE `updatePhotoPanoramioIndex`()
BEGIN
	DECLARE default_measure DOUBLE DEFAULT 40;
	DECLARE l_measure DOUBLE;
	DECLARE l_level int(11);
	DECLARE l_photo_id bigint(20);
	DECLARE l_rating int(11);
	DECLARE l_photo_rating int(11);
	DECLARE l_lat DOUBLE;
	DECLARE l_lng DOUBLE;
	DECLARE l_south DOUBLE;
	DECLARE l_west DOUBLE;
	DECLARE l_panor_id bigint(20);
	DECLARE l_panor_rating int(11);
	DECLARE done_photo INT DEFAULT false;
	DECLARE cursor_photo CURSOR FOR 
		SELECT id, rating, lat, lng from photo
			where lat <> 0
			  and lng <> 0;

	DECLARE cursor_panor CURSOR FOR 
		SELECT south, west, photo_id, rating, photo_rating
			from photo_panoramio_index
			where level = l_level;
	DECLARE CONTINUE HANDLER FOR NOT FOUND SET done_photo = true;

/** update photo rating */
    update photo as p set rating = (select count(*) from comment as c
        where c.photo_id = p.id);
	update photo_panoramio_index set rating = 0, photo_rating = 0;

/** 更新最底层photo */
	set l_level = 19;
	SET l_measure = default_measure / (SELECT POW(2, l_level));
	
	open cursor_photo;
	photo_loop: LOOP
		set done_photo = false;
		fetch cursor_photo into l_photo_id, l_photo_rating, l_lat, l_lng;
		if done_photo then 
			LEAVE photo_loop;
		end if;

		set l_south = l_lat - (select l_lat % l_measure);
		set l_west  = l_lng - (select l_lng % l_measure);
		set l_panor_id = 0;
		set l_panor_rating = 0;
		select photo_id, photo_rating into l_panor_id, l_panor_rating
			from photo_panoramio_index
			where level = l_level
			  AND south = l_south
			  AND west  = l_west;
		
		if(l_panor_id = 0) then 
			INSERT INTO photo_panoramio_index (`level`,
				`south`,
				`west`,
				`photo_id`,
				`rating`,
				`photo_rating`)
				VALUES
				( l_level,
				l_south,
				l_west,
				l_photo_id,
				l_photo_rating,
				l_photo_rating);
		elseif( l_photo_rating > l_panor_rating) then 
			UPDATE photo_panoramio_index
				SET
				photo_id = l_photo_id,
				rating = (rating + l_photo_rating),
				photo_rating = l_photo_rating
				WHERE level = l_level 
                  AND south = l_south 
				  AND west  = l_west;
		else
			UPDATE photo_panoramio_index
				SET
				rating = (rating + l_photo_rating)
				WHERE level = l_level 
                  AND south = l_south 
				  AND west  = l_west;
		end if;
	end LOOP;
	close cursor_photo;


/** 更新各level的photo */
	while l_level > 1 do
		
		SET l_measure = default_measure / (SELECT POW(2, l_level - 1));
		open cursor_panor;
		panor_loop: LOOP
			set done_photo = false;
			fetch cursor_panor into l_lat, l_lng, l_photo_id, l_rating, l_photo_rating;
			if done_photo then 
				LEAVE panor_loop;
			end if;
			set l_south = l_lat - (select l_lat % l_measure);
			set l_west  = l_lng - (select l_lng % l_measure);
			set l_panor_id = 0;
			set l_panor_rating = 0;
			select photo_id, photo_rating into l_panor_id, l_panor_rating
				from photo_panoramio_index
				where level = (l_level - 1)
				  AND south = l_south
				  AND west  = l_west;
			if(l_panor_id = 0) then 
				INSERT INTO photo_panoramio_index (`level`,
					`south`,
					`west`,
					`photo_id`,
					`rating`,
					`photo_rating`)
					VALUES
					( l_level - 1,
					l_south,
					l_west,
					l_photo_id,
					l_rating,
					l_photo_rating);
			elseif( l_photo_rating > l_panor_rating) then
				UPDATE photo_panoramio_index
					SET
					photo_id = l_photo_id,
					rating = (rating + l_photo_rating),
					photo_rating = l_photo_rating
					WHERE level = (l_level - 1) 
					  AND south = l_south 
					  AND west  = l_west;
			else
				UPDATE photo_panoramio_index
					SET
					rating = (rating + l_photo_rating)
					WHERE level = (l_level - 1) 
					  AND south = l_south 
					  AND west  = l_west;
			end if;
		end loop;
		close cursor_panor;
		set l_level = l_level - 1;
	End while ;	
END ;;
DELIMITER ;
/*!50003 SET sql_mode              = @saved_sql_mode */ ;
/*!50003 SET character_set_client  = @saved_cs_client */ ;
/*!50003 SET character_set_results = @saved_cs_results */ ;
/*!50003 SET collation_connection  = @saved_col_connection */ ;
/*!40103 SET TIME_ZONE=@OLD_TIME_ZONE */;

/*!40101 SET SQL_MODE=@OLD_SQL_MODE */;
/*!40014 SET FOREIGN_KEY_CHECKS=@OLD_FOREIGN_KEY_CHECKS */;
/*!40014 SET UNIQUE_CHECKS=@OLD_UNIQUE_CHECKS */;
/*!40101 SET CHARACTER_SET_CLIENT=@OLD_CHARACTER_SET_CLIENT */;
/*!40101 SET CHARACTER_SET_RESULTS=@OLD_CHARACTER_SET_RESULTS */;
/*!40101 SET COLLATION_CONNECTION=@OLD_COLLATION_CONNECTION */;
/*!40111 SET SQL_NOTES=@OLD_SQL_NOTES */;

-- Dump completed on 2014-08-16 15:04:45
