CREATE DATABASE  IF NOT EXISTS `ponmdb` /*!40100 DEFAULT CHARACTER SET utf8 */;
USE `ponmdb`;
-- MySQL dump 10.13  Distrib 5.6.13, for Win32 (x86)
--
-- Host: panoramio.mysql.rds.aliyuncs.com    Database: ponmdb
-- ------------------------------------------------------
-- Server version	5.5.18.1-Alibaba-rds-201406-log

/*!40101 SET @OLD_CHARACTER_SET_CLIENT=@@CHARACTER_SET_CLIENT */;
/*!40101 SET @OLD_CHARACTER_SET_RESULTS=@@CHARACTER_SET_RESULTS */;
/*!40101 SET @OLD_COLLATION_CONNECTION=@@COLLATION_CONNECTION */;
/*!40101 SET NAMES utf8 */;
/*!40103 SET @OLD_TIME_ZONE=@@TIME_ZONE */;
/*!40103 SET TIME_ZONE='+00:00' */;
/*!40014 SET @OLD_UNIQUE_CHECKS=@@UNIQUE_CHECKS, UNIQUE_CHECKS=0 */;
/*!40014 SET @OLD_FOREIGN_KEY_CHECKS=@@FOREIGN_KEY_CHECKS, FOREIGN_KEY_CHECKS=0 */;
/*!40101 SET @OLD_SQL_MODE=@@SQL_MODE, SQL_MODE='NO_AUTO_VALUE_ON_ZERO' */;
/*!40111 SET @OLD_SQL_NOTES=@@SQL_NOTES, SQL_NOTES=0 */;

--
-- Table structure for table `app_user`
--

DROP TABLE IF EXISTS `app_user`;
/*!40101 SET @saved_cs_client     = @@character_set_client */;
/*!40101 SET character_set_client = utf8 */;
CREATE TABLE `app_user` (
  `id` bigint(20) NOT NULL AUTO_INCREMENT,
  `account_expired` bit(1) NOT NULL,
  `account_locked` bit(1) NOT NULL,
  `address` varchar(150) DEFAULT NULL,
  `city` varchar(50) DEFAULT NULL,
  `country` varchar(100) DEFAULT NULL,
  `postal_code` varchar(15) DEFAULT NULL,
  `province` varchar(100) DEFAULT NULL,
  `credentials_expired` bit(1) NOT NULL,
  `email` varchar(255) NOT NULL,
  `account_enabled` bit(1) DEFAULT NULL,
  `first_name` varchar(50) NOT NULL,
  `last_name` varchar(50) NOT NULL,
  `password` varchar(255) NOT NULL,
  `password_hint` varchar(255) DEFAULT NULL,
  `phone_number` varchar(255) DEFAULT NULL,
  `username` varchar(50) NOT NULL,
  `version` int(11) DEFAULT NULL,
  `website` varchar(255) DEFAULT NULL,
  PRIMARY KEY (`id`),
  UNIQUE KEY `email` (`email`),
  UNIQUE KEY `username` (`username`)
) ENGINE=InnoDB AUTO_INCREMENT=13 DEFAULT CHARSET=utf8;
/*!40101 SET character_set_client = @saved_cs_client */;

--
-- Dumping data for table `app_user`
--

/*!40000 ALTER TABLE `app_user` DISABLE KEYS */;
REPLACE INTO `app_user` (`id`, `account_expired`, `account_locked`, `address`, `city`, `country`, `postal_code`, `province`, `credentials_expired`, `email`, `account_enabled`, `first_name`, `last_name`, `password`, `password_hint`, `phone_number`, `username`, `version`, `website`) VALUES (1,'\0','\0','','Denver','US','80210','CO','\0','matt_raible@yahoo.com','','Tomcat','User','b6b1f4781776979c0775c71ebdd8bdc084aac5fe','The same as your username.','','user',1,'http://tomcat.apache.org'),(2,'\0','\0','','Denver','US','80210','CO','\0','matt@raibledesigns.com','','Matt','Raible','a40546cc4fd6a12572828bb803380888ad1bfdab','The same as your username.','','admin',1,'http://raibledesigns.com'),(3,'\0','\0','','','','','','\0','anypossible@foxmail.com','','tw','w','9b617612301a0be61f5e718a64aeaeca9df127a6','a','','anypossible',0,''),(4,'\0','\0','','','','','','\0','774518973@qq.com','','xiaoniu','liu','23ff50cb21ee563dcd2d95a73d45456163c30db3','number','','xiaoniu',0,''),(5,'\0','\0','','','','','','\0','597592485@qq.com','','春晓','茌','ccb8fba024b5788d019dbb6a6d2cc9f7acfa937e','QQ','','597592485',0,''),(6,'\0','\0','','','','','','\0','wangtiwu521@163.com','','体武','王','04ae7a26f57b4b9b6341248b811837d764ba44a9','王体武','','wangtiwu521',0,''),(7,'\0','\0','','','','','','\0','834640841@qq.com','','莹','高','2ae0c36690f3bc8c33b95a4bdb91ea3464ff4562','我的名字是','','高高朱',0,''),(8,'\0','\0','','','','','','\0','meiqinsheng@163.com','','1','1','86f2a57bc96b4b5c1cffc24303b4b8cc5cb7390b','1','','micky',0,''),(11,'\0','\0',NULL,NULL,NULL,NULL,NULL,'\0','anypossible.w@foxmail.com','','','','bc95b3592c045843bd25f2b753c9197b259b8c4e',NULL,NULL,'anypossiblew',0,NULL),(12,'\0','\0',NULL,NULL,NULL,NULL,NULL,'\0','easyit@163.com','','','','bf68c8dd0dd9a7a0b576be881714738e4fcaee1d',NULL,NULL,'easyit',0,NULL);
/*!40000 ALTER TABLE `app_user` ENABLE KEYS */;

--
-- Table structure for table `avatar`
--

DROP TABLE IF EXISTS `avatar`;
/*!40101 SET @saved_cs_client     = @@character_set_client */;
/*!40101 SET character_set_client = utf8 */;
CREATE TABLE `avatar` (
  `id` bigint(20) NOT NULL AUTO_INCREMENT,
  `user_id` bigint(20) DEFAULT NULL,
  PRIMARY KEY (`id`),
  KEY `FKAC32C159F707A0D3` (`user_id`),
  CONSTRAINT `FKAC32C159F707A0D3` FOREIGN KEY (`user_id`) REFERENCES `user_settings` (`id`)
) ENGINE=InnoDB AUTO_INCREMENT=7 DEFAULT CHARSET=utf8;
/*!40101 SET character_set_client = @saved_cs_client */;

--
-- Dumping data for table `avatar`
--

/*!40000 ALTER TABLE `avatar` DISABLE KEYS */;
REPLACE INTO `avatar` (`id`, `user_id`) VALUES (1,NULL),(2,3),(3,4),(4,11),(5,11),(6,12);
/*!40000 ALTER TABLE `avatar` ENABLE KEYS */;

--
-- Table structure for table `comment`
--

DROP TABLE IF EXISTS `comment`;
/*!40101 SET @saved_cs_client     = @@character_set_client */;
/*!40101 SET character_set_client = utf8 */;
CREATE TABLE `comment` (
  `id` bigint(20) NOT NULL AUTO_INCREMENT,
  `comment` varchar(1000) DEFAULT NULL,
  `create_time` datetime DEFAULT NULL,
  `modify_time` datetime DEFAULT NULL,
  `photo_id` bigint(20) DEFAULT NULL,
  `user_id` bigint(20) DEFAULT NULL,
  PRIMARY KEY (`id`),
  KEY `FK38A5EE5FF503D155` (`user_id`),
  KEY `FK38A5EE5F194EAB84` (`photo_id`),
  CONSTRAINT `FK38A5EE5F194EAB84` FOREIGN KEY (`photo_id`) REFERENCES `photo` (`id`),
  CONSTRAINT `FK38A5EE5FF503D155` FOREIGN KEY (`user_id`) REFERENCES `app_user` (`id`)
) ENGINE=InnoDB AUTO_INCREMENT=11 DEFAULT CHARSET=utf8;
/*!40101 SET character_set_client = @saved_cs_client */;

--
-- Dumping data for table `comment`
--

/*!40000 ALTER TABLE `comment` DISABLE KEYS */;
REPLACE INTO `comment` (`id`, `comment`, `create_time`, `modify_time`, `photo_id`, `user_id`) VALUES (1,'Amazing','2014-06-26 17:04:53',NULL,2,4),(2,'very good','2014-06-27 11:42:35',NULL,10,3),(3,'Very good\nok','2014-07-01 13:14:00',NULL,88,3),(8,'good','2014-07-01 14:12:59',NULL,16,3),(9,'asdfasdf','2014-07-01 14:15:01',NULL,88,3),(10,'miss one','2014-08-16 17:02:12',NULL,99,12);
/*!40000 ALTER TABLE `comment` ENABLE KEYS */;

--
-- Table structure for table `comment_likes`
--

DROP TABLE IF EXISTS `comment_likes`;
/*!40101 SET @saved_cs_client     = @@character_set_client */;
/*!40101 SET character_set_client = utf8 */;
CREATE TABLE `comment_likes` (
  `comment_id` bigint(20) NOT NULL,
  `likes_id` bigint(20) NOT NULL,
  PRIMARY KEY (`comment_id`,`likes_id`),
  UNIQUE KEY `likes_id` (`likes_id`),
  KEY `FKBDAB11DC450B2BCB` (`likes_id`),
  KEY `FKBDAB11DCB05185E4` (`comment_id`),
  CONSTRAINT `FKBDAB11DCB05185E4` FOREIGN KEY (`comment_id`) REFERENCES `comment` (`id`),
  CONSTRAINT `FKBDAB11DC450B2BCB` FOREIGN KEY (`likes_id`) REFERENCES `likes` (`id`)
) ENGINE=InnoDB DEFAULT CHARSET=utf8;
/*!40101 SET character_set_client = @saved_cs_client */;

--
-- Dumping data for table `comment_likes`
--

/*!40000 ALTER TABLE `comment_likes` DISABLE KEYS */;
REPLACE INTO `comment_likes` (`comment_id`, `likes_id`) VALUES (2,5),(9,8);
/*!40000 ALTER TABLE `comment_likes` ENABLE KEYS */;

--
-- Table structure for table `favorite`
--

DROP TABLE IF EXISTS `favorite`;
/*!40101 SET @saved_cs_client     = @@character_set_client */;
/*!40101 SET character_set_client = utf8 */;
CREATE TABLE `favorite` (
  `user_id` bigint(20) NOT NULL,
  `date` datetime DEFAULT NULL,
  `photo_id` bigint(20) NOT NULL DEFAULT '0',
  PRIMARY KEY (`photo_id`,`user_id`),
  KEY `FK3EA1C99C194EAB84` (`photo_id`),
  CONSTRAINT `FK3EA1C99C194EAB84` FOREIGN KEY (`photo_id`) REFERENCES `photo` (`id`)
) ENGINE=InnoDB DEFAULT CHARSET=utf8;
/*!40101 SET character_set_client = @saved_cs_client */;

--
-- Dumping data for table `favorite`
--

/*!40000 ALTER TABLE `favorite` DISABLE KEYS */;
/*!40000 ALTER TABLE `favorite` ENABLE KEYS */;

--
-- Table structure for table `index_photo`
--

DROP TABLE IF EXISTS `index_photo`;
/*!40101 SET @saved_cs_client     = @@character_set_client */;
/*!40101 SET character_set_client = utf8 */;
CREATE TABLE `index_photo` (
  `id` bigint(20) NOT NULL,
  PRIMARY KEY (`id`),
  KEY `FK6451648565428A57` (`id`),
  CONSTRAINT `FK6451648565428A57` FOREIGN KEY (`id`) REFERENCES `photo` (`id`)
) ENGINE=InnoDB DEFAULT CHARSET=utf8;
/*!40101 SET character_set_client = @saved_cs_client */;

--
-- Dumping data for table `index_photo`
--

/*!40000 ALTER TABLE `index_photo` DISABLE KEYS */;
/*!40000 ALTER TABLE `index_photo` ENABLE KEYS */;

--
-- Table structure for table `likes`
--

DROP TABLE IF EXISTS `likes`;
/*!40101 SET @saved_cs_client     = @@character_set_client */;
/*!40101 SET character_set_client = utf8 */;
CREATE TABLE `likes` (
  `id` bigint(20) NOT NULL AUTO_INCREMENT,
  `create_time` datetime DEFAULT NULL,
  `type` int(11) DEFAULT NULL,
  `comment_id` bigint(20) DEFAULT NULL,
  `photo_id` bigint(20) DEFAULT NULL,
  `travel_id` bigint(20) DEFAULT NULL,
  `user_id` bigint(20) DEFAULT NULL,
  PRIMARY KEY (`id`),
  KEY `FK62343BCF503D155` (`user_id`),
  KEY `FK62343BC960985B0` (`travel_id`),
  KEY `FK62343BCB05185E4` (`comment_id`),
  KEY `FK62343BC194EAB84` (`photo_id`),
  CONSTRAINT `FK62343BC194EAB84` FOREIGN KEY (`photo_id`) REFERENCES `photo` (`id`),
  CONSTRAINT `FK62343BC960985B0` FOREIGN KEY (`travel_id`) REFERENCES `travel` (`id`),
  CONSTRAINT `FK62343BCB05185E4` FOREIGN KEY (`comment_id`) REFERENCES `comment` (`id`),
  CONSTRAINT `FK62343BCF503D155` FOREIGN KEY (`user_id`) REFERENCES `app_user` (`id`)
) ENGINE=InnoDB AUTO_INCREMENT=16 DEFAULT CHARSET=utf8;
/*!40101 SET character_set_client = @saved_cs_client */;

--
-- Dumping data for table `likes`
--

/*!40000 ALTER TABLE `likes` DISABLE KEYS */;
REPLACE INTO `likes` (`id`, `create_time`, `type`, `comment_id`, `photo_id`, `travel_id`, `user_id`) VALUES (1,'2014-06-26 17:04:45',1,NULL,2,NULL,4),(4,'2014-06-27 11:42:27',1,NULL,10,NULL,3),(5,'2014-06-27 11:42:37',2,2,NULL,NULL,3),(6,'2014-06-27 12:23:46',1,NULL,12,NULL,3),(8,'2014-07-01 14:20:49',2,9,NULL,NULL,3),(10,'2014-08-16 16:42:49',1,NULL,91,NULL,6),(11,'2014-08-16 16:43:03',1,NULL,81,NULL,6),(12,'2014-08-16 16:50:04',1,NULL,43,NULL,6),(13,'2014-08-16 16:53:11',1,NULL,99,NULL,12),(14,'2014-08-16 16:57:50',1,NULL,88,NULL,12),(15,'2014-08-16 17:07:08',1,NULL,94,NULL,12);
/*!40000 ALTER TABLE `likes` ENABLE KEYS */;

--
-- Table structure for table `photo`
--

DROP TABLE IF EXISTS `photo`;
/*!40101 SET @saved_cs_client     = @@character_set_client */;
/*!40101 SET character_set_client = utf8 */;
CREATE TABLE `photo` (
  `id` bigint(20) NOT NULL AUTO_INCREMENT,
  `rating` int(11) DEFAULT NULL,
  `create_date` datetime DEFAULT NULL,
  `deleted` bit(1) DEFAULT NULL,
  `description` varchar(255) DEFAULT NULL,
  `file_path` varchar(255) DEFAULT NULL,
  `file_size` bigint(20) DEFAULT NULL,
  `file_type` varchar(255) DEFAULT NULL,
  `address` varchar(255) DEFAULT NULL,
  `alt` double DEFAULT NULL,
  `lat` double DEFAULT NULL,
  `lng` double DEFAULT NULL,
  `is360` bit(1) DEFAULT NULL,
  `mark_best` bit(1) DEFAULT NULL,
  `modify_date` datetime DEFAULT NULL,
  `name` varchar(255) DEFAULT NULL,
  `title` varchar(255) DEFAULT NULL,
  `owner_id` bigint(20) DEFAULT NULL,
  `travel_spot_id` bigint(20) DEFAULT NULL,
  PRIMARY KEY (`id`),
  KEY `FK65B3E32960985B0` (`travel_spot_id`),
  KEY `FK65B3E3260EA816D` (`owner_id`),
  CONSTRAINT `FK65B3E32960985B0` FOREIGN KEY (`travel_spot_id`) REFERENCES `travel_spot` (`id`) ON DELETE NO ACTION ON UPDATE NO ACTION,
  CONSTRAINT `FK65B3E3260EA816D` FOREIGN KEY (`owner_id`) REFERENCES `app_user` (`id`)
) ENGINE=InnoDB AUTO_INCREMENT=184 DEFAULT CHARSET=utf8;
/*!40101 SET character_set_client = @saved_cs_client */;

--
-- Dumping data for table `photo`
--

/*!40000 ALTER TABLE `photo` DISABLE KEYS */;
REPLACE INTO `photo` (`id`, `rating`, `create_date`, `deleted`, `description`, `file_path`, `file_size`, `file_type`, `address`, `alt`, `lat`, `lng`, `is360`, `mark_best`, `modify_date`, `name`, `title`, `owner_id`, `travel_spot_id`) VALUES (1,0,'2014-06-24 00:29:00','\0',NULL,NULL,3139245,'jpg','广东省广州市南沙区万顷沙镇珠江一路29号',0,22.701470442884364,113.54527518935443,'','\0',NULL,'PANO_20140617_185754.jpg',NULL,1,NULL),(2,1,'2014-06-24 09:17:09','\0',NULL,NULL,1495969,'jpg','上海市闵行区新虹街道王河桥',0,31.19205788983538,121.3282815944852,'','\0',NULL,'PANO_20130918_203907.jpg',NULL,3,NULL),(3,0,'2014-06-24 19:59:07','\0',NULL,NULL,1867246,'jpg','广东省广州市番禺区石壁街道广州南站',0,22.989211539798994,113.27021805206087,'\0','\0',NULL,'IMG_20140621_123209.jpg',NULL,3,12),(4,0,'2014-06-24 19:59:25','\0',NULL,NULL,2195612,'jpg','广东省深圳市南山区南头街道南光路264号',0,22.532505938952127,113.92857801014571,'\0','\0',NULL,'IMG_20140621_143337.jpg',NULL,3,12),(5,0,'2014-06-24 19:59:33','\0',NULL,NULL,2121354,'jpg','广东省深圳市南山区南头街道南光路264号',0,22.53250636224272,113.92858013658145,'\0','\0',NULL,'IMG_20140621_143347.jpg',NULL,3,12),(6,0,'2014-06-24 20:00:28','\0',NULL,NULL,1573069,'jpg','广东省深圳市南山区粤海街道大族科技中心',0,22.540483305983383,113.93508266188381,'\0','\0',NULL,'IMG_20140621_154706.jpg',NULL,3,12),(7,0,'2014-06-24 20:00:44','\0',NULL,NULL,1888046,'jpg','广东省深圳市南山区粤海街道大族科技中心',0,22.540487424244066,113.93507823788417,'\0','\0',NULL,'IMG_20140621_154743.jpg',NULL,3,12),(8,0,'2014-06-24 20:00:55','\0',NULL,NULL,2388617,'jpg','广东省深圳市南山区粤海街道万利达科技大厦',0,22.540498390840096,113.93338949049385,'\0','\0',NULL,'IMG_20140621_154051.jpg',NULL,3,12),(9,0,'2014-06-24 20:01:06','\0',NULL,NULL,2410523,'jpg','广东省深圳市南山区桃源街道大学城',0,22.582396508473586,113.9641469398084,'\0','\0',NULL,'IMG_20140621_135524.jpg',NULL,3,12),(10,1,'2014-06-24 20:01:21','\0','来腾讯大厦坐坐\n环境不错',NULL,1658514,'jpg','广东省南山区深圳市粤海街道腾讯大厦',0,22.540657391394863,113.9344149968968,'\0','\0',NULL,'IMG_20140621_154853.jpg','腾讯大厦',3,12),(11,0,'2014-06-24 20:01:56','\0',NULL,NULL,1459547,'jpg','广东省深圳市南山区粤海街道大族科技中心',0,22.540838911893406,113.93540581628984,'\0','\0',NULL,'IMG_20140621_160006.jpg',NULL,3,12),(12,0,'2014-06-24 20:02:00','\0',NULL,NULL,2700702,'jpg','广东省南山区深圳市南头街道荔香公园',0,22.5357786115638,113.92757581634412,'\0','\0',NULL,'IMG_20140621_150328.jpg',NULL,3,12),(13,0,'2014-06-24 20:13:25','\0',NULL,NULL,4540115,'jpg','广东省番禺区广州市石壁街道广州南站',0,22.988501,113.270116,'','\0',NULL,'PANO_20140621_115417.jpg',NULL,3,17),(14,0,'2014-06-24 21:38:22','\0',NULL,NULL,2055217,'jpg','广东省广州市海珠区南洲街道南洲路29号',0,23.064536274435465,113.2999201440619,'\0','\0',NULL,'PANO_20140621_115707.jpg',NULL,3,17),(15,0,'2014-06-24 21:38:40','\0',NULL,NULL,1807472,'jpg','广东省南山区深圳市粤海街道腾讯大厦',0,22.540833946535876,113.93540242448393,'\0','\0',NULL,'IMG_20140621_160102.jpg',NULL,3,12),(16,1,'2014-06-24 21:39:04','\0',NULL,NULL,2413997,'jpg','广东省深圳市福田区华富街道设计之都7号设计楼',0,22.543788356954725,114.0754500111354,'\0','\0',NULL,'IMG_20140621_172150.jpg',NULL,3,12),(17,0,'2014-06-24 21:39:05','\0',NULL,NULL,1673196,'jpg','广东省深圳市南山区粤海街道科艺路1号',0,22.539727343156912,113.93906931577759,'\0','\0',NULL,'IMG_20140621_161456.jpg',NULL,3,12),(18,0,'2014-06-24 21:39:35','\0',NULL,NULL,2241296,'jpg','广东省深圳市南山区粤海街道科艺路1号',0,22.539731849434013,113.9390636006849,'\0','\0',NULL,'IMG_20140621_161443.jpg',NULL,3,12),(19,0,'2014-06-24 21:46:35','\0',NULL,NULL,4451519,'jpg','广东省深圳市南山区粤海街道科艺路1号',0,22.539728050650496,113.93905093888341,'','\0',NULL,'PANO_20140621_161316.jpg',NULL,3,17),(20,0,'2014-06-24 21:47:26','\0',NULL,NULL,5863935,'jpg','广东省深圳市宝安区西乡街道',0,22.62367951781966,113.81354885322502,'','\0',NULL,'PANO_20140622_150412.jpg',NULL,3,15),(21,0,'2014-06-24 21:48:02','\0',NULL,NULL,5221485,'jpg','广东省深圳市宝安区西乡街道',0,22.623980040497553,113.81368284057717,'','\0',NULL,'PANO_20140622_150827.jpg',NULL,3,15),(22,0,'2014-06-24 22:21:05','\0',NULL,NULL,2338281,'jpg','广东省南山区深圳市南头街道荔香公园',0,22.535837,113.927461,'','\0',NULL,'PANO_20140621_150156.jpg',NULL,3,17),(23,0,'2014-06-24 22:21:08','\0',NULL,NULL,2492375,'jpg','广东省广州市番禺区石壁街道72街(广州南站分店)',0,22.989291,113.270288,'','\0',NULL,'PANO_20140621_120418.jpg',NULL,3,17),(24,0,'2014-06-24 22:21:28','\0',NULL,NULL,2487025,'jpg','广东省广州市番禺区石壁街道味千拉面(广州南站分店)',0,22.989548,113.270996,'','\0',NULL,'PANO_20140621_120046.jpg',NULL,3,17),(25,0,'2014-06-24 22:21:28','\0',NULL,NULL,2888857,'jpg','广东省广州市番禺区石壁街道广州南站',0,22.988679,113.269322,'','\0',NULL,'PANO_20140621_121614.jpg',NULL,3,NULL),(26,0,'2014-06-26 16:53:30','\0','Manicure at home',NULL,1958787,'JPG','上海市虹口区凉城新村街道金诚利建材市场',0,31.28127570779482,121.46435298271675,'\0','\0',NULL,'IMG_2815.JPG',NULL,4,NULL),(27,0,'2014-06-26 21:11:17','\0',NULL,NULL,1486510,'jpg','浙江省杭州市西湖区蒋村街道西溪国家湿地公园',0,30.268430165701137,120.07319374001654,'\0','\0',NULL,'IMG_20140601_103114.jpg',NULL,3,19),(28,0,'2014-06-26 21:11:34','\0',NULL,NULL,2109863,'jpg','浙江省杭州市西湖区西湖街道杭州西湖风景名胜区',0,30.2096085430077,120.1338346979316,'\0','\0',NULL,'IMG_20140531_154819.jpg',NULL,3,18),(29,0,'2014-06-26 21:11:59','\0',NULL,NULL,2400078,'jpg',NULL,0,30.26811287165646,120.07450001794328,'\0','\0',NULL,'IMG_20140601_102853.jpg',NULL,3,19),(30,0,'2014-06-26 21:12:33','\0',NULL,NULL,2501820,'jpg','浙江省杭州市西湖区西湖街道杭州西湖风景名胜区',0,30.20965512771744,120.13389649385466,'\0','\0',NULL,'IMG_20140531_154711.jpg',NULL,3,18),(31,0,'2014-06-26 21:12:46','\0',NULL,NULL,2925350,'jpg','浙江省杭州市西湖区西湖街道杭州西湖风景名胜区',0,30.209660849337425,120.13413536413685,'\0','\0',NULL,'IMG_20140531_154623.jpg',NULL,3,18),(32,0,'2014-06-26 21:13:17','\0',NULL,NULL,2579958,'jpg','浙江省杭州市西湖区蒋村街道西溪国家湿地公园',0,30.272868221553484,120.07423371907737,'\0','\0',NULL,'IMG_20140601_120048.jpg',NULL,3,19),(33,0,'2014-06-26 21:22:01','\0',NULL,NULL,2224528,'jpg','浙江省杭州市西湖区蒋村街道西溪国家湿地公园',0,30.272869016019456,120.07423458049097,'\0','\0',NULL,'IMG_20140601_120024.jpg',NULL,3,19),(34,0,'2014-06-26 21:39:38','\0',NULL,NULL,1290546,'jpg',NULL,0,0,0,'\0','\0',NULL,'IMAG2164.jpg',NULL,6,33),(35,0,'2014-06-26 21:48:27','\0','',NULL,3638149,'jpg','浙江省杭州市西湖区北山街道杭州西湖风景名胜区',0,30.251937592556306,120.13851677543974,'\0','\0',NULL,'IMG_20140531_123039.jpg',NULL,6,32),(36,0,'2014-06-26 21:58:50','\0',NULL,NULL,3638149,'jpg','浙江省杭州市西湖区北山街道杭州西湖风景名胜区',0,30.251940450654025,120.13852321303025,'\0','\0',NULL,'IMG_20140531_123039.jpg',NULL,6,32),(37,0,'2014-06-26 21:59:04','\0',NULL,NULL,3712133,'jpg','浙江省杭州市西湖区北山街道杭州西湖风景名胜区',0,30.230709960684305,120.14337840254463,'\0','\0',NULL,'IMG_20140531_135034.jpg',NULL,6,32),(38,0,'2014-06-26 21:59:20','\0',NULL,NULL,3682693,'jpg','浙江省杭州市西湖区北山街道西湖',0,30.238114123035036,120.14010764406622,'\0','\0',NULL,'IMG_20140531_131831.jpg',NULL,6,32),(39,0,'2014-06-26 21:59:31','\0',NULL,NULL,3588869,'jpg','浙江省杭州市西湖区北山街道西湖',0,30.25061447039148,120.13602775874266,'\0','\0',NULL,'IMG_20140531_124451.jpg',NULL,6,32),(40,0,'2014-06-26 22:00:06','\0',NULL,NULL,4597765,'jpg','浙江省杭州市西湖区北山街道杭州西湖风景名胜区',0,30.251939462792862,120.13852463744362,'\0','\0',NULL,'IMG_20140531_123033.jpg',NULL,6,32),(41,0,'2014-06-26 22:00:42','\0',NULL,NULL,5346309,'jpg','浙江省杭州市西湖区北山街道杭州西湖风景名胜区',0,30.251787744729562,120.13772175484694,'\0','\0',NULL,'IMG_20140531_123415.jpg',NULL,6,32),(42,0,'2014-06-26 22:03:02','\0',NULL,NULL,5976197,'jpg','浙江省杭州市西湖区蒋村街道西溪国家湿地公园',0,30.264996670564315,120.07517276206477,'\0','\0',NULL,'IMG_20140601_095509.jpg',NULL,6,31),(43,0,'2014-06-26 22:03:03','\0',NULL,NULL,4505221,'jpg','浙江省杭州市西湖区蒋村街道西溪国家湿地公园',0,30.27238766525237,120.07021908823323,'\0','\0',NULL,'IMG_20140601_125756.jpg',NULL,6,31),(44,0,'2014-06-27 10:54:15','\0',NULL,NULL,1520848,'jpg','云南省丽江市玉龙纳西族自治县白沙乡玉柱擎天风景区',0,27.023195,100.213165,'\0','\0',NULL,'IMAG2107.jpg',NULL,3,22),(45,0,'2014-06-27 10:54:17','\0',NULL,NULL,1422458,'jpg','云南省古城区丽江市大研街道叶子',0,26.872765,100.236731,'\0','\0',NULL,'IMAG2123.jpg',NULL,3,23),(46,0,'2014-06-27 10:54:18','\0',NULL,NULL,1358127,'jpg','云南省丽江市古城区大研街道振兴巷4号',0,26.87276,100.236543,'\0','\0',NULL,'IMAG2124.jpg',NULL,3,NULL),(47,0,'2014-06-27 10:54:28','\0',NULL,NULL,4668898,'jpg','云南省丽江市古城区大研街道丽江纳西东巴文化传承展示基地',0,26.87131940715773,100.23235063573617,'\0','\0',NULL,'IMAG2122.jpg',NULL,3,23),(48,0,'2014-06-27 11:04:35','\0',NULL,NULL,820204,'jpg','云南省丽江市古城区大研街道新华街13号',0,26.87489677291933,100.23337085378058,'\0','\0',NULL,'IMAG2072.jpg',NULL,3,22),(49,0,'2014-06-27 11:04:36','\0',NULL,NULL,2159788,'jpg','云南省丽江市古城区大研街道文昌宫',0,26.875182,100.232638,'\0','\0',NULL,'IMAG2069.jpg',NULL,3,22),(50,0,'2014-06-27 11:04:36','\0',NULL,NULL,1017921,'jpg','云南省丽江市古城区大研街道丽江纳西东巴文化传承展示基地',0,26.871129,100.232348,'\0','\0',NULL,'IMAG2120.jpg',NULL,3,23),(51,0,'2014-06-27 11:11:00','\0',NULL,NULL,923422,'jpg','云南省丽江市古城区大研街道食全酒美',0,26.86908570469333,100.23504903434885,'\0','\0',NULL,'IMAG2126.jpg',NULL,3,23),(52,0,'2014-06-27 11:14:03','\0',NULL,NULL,737388,'jpg',NULL,0,39.84514661667778,115.64614161530424,'\0','\0',NULL,'IMAG1327.jpg',NULL,3,27),(53,0,'2014-06-27 11:14:04','\0',NULL,NULL,1001583,'jpg','北京市房山区史家营乡百花山',0,39.859483676080345,115.62065376965639,'\0','\0',NULL,'IMAG1318.jpg',NULL,3,26),(54,0,'2014-06-27 11:14:04','\0',NULL,NULL,902306,'jpg',NULL,0,39.845275951168,115.64573716257819,'\0','\0',NULL,'IMAG1328.jpg',NULL,3,27),(55,0,'2014-06-27 11:14:05','\0',NULL,NULL,1392501,'jpg','北京市房山区史家营乡窑神殿',0,39.854411,115.621834,'\0','\0',NULL,'IMAG1320.jpg',NULL,3,26),(56,0,'2014-06-27 11:14:06','\0',NULL,NULL,1550172,'jpg',NULL,0,39.846069813036294,115.6455087013777,'\0','\0',NULL,'IMAG1342.jpg',NULL,3,27),(57,0,'2014-06-27 11:14:07','\0',NULL,NULL,1171731,'jpg','北京市房山区史家营乡顺明饭店',0,39.84607266663205,115.64551594024303,'\0','\0',NULL,'IMAG1343.jpg',NULL,3,27),(58,0,'2014-06-27 11:14:09','\0',NULL,NULL,1872603,'jpg',NULL,0,39.690254606550845,115.93304150865467,'\0','\0',NULL,'IMAG1355.jpg',NULL,3,27),(59,0,'2014-06-27 11:14:10','\0',NULL,NULL,1847603,'jpg','北京市房山区周口店地区地矿部探矿工程研究所',0,39.68984324815779,115.93334155957157,'\0','\0',NULL,'IMAG1357.jpg',NULL,3,27),(60,0,'2014-06-27 11:14:10','\0',NULL,NULL,1761273,'jpg','北京市房山区周口店地区小肥羊火锅店(周口店)',0,39.68869604548772,115.93679144931014,'\0','\0',NULL,'IMAG1373.jpg',NULL,3,27),(61,0,'2014-06-27 11:18:52','\0',NULL,NULL,1196580,'jpg','北京市门头沟区斋堂镇斋堂城',0,39.97791325224198,115.70478684897616,'\0','\0',NULL,'IMAG1290.jpg',NULL,3,26),(62,0,'2014-06-27 11:18:53','\0',NULL,NULL,2376384,'jpg','中国北京市房山区史家营乡海家台',0,39.82698909369578,115.60257897925057,'\0','\0',NULL,'IMAG1294.jpg',NULL,3,26),(63,0,'2014-06-27 12:57:17','\0',NULL,NULL,1085959,'jpg','山东省烟台市莱阳市古柳街道莱阳站',0,36.92739,120.71022,'','\0',NULL,'IMG_20140410_120416.jpg',NULL,7,NULL),(64,0,'2014-06-27 13:25:45','\0',NULL,NULL,4889274,'jpg','北京市密云县石城镇柳树底下',0,40.55408158398907,116.6943338331484,'\0','\0',NULL,'IMAG1200.jpg',NULL,3,28),(65,0,'2014-06-27 13:27:09','\0',NULL,NULL,894984,'jpg','北京市密云县石城镇水道沟峪',0,40.56219502974722,116.70372843506556,'\0','\0',NULL,'IMAG1228.jpg',NULL,3,28),(66,0,'2014-06-27 13:27:09','\0',NULL,NULL,1317099,'jpg','北京市密云县石城镇水道沟峪',0,40.56017678144767,116.70190626929332,'\0','\0',NULL,'IMAG1227.jpg',NULL,3,28),(67,0,'2014-06-27 13:28:12','\0',NULL,NULL,1162275,'jpg','北京市密云县石城镇云蒙山',0,40.563308,116.701241,'\0','\0',NULL,'IMAG1240.jpg',NULL,3,28),(68,0,'2014-06-27 13:28:16','\0',NULL,NULL,3840641,'jpg','北京市怀柔区琉璃庙镇无底潭',0,40.57211,116.703815,'\0','\0',NULL,'IMAG1247.jpg',NULL,3,28),(69,0,'2014-06-27 13:28:16','\0',NULL,NULL,3868379,'jpg','北京市密云县石城镇水道沟峪',0,40.560529164180075,116.70445917942331,'\0','\0',NULL,'IMAG1243.jpg',NULL,3,28),(70,0,'2014-06-27 13:28:54','\0',NULL,NULL,3718558,'jpg','北京市怀柔区琉璃庙镇无底潭',0,40.57563,116.709995,'\0','\0',NULL,'IMAG1257.jpg',NULL,3,28),(78,0,'2014-06-28 22:28:57','\0',NULL,NULL,2337945,'jpg',NULL,0,0,0,'\0','\0',NULL,'PANO_20140628_122225[1].jpg',NULL,3,NULL),(79,0,'2014-06-28 22:29:07','\0',NULL,NULL,7237,'txt',NULL,0,0,0,'\0','\0',NULL,'外出旅行背包选购常识.txt',NULL,8,NULL),(80,0,'2014-06-28 22:29:08','\0',NULL,NULL,1022665,'jpg',NULL,0,0,0,'\0','\0',NULL,'SMQ_8840-2.jpg',NULL,8,NULL),(81,0,'2014-06-29 18:09:41','\0','Beautiful sky, after a rain.',NULL,1615624,'JPG','上海市虹口区广中路街道广中路567号',0,31.28009251900537,121.46637777460832,'\0','\0',NULL,'IMG_2844.JPG',NULL,4,NULL),(82,0,'2014-06-30 11:41:48','\0','',NULL,1878059,'jpg','云南省大理白族自治州大理市洱海管理处',0,25.920985470841416,100.10822448152719,'\0','\0',NULL,'IMAG2290.jpg','',3,29),(83,0,'2014-06-30 14:30:31','\0',NULL,NULL,1070151,'jpg','上海市普陀区长风新村街道长城大厦',0,31.238516168626884,121.41594785195122,'','\0',NULL,'office.jpg','My Office',4,NULL),(88,2,'2014-06-30 17:04:11','\0',NULL,NULL,1365432,'jpg','云南省大理白族自治州大理市洱海管理处云洱渔家',0,25.923548634889556,100.10663955410766,'\0','\0',NULL,'IMAG2286.jpg',NULL,3,NULL),(89,0,'2014-07-01 11:25:43','\0','ddddd\nsssss\ncccc',NULL,2251,'jpg','广东省广州市南沙区横沥镇',0,22.68109007544965,113.53097668654624,'\0','\0',NULL,'1404185092212.jpg','tttttt',3,NULL),(90,0,'2014-07-01 12:53:18','\0','shdhdhd\nxbxxb',NULL,245295,'jpg','广东省广州市南沙区横沥镇五涌桥',0,22.685123,113.528724,'\0','\0',NULL,'1404190371507.jpg','hzhxbxvv',3,NULL),(91,0,'2014-07-10 15:25:14','','大宁',NULL,2183171,'JPG','上海市闸北区大宁路街道共和新路1992号',0,31.274153593705247,121.45272307200744,'\0','\0',NULL,'IMG_2925.JPG','汽车人',4,NULL),(92,0,'2014-07-10 15:26:13','\0','锦江乐团',NULL,1986040,'JPG','上海市闵行区梅陇镇虹梅路201号',0,31.140772142974782,121.41061078183013,'\0','\0',NULL,'IMG_2935.JPG','黄金炸饭团',4,NULL),(93,0,'2014-08-16 16:07:16','\0',NULL,NULL,2336146,'jpg','广东省广州市南沙区横沥镇13栋宿舍',0,22.681143529091386,113.53090552070753,'\0','\0',NULL,'IMG_20140708_104533.jpg',NULL,3,30),(94,0,'2014-08-16 16:07:34','\0',NULL,NULL,2282130,'jpg','广东省广州市南沙区横沥镇13栋宿舍',0,22.68114070720626,113.53090430429648,'\0','\0',NULL,'IMG_20140708_104539.jpg',NULL,3,30),(95,0,'2014-08-16 16:10:50','\0',NULL,NULL,1904834,'jpg','广东省广州市南沙区横沥镇13栋宿舍',0,22.681105085739517,113.53089101874515,'\0','\0',NULL,'IMG_20140708_104812.jpg',NULL,3,30),(96,0,'2014-08-16 16:11:04','\0',NULL,NULL,2179509,'jpg','广东省广州市南沙区横沥镇13栋宿舍',0,22.681105494621736,113.53088215554799,'\0','\0',NULL,'IMG_20140708_104747.jpg',NULL,3,30),(97,0,'2014-08-16 16:35:25','\0',NULL,NULL,6061317,'jpg','上海市浦东新区高行镇中义宅',0,31.325487,121.574707,'','\0',NULL,'IMG_20140719_191106.jpg',NULL,6,NULL),(98,0,'2014-08-16 16:46:05','\0',NULL,NULL,5992837,'jpg','上海市浦东新区高行镇中义宅',0,31.324412583228366,121.5754595867897,'','\0',NULL,'IMG_20140719_182102.jpg',NULL,6,NULL),(99,1,'2014-08-16 16:46:11','\0','beautiful',NULL,620888,'jpg','山东省济南市历城区华山街道荷花路59号',0,36.721274,117.070313,'\0','\0',NULL,'Tulips.jpg','tulip',12,NULL),(100,0,'2014-08-16 16:50:32','\0','tulip',NULL,620888,'jpg',NULL,NULL,NULL,NULL,'\0','\0',NULL,'Tulips.jpg','tulip',12,34),(101,0,'2014-08-16 16:51:20','',NULL,NULL,777835,'jpg',NULL,NULL,NULL,NULL,'\0','\0',NULL,'Penguins.jpg','penguin',12,NULL),(102,0,'2014-08-16 17:03:42','\0',NULL,NULL,780831,'jpg','北京市朝阳区东风地区新新熟食',0,39.942252,116.49662,'\0','\0',NULL,'Koala.jpg','what',12,35),(103,0,'2014-08-16 17:10:09','\0','p',NULL,777835,'jpg',NULL,NULL,NULL,NULL,'\0','\0',NULL,'Penguins.jpg','p',12,NULL),(104,0,'2014-08-16 17:10:13','\0','qe',NULL,780831,'jpg',NULL,NULL,NULL,NULL,'\0','\0',NULL,'Koala.jpg','q',12,NULL),(105,0,'2014-08-16 22:09:07','\0',NULL,NULL,1912209,'jpg','山东省菏泽市单县张集镇田花园村',0,34.836318084753614,116.39683455483245,'','\0',NULL,'照片 069.jpg',NULL,6,NULL),(106,0,'2014-08-16 23:27:11','\0',NULL,NULL,243808,'jpg','山东省济南市章丘市垛庄镇章丘七星台旅游区',0,36.48669,117.313396,'\0','\0',NULL,'3862_1328972507.jpg','庐山如琴湖',11,36),(107,0,'2014-08-16 23:36:30','\0',NULL,NULL,234366,'jpg','山东省济南市章丘市垛庄镇章丘七星台旅游区',0,36.486522,117.313085,'\0','\0',NULL,'310944_1279187349.jpg','七星台',11,NULL),(108,0,'2014-08-16 23:38:31','\0',NULL,NULL,254490,'jpg','云南省保山市腾冲县高黎贡山',0,25.462441,98.764928,'\0','\0',NULL,'224872_1315213331.jpg','云南 高黎贡山',11,NULL),(109,0,'2014-08-16 23:38:37','\0',NULL,NULL,244284,'jpg','甘肃省张掖市肃南裕固族自治县祁丰藏族乡',0,39.276513,97.711324,'\0','\0',NULL,'224872_1316485266.jpg','七一冰川',11,NULL),(110,0,'2014-08-16 23:41:52','\0',NULL,NULL,203365,'jpg','黑龙江省牡丹江市海林市长汀镇雪乡万嘉之星度假酒店',0,44.526497,128.852806,'\0','\0',NULL,'20667_1296132557.jpg','雪乡国家森林公园',11,NULL),(111,0,'2014-08-16 23:41:56','\0',NULL,NULL,246812,'jpg','黑龙江省牡丹江市海林市长汀镇雪乡国家森林公园',0,44.529556,128.853965,'\0','\0',NULL,'20667_1296464036.jpg','雪乡国家森林公园',11,NULL),(112,0,'2014-08-16 23:41:58','\0',NULL,NULL,226754,'jpg','黑龙江省牡丹江市海林市长汀镇砬子村',0,44.526129,128.859072,'\0','\0',NULL,'20667_1296183864.jpg','雪乡国家森林公园',11,NULL),(113,0,'2014-08-16 23:42:01','\0',NULL,NULL,230313,'jpg','黑龙江省牡丹江市海林市长汀镇雪乡山东人家家庭旅馆',0,44.524906,128.850403,'\0','\0',NULL,'20667_1296182395.jpg','雪乡国家森林公园',11,NULL),(114,0,'2014-08-16 23:42:03','\0',NULL,NULL,223650,'jpg','黑龙江省牡丹江市海林市长汀镇雪乡山东人家家庭旅馆',0,44.527537,128.848772,'\0','\0',NULL,'20667_1296461744.jpg','雪乡国家森林公园',11,NULL),(115,0,'2014-08-16 23:45:57','\0',NULL,NULL,255548,'jpg','四川省甘孜藏族自治州稻城县香格里拉镇亚丁',0,28.456015,100.339165,'\0','\0',NULL,'17061_1314362667.jpg','夏诺多吉',11,NULL),(116,0,'2014-08-16 23:47:49','\0',NULL,NULL,259130,'jpg','四川省甘孜藏族自治州稻城县香格里拉镇圣山明珠接待站',0,28.447714,100.351524,'\0','\0',NULL,'17061_1314362514.jpg','亚丁',11,NULL),(117,0,'2014-08-16 23:48:34','\0',NULL,NULL,174855,'jpg','云南省迪庆藏族自治州德钦县云岭乡梅里雪山国家公园景区',0,28.461448,98.822021,'\0','\0',NULL,'325675_1257595798.jpg','梅里雪山',11,NULL),(118,0,'2014-08-16 23:54:49','\0',NULL,NULL,199193,'jpg','云南省红河哈尼族彝族自治州建水县临安镇朝阳楼',0,23.616491,102.831323,'\0','\0',NULL,'47997_1284175813.jpg','云南建水（东门）朝阳楼',11,36),(119,0,'2014-08-16 23:56:19','\0',NULL,NULL,209651,'jpg','山西省大同市南郊区云冈镇云冈石窟',0,40.112608,113.135061,'\0','\0',NULL,'1362678_1301266909.jpg','云岗石窟',11,36),(120,0,'2014-08-16 23:58:33','\0',NULL,NULL,241194,'jpg','山西省大同市浑源县东坊城乡恒山水库',0,39.657249,113.715363,'\0','\0',NULL,'1362678_1301266803.jpg','玄空寺',11,36),(121,0,'2014-08-17 00:00:46','\0',NULL,NULL,148862,'jpg','山西省朔州市应县金城镇佛宫寺释迦塔',0,39.567546,113.190669,'\0','\0',NULL,'1362678_1301266622.jpg','应县佛宫寺释迦塔',11,36),(122,0,'2014-08-17 00:01:28','\0',NULL,NULL,138112,'jpg','山西省五台县忻州市台怀镇 / 五台山',0,39.007675,113.595994,'\0','\0',NULL,'1362678_1301266447.jpg','塔院寺',11,36),(123,0,'2014-08-17 00:03:11','\0',NULL,NULL,176203,'jpg',NULL,NULL,NULL,NULL,'\0','\0',NULL,'129136_1301147378.jpg','漠河',11,36),(124,0,'2014-08-17 00:12:34','\0',NULL,NULL,225249,'jpg','山西省临汾市吉县壶口镇黄河壶口瀑布',0,36.147024,110.450621,'\0','\0',NULL,'1362678_1301131851.jpg','壶口瀑布',11,36),(125,0,'2014-08-17 00:15:06','\0','洪洞大槐树，又称古大槐树，山西大槐树，位于中国山西省洪洞县城西北二公里的贾村西侧的大槐树公园内，是明代的一处移民基地。至今在河北、河南、山东、东北等地区仍流传着一句民谣：“问我老家在何处，山西洪洞大槐树。祖先故居叫什么，大槐树下老鹳窝”。',NULL,214281,'jpg','山西省临汾市洪洞县大槐树镇明代移民遗址',0,36.269034,111.676605,'\0','\0',NULL,'1362678_1301131635.jpg','洪洞大槐树',11,NULL),(126,0,'2014-08-17 00:19:01','\0',NULL,NULL,868257,'jpg','浙江省嘉兴市嘉善县西塘镇嘉善县西塘古镇景区',0,30.941323,120.889049,'\0','\0',NULL,'DSCN0293.jpg','浙江嘉善西塘',11,36),(127,0,'2014-08-18 14:47:13','\0','大地的“年轮”记录了历史的沧桑，这是内陆湖泊逐年干涸后留下的印记。多年之后，人类的活动唤醒了蕴藏丰富资源的大地，一条道路自左向右横穿整块区域。',NULL,945730,'jpg','青海省海西蒙古族藏族自治州',0,38.631891,93.084412,'\0','\0',NULL,'甘肃 酒泉市 阿克塞县 附近.jpg','甘肃 酒泉市 阿克塞县',4,38),(128,0,'2014-08-18 15:17:44','\0','“大耳朵”区域是典型的内陆湖泊逐年干涸后湖盆经风蚀所形成的雅丹地貌，是我国西部典型的荒漠景观。蓝色的人工水库和浅粉色的戈壁绿洲，为枯燥的黄褐色的戈壁和沙漠增添了一笔鲜活的色彩。',NULL,956233,'jpg','新疆维吾尔自治区巴音郭楞蒙古自治州若羌县罗布泊镇',0,40.128491,90.587769,'\0','\0',NULL,'新疆吐鲁番鄯善县罗布泊镇.jpg','新疆吐鲁番鄯善县罗布泊镇大耳朵地形',4,37),(129,0,'2014-08-18 15:48:28','\0','图像上方的方块是农田，此时农作物尚未返青，地块呈现灰褐色。沉积岩层经流水侵蚀切割所形成的山脉，中间如灰白色“骨骼”状的东西方向连续山丘是坚硬的岩层所残留的，而下方大片红色是由于山上的植物覆盖所致。图像正中自上而下的是山谷中的一条河流。',NULL,1451773,'jpg','新疆维吾尔自治区昌吉回族自治州玛纳斯县塔西河哈萨克民族乡',0,44.075747,86.347046,'\0','\0',NULL,'新疆 昌吉州 呼图壁县  山谷.jpg','新疆 昌吉州 呼图壁县',4,37),(130,0,'2014-08-18 16:35:36','\0','图像中间如“红叶”般的区域山体植被覆盖较好，流水侵蚀导致的沟谷特征如同“红叶”的叶脉一般。图像左下方粉红色是农作物耕作区。图像右下方白色区域是积雪覆盖。',NULL,1600223,'jpg','山西省长治市襄垣县夏店镇秦家庄',0,36.474307,112.840576,'\0','\0',NULL,'山西 长治市 附近.jpg','山西长治红叶地形',4,37),(131,0,'2014-08-18 16:44:24','\0','中部灰白色部分为在风蚀作用下形成的流沙，下部白色部分为流水与风力共同形成的湖中沙坝。',NULL,558566,'jpg','青海省海北藏族自治州海晏县',0,36.888408,100.516319,'\0','\0',NULL,'青海 海北州 青海湖畔 东北角.jpg','青海 海北州 青海湖畔 东北角',4,37),(132,0,'2014-08-18 16:50:38','\0','这是典型的黄土高原地貌，在长期流水侵蚀下地面被分割得非常破碎，形成沟壑交错其间的塬、墚、峁、川。平坦的墚顶和峁顶，一般进行农田耕作，呈现微暗的粉红色。蜿蜒迩流的洛河贯穿整个区域。',NULL,1354467,'jpg','陕西省延安市黄陵县阿党镇黄窑科',0,35.740939,109.327698,'\0','\0',NULL,'陕西延安黄陵县 洛河.jpg','陕西延安黄陵县 洛河',4,38),(133,0,'2014-08-18 16:58:31','\0','图像黄色是沙漠，图像下方是高山，山上的河流自南向北流动，在山前形成绿洲',NULL,960579,'jpg','新疆维吾尔自治区和田地区和田县英艾日克乡',0,37.26531,79.865112,'\0','\0',NULL,'新疆 和田 墨玉县.jpg','新疆 和田 墨玉县绿洲',4,37),(134,0,'2014-08-18 17:02:10','\0','排列整齐如“网格”的盐田和养殖场是海滩利用的主要形式之一。作为胜利油田所在地的东营海滩，则广泛分布着 “白点”状的油井。图像中上方的白色直线是调流坝。',NULL,796509,'jpg','山东省滨州市无棣县',0,38.150487,118.054619,'\0','\0',NULL,'山东 东营 河口区 海滩.jpg','山东 东营 河口区 海滩',4,37),(135,0,'2014-08-18 17:37:27','\0','亮红色部分与褐色部分层次分明，反映了不同类型的植被。图像中的白色线状部分是季节性河流形成的干涸沟谷。',NULL,1518881,'jpg','甘肃省庆阳市正宁县西坡乡马家沟',0,35.484156,108.48587,'\0','\0',NULL,'甘肃 庆阳市 正宁县 崇山峻岭.jpg','甘肃 庆阳市 正宁县 崇山峻岭',4,37),(136,0,'2014-08-18 17:44:58','\0','不同类型和不同年代形成的戈壁滩，层次分明。扇状洪积物特别明显，白色区域是盐碱地，“水母”须是水流形成的冲积沟。',NULL,843592,'jpg','甘肃省酒泉市敦煌市黄渠乡',0,40.979898,94.54834,'\0','\0',NULL,'甘肃 酒泉 敦煌市 附近.jpg','甘肃 酒泉 敦煌市的“水母”',4,37),(137,NULL,'2014-08-19 16:34:44','\0',NULL,NULL,98448,'jpg','新疆维吾尔自治区阿勒泰地区福海县喀拉玛盖乡',0,46.570191,88.154297,'\0','\0',NULL,'66ae49eft9292d46ad472&690.jpg','新疆阿勒泰哈吧河',3,39),(138,NULL,'2014-08-19 16:34:45','\0',NULL,NULL,95754,'jpg','甘肃省定西市临洮县漫洼乡羊圈沟村',0,35.424868,104.27124,'\0','\0',NULL,'66ae49eft9292d4ebfedc&690.jpg','甘肃定西',3,39),(139,NULL,'2014-08-19 16:34:45','\0',NULL,NULL,123685,'jpg','贵州省毕节市纳雍县猫儿谷',0,26.819169,105.065002,'\0','\0',NULL,'66ae49eft9292d56c5a2f&690.jpg','贵州六盘水',3,39),(140,NULL,'2014-08-19 16:34:45','\0',NULL,NULL,161391,'jpg','西藏自治区昌都地区八宿县吉达乡扎西孜',0,29.97516,96.675568,'\0','\0',NULL,'66ae49eft9292d3e88ff2&690.jpg','川藏公路',3,39),(141,NULL,'2014-08-19 16:34:51','\0',NULL,NULL,155202,'jpg','西藏自治区日喀则地区定日县扎西宗乡',0,28.110749,86.726074,'\0','\0',NULL,'66ae49eft9292d782f3c3&690.jpg','喜马拉雅山',3,39),(142,NULL,'2014-08-19 21:50:34','\0',NULL,NULL,2991631,'JPG',NULL,NULL,NULL,NULL,'\0','\0',NULL,'DSC02423.JPG',NULL,6,NULL),(143,NULL,'2014-08-19 21:56:19','\0',NULL,NULL,884190,'jpg',NULL,0,34.84141374999474,116.40882427472197,'\0','\0',NULL,'IMAG2170.jpg',NULL,6,NULL),(144,NULL,'2014-08-19 21:56:26','\0',NULL,NULL,1490647,'jpg',NULL,0,34.835991177956295,116.39689570218323,'\0','\0',NULL,'IMAG2233.jpg',NULL,6,NULL),(145,NULL,'2014-08-19 21:56:28','\0',NULL,NULL,1614575,'JPG',NULL,NULL,NULL,NULL,'\0','\0',NULL,'IMG_2579.JPG',NULL,6,NULL),(146,NULL,'2014-08-19 21:56:29','\0',NULL,NULL,2201959,'JPG',NULL,NULL,NULL,NULL,'\0','\0',NULL,'IMG_2497.JPG',NULL,6,NULL),(147,NULL,'2014-08-19 21:56:31','\0',NULL,NULL,3339565,'JPG',NULL,NULL,NULL,NULL,'\0','\0',NULL,'IMG_2657.JPG',NULL,6,NULL),(148,NULL,'2014-08-20 11:28:11','','超可爱的米奇，精彩的演出，坐在前面几排，视野很好。很有意思',NULL,106083,'jpg',NULL,NULL,NULL,NULL,'\0','\0',NULL,'米奇金像奖演出.jpg','米奇金像奖演出',4,40),(149,NULL,'2014-08-20 11:30:20','\0','超可爱的米奇，超精彩的表演。前排视野很好，每个演员都很敬业，赞一个。',NULL,106083,'jpg','香港特別行政區離島區米奇幻想曲',0,22.309317,114.045945,'\0','\0',NULL,'米奇金像奖演出.jpg','米奇金像奖演出',4,NULL),(150,NULL,'2014-08-20 11:37:06','\0','每隔一段时间，迪斯尼的街上都会出现这样的巡游。如果能有皇后出现就更棒了。',NULL,102152,'jpg','香港特別行政區離島區河景餐廳',0,22.310349,114.047522,'\0','\0',NULL,'迪斯尼街演.jpg','迪斯尼街演',4,40),(151,NULL,'2014-08-22 11:48:28','\0','云台山的夏季才是旺季，但是冬天的云台山也别有一番风味，人少了很多，景色也别致。',NULL,5352418,'JPG','河南省焦作市修武县岸上乡黑石岭',0,35.413607,113.378863,'\0','\0',NULL,'冰瀑布.JPG','云台山冰瀑布',4,41),(152,NULL,'2014-08-22 13:00:41','\0','小时候读过课本上的苏州园林，如今真正去了。体味不出来书上描述的精致，但是满眼绿意，也是不错的休闲。',NULL,5177570,'JPG','江苏省苏州市姑苏区远香堂(苏州)',0,31.32391,120.629196,'\0','\0',NULL,'苏州.JPG','苏州园林',4,42),(153,NULL,'2014-08-22 13:04:03','\0',NULL,NULL,8231332,'JPG','江苏省苏州市姑苏区远香堂(苏州)',0,31.323947,120.628295,'\0','\0',NULL,'DSCF1029.JPG','苏州园林藤蔓',4,42),(154,NULL,'2014-08-22 13:05:13','\0',NULL,NULL,5655698,'JPG','江苏省苏州市姑苏区远香堂(苏州)',0,31.324057,120.629153,'\0','\0',NULL,'DSCF1067.JPG','苏州园林红鱼',4,42),(155,NULL,'2014-08-22 13:06:20','',NULL,NULL,5678479,'JPG',NULL,NULL,NULL,NULL,'\0','\0',NULL,'DSCF1064.JPG',NULL,4,NULL),(156,NULL,'2014-08-22 13:06:44','\0','看起来很漂亮，其实苏州的河道也已经被污染了很多了，味道不太好闻。',NULL,7463904,'JPG','江苏省苏州市姑苏区竹之苑',0,31.324295,120.626235,'\0','\0',NULL,'DSCF1064.JPG','苏州河道',4,42),(157,NULL,'2014-08-22 13:12:27','\0',NULL,NULL,6074890,'JPG','浙江省杭州市西湖区西湖街道杭州西湖风景名胜区',0,30.242014,120.107131,'\0','\0',NULL,'DSCF0095.JPG','灵隐寺小佛雕像',4,44),(158,NULL,'2014-08-22 13:14:36','\0','一念放下，万般自在。',NULL,5977216,'JPG','浙江省杭州市西湖区西湖街道杭州西湖风景名胜区',0,30.241421,120.104342,'\0','\0',NULL,'DSCF0154.JPG','小路标牌',4,44),(159,NULL,'2014-08-22 13:52:06','',NULL,NULL,5441401,'jpg',NULL,NULL,NULL,NULL,'\0','\0',NULL,'长城大厦.jpg',NULL,4,NULL),(160,NULL,'2014-08-22 13:57:29','',NULL,NULL,3934201,'jpg',NULL,NULL,NULL,NULL,'\0','\0',NULL,'IMG_20140822_135558.jpg',NULL,4,NULL),(161,NULL,'2014-08-22 14:00:33','',NULL,NULL,4089733,'jpg','上海市普陀区长风新村街道凯旋北路1003-8号',0,31.2379861840272,121.41627200298434,'\0','\0',NULL,'IMG_20140822_135953.jpg',NULL,4,NULL),(162,NULL,'2014-08-22 14:47:52','\0','忘了什么时候拍了，貌似是午后的小道，没什么人。',NULL,1822065,'JPG','上海市徐汇区高安路62号',0,31.20145599048981,121.44628442705367,'\0','\0',NULL,'IMG_0730.JPG','林荫小道',4,45),(163,NULL,'2014-08-22 14:49:07','\0','公司的第一次聚餐，红酒挺好喝的。纪念一下。',NULL,2332803,'jpg','上海市长宁区长宁路1028号',0,31.21949792564146,121.41598277118906,'\0','\0',NULL,'中山公园.jpg','第一次聚餐',4,46),(164,NULL,'2014-08-22 14:50:51','\0','刚来的时候，很新奇，视野很好。30楼的风景蛮美的。现在已经没有站在窗前欣赏风景的心情了。',NULL,2137756,'JPG','上海市普陀区中山北路3105号',0,31.23867594165465,121.41565904951912,'\0','\0',NULL,'IMG_0753.JPG','公司外景',4,47),(165,NULL,'2014-08-22 14:53:09','\0','家里爸妈爱种的花草，看着它们，心情好好',NULL,3930611,'jpg',NULL,0,35.211760519072264,113.0980191446131,'\0','\0',NULL,'C360_2013-10-01-17-33-36-253.jpg','美丽的花花草草',4,48),(166,NULL,'2014-08-22 14:53:57','',NULL,NULL,3930611,'jpg',NULL,0,35.2117666777468,113.09802195204193,'\0','\0',NULL,'C360_2013-10-01-17-33-36-253.jpg',NULL,4,NULL),(167,NULL,'2014-08-22 14:54:10','',NULL,NULL,3930611,'jpg',NULL,0,35.21176063585174,113.09802144769483,'\0','\0',NULL,'C360_2013-10-01-17-33-36-253.jpg',NULL,4,NULL),(168,NULL,'2014-08-22 14:55:47','',NULL,NULL,3930611,'jpg',NULL,0,35.211764518686806,113.09802021773156,'\0','\0',NULL,'C360_2013-10-01-17-33-36-253.jpg',NULL,4,NULL),(169,NULL,'2014-08-22 15:00:32','\0','宿舍外面的一朵小花，当时发现时欣喜极了。',NULL,60188,'jpg','河南省郑州市金水区经八路街道河南省财经学校家属院',0,34.769423,113.662518,'\0','\0',NULL,'极致魅力.jpg','极致魅力',4,49),(170,NULL,'2014-08-22 15:04:54','','学校虽然不大，但是这样的小细节总能让人感动。',NULL,110586,'jpg',NULL,NULL,NULL,NULL,'\0','\0',NULL,'冬景.jpg','冬景',4,49),(171,NULL,'2014-08-22 15:09:56','','学校虽然不大，但是这样的小细节总能让人感动。',NULL,110586,'jpg',NULL,NULL,NULL,NULL,'\0','\0',NULL,'冬景.jpg','冬景',4,NULL),(172,NULL,'2014-08-22 15:10:22','\0','学校虽然不大，但是这样的小细节总能让人感动。',NULL,110586,'jpg','河南省郑州市金水区经八路街道河南省财经学校家属院',0,34.769405,113.66248,'\0','\0',NULL,'冬景.jpg','冬景',4,49),(173,NULL,'2014-08-22 15:14:15','',NULL,NULL,103539,'jpg','上海市浦东新区周浦镇中心港桥',0,31.109389,121.621399,'\0','\0',NULL,'迎春.jpg','傲雪的迎春',4,NULL),(174,NULL,'2014-08-22 15:15:12','\0','迎春花，傲雪而开。最早告诉我们春的消息。',NULL,103539,'jpg','河南省郑州市金水区经八路街道河南省财经学校家属院',0,34.769397,113.662502,'\0','\0',NULL,'迎春.jpg','傲雪的迎春',4,49),(175,NULL,'2014-08-22 15:16:16','\0','在那些黎明前的黑暗里，这棵树给人莫大的鼓励',NULL,127085,'jpg','河南省郑州市金水区经八路街道河南省财经学校家属院',0,34.769383,113.662502,'\0','\0',NULL,'我们最喜欢的树.jpg','最喜欢的树',4,49),(176,NULL,'2014-08-22 15:23:03','\0',NULL,NULL,917244,'jpg','香港特別行政區油尖旺區碧仙桃路5號号',0,22.294536,114.17769,'\0','\0',NULL,'C360_2012-09-01-16-48-56_org.jpg','香港公园一角',4,40),(177,NULL,'2014-08-22 15:25:14','\0',NULL,NULL,883690,'jpg','香港特別行政區油尖旺區九龍公園(南門)',0,22.295946,114.175758,'\0','\0',NULL,'C360_2012-09-01-16-49-11.jpg','极致明艳',4,40),(178,NULL,'2014-08-22 15:26:44','\0',NULL,NULL,596007,'jpg','香港特別行政區油尖旺區梳士巴利道16号',0,22.292531,114.178205,'\0','\0',NULL,'C360_2012-09-01-14-05-20.jpg','香港的日常街景',4,40),(179,NULL,'2014-08-22 15:28:02','\0','迪斯尼线上的可爱小松鼠。',NULL,531379,'jpg',NULL,0,22.312999,114.049137,'\0','\0',NULL,'C360_2012-09-02-09-51-23.jpg','迪斯尼号地铁',4,40),(180,NULL,'2014-08-22 16:21:52','',NULL,NULL,212102,'jpg',NULL,NULL,NULL,NULL,'\0','\0',NULL,'cute_frog-wallpaper-1440x900.jpg',NULL,4,NULL),(181,NULL,'2014-08-23 18:44:07','',NULL,NULL,6189140,'JPG',NULL,NULL,NULL,NULL,'\0','\0',NULL,'DSCF0002.JPG',NULL,4,NULL),(182,NULL,'2014-08-23 18:45:05','\0',NULL,NULL,6189140,'JPG','香港特別行政區油尖旺區金冠大廈',0,22.295132,114.177475,'\0','\0',NULL,'DSCF0002.JPG','香港街景',4,40),(183,NULL,'2014-09-19 23:14:40','\0','内部设施',NULL,256255,'jpg','辽宁省盘锦市双台子区胜利街道红旗大街66号',0,41.195154,122.052526,'\0','\0',NULL,'1411139477015.jpg','全季酒店',4,NULL);
/*!40000 ALTER TABLE `photo` ENABLE KEYS */;

--
-- Table structure for table `photo_comment`
--

DROP TABLE IF EXISTS `photo_comment`;
/*!40101 SET @saved_cs_client     = @@character_set_client */;
/*!40101 SET character_set_client = utf8 */;
CREATE TABLE `photo_comment` (
  `photo_id` bigint(20) NOT NULL,
  `comments_id` bigint(20) NOT NULL,
  PRIMARY KEY (`photo_id`,`comments_id`),
  UNIQUE KEY `comments_id` (`comments_id`),
  KEY `FKC8D08152F828F22F` (`comments_id`),
  KEY `FKC8D08152194EAB84` (`photo_id`),
  CONSTRAINT `FKC8D08152194EAB84` FOREIGN KEY (`photo_id`) REFERENCES `photo` (`id`),
  CONSTRAINT `FKC8D08152F828F22F` FOREIGN KEY (`comments_id`) REFERENCES `comment` (`id`)
) ENGINE=InnoDB DEFAULT CHARSET=utf8;
/*!40101 SET character_set_client = @saved_cs_client */;

--
-- Dumping data for table `photo_comment`
--

/*!40000 ALTER TABLE `photo_comment` DISABLE KEYS */;
REPLACE INTO `photo_comment` (`photo_id`, `comments_id`) VALUES (2,1),(10,2),(88,3),(16,8),(88,9),(99,10);
/*!40000 ALTER TABLE `photo_comment` ENABLE KEYS */;

--
-- Table structure for table `photo_details`
--

DROP TABLE IF EXISTS `photo_details`;
/*!40101 SET @saved_cs_client     = @@character_set_client */;
/*!40101 SET character_set_client = utf8 */;
CREATE TABLE `photo_details` (
  `id` bigint(20) NOT NULL,
  `DateTime` datetime DEFAULT NULL,
  `DateTimeDigitized` datetime DEFAULT NULL,
  `DateTimeOriginal` datetime DEFAULT NULL,
  `ExifVersion` varchar(255) DEFAULT NULL,
  `ExposureBias` double DEFAULT NULL,
  `FNumber` double DEFAULT NULL,
  `Flash` smallint(6) DEFAULT NULL,
  `FocalLength` double DEFAULT NULL,
  `GPSAltitude` double DEFAULT NULL,
  `GPSAltitudeRef` varchar(255) DEFAULT NULL,
  `GPSDateStamp` datetime DEFAULT NULL,
  `GPSInfo` varchar(255) DEFAULT NULL,
  `GPSLatitude` double DEFAULT NULL,
  `GPSLatitudeRef` varchar(255) DEFAULT NULL,
  `GPSLongitude` double DEFAULT NULL,
  `GPSLongitudeRef` varchar(255) DEFAULT NULL,
  `GPSProcessingMethod` varchar(255) DEFAULT NULL,
  `GPSTimeStamp` double DEFAULT NULL,
  `ISO` varchar(255) DEFAULT NULL,
  `brightnessValue` double DEFAULT NULL,
  `compressedBitsPerPixel` varchar(255) DEFAULT NULL,
  `contrast` varchar(255) DEFAULT NULL,
  `digitalZoomRatio` int(11) DEFAULT NULL,
  `exposureProgram` varchar(255) DEFAULT NULL,
  `exposureTime` double DEFAULT NULL,
  `focalLengthIn35mmFilm` double DEFAULT NULL,
  `gPanoCaptureSoftware` varchar(255) DEFAULT NULL,
  `gPanoCroppedAreaImageHeightPixels` varchar(255) DEFAULT NULL,
  `gPanoCroppedAreaImageWidthPixels` varchar(255) DEFAULT NULL,
  `gPanoCroppedAreaLeftPixels` varchar(255) DEFAULT NULL,
  `gPanoCroppedAreaTopPixels` varchar(255) DEFAULT NULL,
  `gPanoFullPanoHeightPixels` varchar(255) DEFAULT NULL,
  `gPanoFullPanoWidthPixels` varchar(255) DEFAULT NULL,
  `gPanoLargestValidInteriorRectHeight` varchar(255) DEFAULT NULL,
  `gPanoLargestValidInteriorRectLeft` varchar(255) DEFAULT NULL,
  `gPanoLargestValidInteriorRectTop` varchar(255) DEFAULT NULL,
  `gPanoLargestValidInteriorRectWidth` varchar(255) DEFAULT NULL,
  `gPanoNorthPosInX` varchar(255) DEFAULT NULL,
  `gPanoProjectionType` varchar(255) DEFAULT NULL,
  `gPanoStitchingSoftware` varchar(255) DEFAULT NULL,
  `gPanoUsePanoramaViewer` varchar(255) DEFAULT NULL,
  `lightSource` varchar(255) DEFAULT NULL,
  `make` varchar(255) DEFAULT NULL,
  `maxApertureValue` double DEFAULT NULL,
  `meteringMode` varchar(255) DEFAULT NULL,
  `model` varchar(255) DEFAULT NULL,
  `pixelXDimension` int(11) DEFAULT NULL,
  `pixelYDimension` int(11) DEFAULT NULL,
  `resolutionUnit` varchar(255) DEFAULT NULL,
  `saturation` varchar(255) DEFAULT NULL,
  `sharpness` varchar(255) DEFAULT NULL,
  `whiteBalance` varchar(255) DEFAULT NULL,
  `xResolution` varchar(255) DEFAULT NULL,
  `yResolution` varchar(255) DEFAULT NULL,
  PRIMARY KEY (`id`)
) ENGINE=InnoDB DEFAULT CHARSET=utf8;
/*!40101 SET character_set_client = @saved_cs_client */;

--
-- Dumping data for table `photo_details`
--

/*!40000 ALTER TABLE `photo_details` DISABLE KEYS */;
REPLACE INTO `photo_details` (`id`, `DateTime`, `DateTimeDigitized`, `DateTimeOriginal`, `ExifVersion`, `ExposureBias`, `FNumber`, `Flash`, `FocalLength`, `GPSAltitude`, `GPSAltitudeRef`, `GPSDateStamp`, `GPSInfo`, `GPSLatitude`, `GPSLatitudeRef`, `GPSLongitude`, `GPSLongitudeRef`, `GPSProcessingMethod`, `GPSTimeStamp`, `ISO`, `brightnessValue`, `compressedBitsPerPixel`, `contrast`, `digitalZoomRatio`, `exposureProgram`, `exposureTime`, `focalLengthIn35mmFilm`, `gPanoCaptureSoftware`, `gPanoCroppedAreaImageHeightPixels`, `gPanoCroppedAreaImageWidthPixels`, `gPanoCroppedAreaLeftPixels`, `gPanoCroppedAreaTopPixels`, `gPanoFullPanoHeightPixels`, `gPanoFullPanoWidthPixels`, `gPanoLargestValidInteriorRectHeight`, `gPanoLargestValidInteriorRectLeft`, `gPanoLargestValidInteriorRectTop`, `gPanoLargestValidInteriorRectWidth`, `gPanoNorthPosInX`, `gPanoProjectionType`, `gPanoStitchingSoftware`, `gPanoUsePanoramaViewer`, `lightSource`, `make`, `maxApertureValue`, `meteringMode`, `model`, `pixelXDimension`, `pixelYDimension`, `resolutionUnit`, `saturation`, `sharpness`, `whiteBalance`, `xResolution`, `yResolution`) VALUES (1,'2014-06-17 19:00:44',NULL,NULL,NULL,NULL,NULL,NULL,NULL,NULL,NULL,'2014-06-17 08:00:00','310',22.70442,'N',113.54012388888889,'E',NULL,NULL,NULL,NULL,'','',NULL,'',NULL,NULL,NULL,'3584','7168','0','0','3584','7168','3584','0','0','7168',NULL,'equirectangular',NULL,'True','','HTC',NULL,NULL,'HTC One',7168,3584,'','','','','',''),(2,'2013-09-18 20:42:14',NULL,NULL,NULL,NULL,NULL,NULL,NULL,NULL,NULL,'2013-09-18 08:00:00','226',31.194006944444446,'N',121.32374777777777,'E',NULL,NULL,NULL,NULL,'','',NULL,'',NULL,NULL,NULL,'2000','4000','0','0','2000','4000','2000','0','0','4000',NULL,'equirectangular',NULL,'True','','HTC',NULL,NULL,'HTC One',4000,2000,'','','','','',''),(3,'2014-06-24 19:56:08','2014-06-21 12:32:09','2014-06-21 12:32:09','0220',0,2,0,3.82,20.1,'0','2014-06-21 08:00:00','960',22.991939527777777,'N',113.26489255555556,'E','ASCII',NULL,'100',6.643823,'15161808/4085760 (3.711)','0',0,'2',0.00125,28,NULL,NULL,NULL,NULL,NULL,NULL,NULL,NULL,NULL,NULL,NULL,NULL,NULL,NULL,NULL,'0','HTC',2,'255','HTC One',2688,1520,'','0','0','0','72','72'),(4,'2014-06-24 19:56:09','2014-06-21 14:33:37','2014-06-21 14:33:37','0220',0,2,0,3.82,26.399,'0','2014-06-21 08:00:00','960',22.535545333333335,'N',113.92371366666667,'E','ASCII',NULL,'125',9.58493,'17932896/4085760 (4.389)','0',0,'2',0.00013,28,NULL,NULL,NULL,NULL,NULL,NULL,NULL,NULL,NULL,NULL,NULL,NULL,NULL,NULL,NULL,'0','HTC',2,'255','HTC One',2688,1520,'','0','0','0','72','72'),(5,'2014-06-24 19:56:10','2014-06-21 14:33:47','2014-06-21 14:33:47','0220',0,2,0,3.82,26.399,'0','2014-06-21 08:00:00','960',22.535545333333335,'N',113.92371366666667,'E','ASCII',NULL,'125',7.819395,'17392736/4085760 (4.257)','0',0,'2',0.000442,28,NULL,NULL,NULL,NULL,NULL,NULL,NULL,NULL,NULL,NULL,NULL,NULL,NULL,NULL,NULL,'0','HTC',2,'255','HTC One',2688,1520,'','0','0','0','72','72'),(6,'2014-06-24 19:56:13','2014-06-21 15:47:07','2014-06-21 15:47:06','0220',0,2,0,3.82,53.7,'0','2014-06-21 08:00:00','960',22.54351425,'N',113.93021391666667,'E','ASCII',NULL,'125',4.431123,'12351176/4085760 (3.023)','0',0,'2',0.004635,28,NULL,NULL,NULL,NULL,NULL,NULL,NULL,NULL,NULL,NULL,NULL,NULL,NULL,NULL,NULL,'0','HTC',2,'255','HTC One',2688,1520,'','0','0','0','72','72'),(7,'2014-06-24 19:56:14','2014-06-21 15:47:44','2014-06-21 15:47:44','0220',0,2,0,3.82,53.7,'0','2014-06-21 08:00:00','960',22.54351425,'N',113.93021391666667,'E','ASCII',NULL,'125',8.584929,'15378552/4085760 (3.764)','0',0,'2',0.00026,28,NULL,NULL,NULL,NULL,NULL,NULL,NULL,NULL,NULL,NULL,NULL,NULL,NULL,NULL,NULL,'0','HTC',2,'255','HTC One',2688,1520,'','0','0','0','72','72'),(8,'2014-06-21 15:40:51','2014-06-21 15:40:51','2014-06-21 15:40:51','0220',0,2,0,3.82,14.399,'0','2014-06-21 08:00:00','1462',22.543531416666667,'N',113.92852019444445,'E','ASCII',NULL,'125',8.906857,'18819912/4085760 (4.606)','0',0,'2',0.000208,28,NULL,NULL,NULL,NULL,NULL,NULL,NULL,NULL,NULL,NULL,NULL,NULL,NULL,NULL,NULL,'0','HTC',2,'255','HTC One',1520,2688,'','0','0','0','72','72'),(9,'2014-06-24 19:56:09','2014-06-21 13:55:24','2014-06-21 13:55:24','0220',0,2,0,3.82,14.3,'0','2014-06-21 08:00:00','960',22.585369083333333,'N',113.9592361388889,'E','ASCII',NULL,'125',8.584929,'20215240/4085760 (4.948)','0',0,'2',0.00026,28,NULL,NULL,NULL,NULL,NULL,NULL,NULL,NULL,NULL,NULL,NULL,NULL,NULL,NULL,NULL,'0','HTC',2,'255','HTC One',2688,1520,'','0','0','0','72','72'),(10,'2014-06-24 19:56:14','2014-06-21 15:48:53','2014-06-21 15:48:53','0220',0,2,0,3.82,35.7,'0','2014-06-21 08:00:00','960',22.543687805555557,'N',113.92955016666667,'E','ASCII',NULL,'125',6.906857,'13218552/4085760 (3.235)','0',0,'2',0.000833,28,NULL,NULL,NULL,NULL,NULL,NULL,NULL,NULL,NULL,NULL,NULL,NULL,NULL,NULL,NULL,'0','HTC',2,'255','HTC One',2688,1520,'','0','0','0','72','72'),(11,'2014-06-24 19:56:15','2014-06-21 16:00:07','2014-06-21 16:00:06','0220',0,2,0,3.82,199.3,'0','2014-06-21 08:00:00','960',22.543865194444447,'N',113.93053436111111,'E','ASCII',NULL,'160',1.380788,'11330600/4085760 (2.773)','0',0,'2',0.03,28,NULL,NULL,NULL,NULL,NULL,NULL,NULL,NULL,NULL,NULL,NULL,NULL,NULL,NULL,NULL,'0','HTC',2,'255','HTC One',1520,2688,'','0','0','0','72','72'),(12,'2014-06-24 19:56:10','2014-06-21 15:03:28','2014-06-21 15:03:28','0220',0,2,0,3.82,28.5,'0','2014-06-21 08:00:00','960',22.53882216666667,'N',113.92271422222223,'E','ASCII',NULL,'125',7.447426,'23103728/4085760 (5.655)','0',0,'2',0.000572,28,NULL,NULL,NULL,NULL,NULL,NULL,NULL,NULL,NULL,NULL,NULL,NULL,NULL,NULL,NULL,'0','HTC',2,'255','HTC One',2688,1520,'','0','0','0','72','72'),(13,'2014-06-24 19:56:00',NULL,'2014-06-21 11:57:40','0220',NULL,NULL,NULL,NULL,NULL,NULL,'2014-06-21 08:00:00','408',23.0672,'N',113.29455388888888,'E',NULL,NULL,NULL,NULL,'','',NULL,'',NULL,NULL,NULL,'3584','7168','0','0','3584','7168','3584','0','0','7168',NULL,'equirectangular',NULL,'True','','HTC',NULL,NULL,'HTC One',7168,3584,'','','','','',''),(14,'2014-06-24 19:56:01',NULL,'2014-06-21 11:58:08','0220',NULL,NULL,NULL,NULL,NULL,NULL,'2014-06-21 08:00:00','408',23.0672,'N',113.29455388888888,'E',NULL,NULL,NULL,NULL,'','',NULL,'',NULL,NULL,NULL,NULL,NULL,NULL,NULL,NULL,NULL,NULL,NULL,NULL,NULL,NULL,NULL,NULL,NULL,'','HTC',NULL,NULL,'HTC One',6304,1775,'','','','','',''),(15,'2014-06-24 19:56:15','2014-06-21 16:01:02','2014-06-21 16:01:02','0220',0,2,0,3.82,199.3,'0','2014-06-21 08:00:00','960',22.543865194444447,'N',113.93053436111111,'E','ASCII',NULL,'125',4.976121,'14452384/4085760 (3.537)','0',0,'2',0.003177,28,NULL,NULL,NULL,NULL,NULL,NULL,NULL,NULL,NULL,NULL,NULL,NULL,NULL,NULL,NULL,'0','HTC',2,'255','HTC One',2688,1520,'','0','0','0','72','72'),(16,'2014-06-24 19:56:21','2014-06-21 17:21:50','2014-06-21 17:21:50','0220',0,2,0,3.82,0,'0','2014-06-21 08:00:00','960',22.546482083333334,'N',114.0703201111111,'E','ASCII',NULL,'125',8.206418,'20042032/4085760 (4.905)','0',0,'2',0.000338,28,NULL,NULL,NULL,NULL,NULL,NULL,NULL,NULL,NULL,NULL,NULL,NULL,NULL,NULL,NULL,'0','HTC',2,'255','HTC One',1520,2688,'','0','0','0','72','72'),(17,'2014-06-24 19:56:19','2014-06-21 16:14:56','2014-06-21 16:14:56','0220',0,2,0,3.82,33.799,'0','2014-06-21 08:00:00','960',22.542753194444447,'N',113.93419644444445,'E','ASCII',NULL,'125',9.58493,'13468632/4085760 (3.296)','0',0,'2',0.00013,28,NULL,NULL,NULL,NULL,NULL,NULL,NULL,NULL,NULL,NULL,NULL,NULL,NULL,NULL,NULL,'0','HTC',2,'255','HTC One',2688,1520,'','0','0','0','72','72'),(18,'2014-06-24 19:56:19','2014-06-21 16:14:43','2014-06-21 16:14:43','0220',0,2,0,3.82,33.799,'0','2014-06-21 08:00:00','960',22.542753194444447,'N',113.93419644444445,'E','ASCII',NULL,'125',9.099503,'17416576/4085760 (4.263)','0',0,'2',0.000182,28,NULL,NULL,NULL,NULL,NULL,NULL,NULL,NULL,NULL,NULL,NULL,NULL,NULL,NULL,NULL,'0','HTC',2,'255','HTC One',2688,1520,'','0','0','0','72','72'),(19,'2014-06-24 19:56:20',NULL,'2014-06-21 16:15:59','0220',NULL,NULL,NULL,NULL,NULL,NULL,'2014-06-21 08:00:00','408',22.54275388888889,'N',113.93417777777778,'E',NULL,NULL,NULL,NULL,'','',NULL,'',NULL,NULL,NULL,'3584','7168','0','0','3584','7168','3584','0','0','7168',NULL,'equirectangular',NULL,'True','','HTC',NULL,NULL,'HTC One',7168,3584,'','','','','',''),(20,'2014-06-24 19:56:22',NULL,'2014-06-22 15:07:02','0220',NULL,NULL,NULL,NULL,NULL,NULL,'2014-06-22 08:00:00','408',22.626590833333335,'N',113.80847194444443,'E',NULL,NULL,NULL,NULL,'','',NULL,'',NULL,NULL,NULL,'3584','7168','0','0','3584','7168','3584','0','0','7168',NULL,'equirectangular',NULL,'True','','HTC',NULL,NULL,'HTC One',7168,3584,'','','','','',''),(21,'2014-06-24 19:56:25',NULL,'2014-06-22 15:11:33','0220',NULL,NULL,NULL,NULL,NULL,NULL,'2014-06-22 08:00:00','408',22.626890833333334,'N',113.80861194444444,'E',NULL,NULL,NULL,NULL,'','',NULL,'',NULL,NULL,NULL,'3584','7168','0','0','3584','7168','3584','0','0','7168',NULL,'equirectangular',NULL,'True','','HTC',NULL,NULL,'HTC One',7168,3584,'','','','','',''),(22,NULL,NULL,NULL,NULL,NULL,NULL,NULL,NULL,NULL,NULL,NULL,NULL,NULL,NULL,NULL,NULL,NULL,NULL,NULL,NULL,NULL,NULL,NULL,NULL,NULL,NULL,NULL,NULL,NULL,NULL,NULL,NULL,NULL,NULL,NULL,NULL,NULL,NULL,NULL,NULL,NULL,NULL,NULL,NULL,NULL,NULL,7168,3584,NULL,NULL,NULL,NULL,NULL,NULL),(23,NULL,NULL,NULL,NULL,NULL,NULL,NULL,NULL,NULL,NULL,NULL,NULL,NULL,NULL,NULL,NULL,NULL,NULL,NULL,NULL,NULL,NULL,NULL,NULL,NULL,NULL,NULL,NULL,NULL,NULL,NULL,NULL,NULL,NULL,NULL,NULL,NULL,NULL,NULL,NULL,NULL,NULL,NULL,NULL,NULL,NULL,7168,3584,NULL,NULL,NULL,NULL,NULL,NULL),(24,NULL,NULL,NULL,NULL,NULL,NULL,NULL,NULL,NULL,NULL,NULL,NULL,NULL,NULL,NULL,NULL,NULL,NULL,NULL,NULL,NULL,NULL,NULL,NULL,NULL,NULL,NULL,NULL,NULL,NULL,NULL,NULL,NULL,NULL,NULL,NULL,NULL,NULL,NULL,NULL,NULL,NULL,NULL,NULL,NULL,NULL,7168,3584,NULL,NULL,NULL,NULL,NULL,NULL),(25,NULL,NULL,NULL,NULL,NULL,NULL,NULL,NULL,NULL,NULL,NULL,NULL,NULL,NULL,NULL,NULL,NULL,NULL,NULL,NULL,NULL,NULL,NULL,NULL,NULL,NULL,NULL,NULL,NULL,NULL,NULL,NULL,NULL,NULL,NULL,NULL,NULL,NULL,NULL,NULL,NULL,NULL,NULL,NULL,NULL,NULL,7168,3584,NULL,NULL,NULL,NULL,NULL,NULL),(26,'2014-06-23 22:58:48','2014-06-23 22:58:48','2014-06-23 22:58:48','0221',NULL,2.8,24,3.85,18.056827820186598,'0',NULL,'1054',31.283152777777776,'N',121.45977777777777,'E',NULL,NULL,'1000',-1.0197278911564627,'','',NULL,'2',0.058823529411764705,35,NULL,NULL,NULL,NULL,NULL,NULL,NULL,NULL,NULL,NULL,NULL,NULL,NULL,NULL,NULL,'','Apple',NULL,'5','iPhone 4',2592,1936,'','','','0','72','72'),(27,'2014-06-01 10:31:14','2014-06-01 10:31:14','2014-06-01 10:31:14','0220',0,2,0,3.82,9.699,'0','2014-06-01 08:00:00','1462',30.270713805555555,'N',120.06837461111111,'E','ASCII',NULL,'125',6.073968,'11873568/4085760 (2.906)','0',0,'2',0.001484,28,NULL,NULL,NULL,NULL,NULL,NULL,NULL,NULL,NULL,NULL,NULL,NULL,NULL,NULL,NULL,'0','HTC',2,'255','HTC One',1520,2688,'','0','0','0','72','72'),(28,'2014-05-31 15:48:19','2014-05-31 15:48:19','2014-05-31 15:48:19','0220',0,2,0,3.82,46.5,'0','2014-05-31 08:00:00','1462',30.211898777777776,'N',120.12907408333332,'E','ASCII',NULL,'160',1.380788,'16556096/4085760 (4.052)','0',0,'2',0.03,28,NULL,NULL,NULL,NULL,NULL,NULL,NULL,NULL,NULL,NULL,NULL,NULL,NULL,NULL,NULL,'0','HTC',2,'255','HTC One',2688,1520,'','0','0','0','72','72'),(29,'2014-06-01 10:28:53','2014-06-01 10:28:53','2014-06-01 10:28:53','0220',0,2,0,3.82,4.3,'0','2014-06-01 08:00:00','1462',30.270397166666665,'N',120.06967925,'E','ASCII',NULL,'125',6.263001,'18819648/4085760 (4.606)','0',0,'2',0.001302,28,NULL,NULL,NULL,NULL,NULL,NULL,NULL,NULL,NULL,NULL,NULL,NULL,NULL,NULL,NULL,'0','HTC',2,'255','HTC One',2688,1520,'','0','0','0','72','72'),(30,'2014-05-31 15:47:12','2014-05-31 15:47:12','2014-05-31 15:47:11','0220',0,2,0,3.82,49.299,'0','2014-05-31 08:00:00','1462',30.211944555555554,'N',120.12913511111111,'E','ASCII',NULL,'200',2.643823,'19608520/4085760 (4.799)','0',0,'2',0.01,28,NULL,NULL,NULL,NULL,NULL,NULL,NULL,NULL,NULL,NULL,NULL,NULL,NULL,NULL,NULL,'0','HTC',2,'255','HTC One',2688,1520,'','0','0','0','72','72'),(31,'2014-05-31 15:46:24','2014-05-31 15:46:24','2014-05-31 15:46:23','0220',0,2,0,3.82,23.299,'0','2014-05-31 08:00:00','1462',30.21194647222222,'N',120.12937925,'E','ASCII',NULL,'125',2.321895,'22921048/4085760 (5.61)','0',0,'2',0.02,28,NULL,NULL,NULL,NULL,NULL,NULL,NULL,NULL,NULL,NULL,NULL,NULL,NULL,NULL,NULL,'0','HTC',2,'255','HTC One',2688,1520,'','0','0','0','72','72'),(32,'2014-06-01 12:00:49','2014-06-01 12:00:49','2014-06-01 12:00:48','0220',0,2,0,3.82,63,'0','2014-06-01 08:00:00','1462',30.275152194444445,'N',120.06941222222221,'E','ASCII',NULL,'125',5.862464,'20621152/4085760 (5.047)','0',0,'2',0.001718,28,NULL,NULL,NULL,NULL,NULL,NULL,NULL,NULL,NULL,NULL,NULL,NULL,NULL,NULL,NULL,'0','HTC',2,'255','HTC One',2688,1520,'','0','0','0','72','72'),(33,'2014-06-01 12:00:24','2014-06-01 12:00:24','2014-06-01 12:00:24','0220',0,2,0,3.82,63,'0','2014-06-01 08:00:00','1462',30.275152194444445,'N',120.06941222222221,'E','ASCII',NULL,'125',6.549306,'17777712/4085760 (4.351)','0',0,'2',0.001067,28,NULL,NULL,NULL,NULL,NULL,NULL,NULL,NULL,NULL,NULL,NULL,NULL,NULL,NULL,NULL,'0','HTC',2,'255','HTC One',2688,1520,'','0','0','0','72','72'),(34,'2014-01-29 10:46:14',NULL,NULL,NULL,NULL,NULL,NULL,NULL,NULL,NULL,NULL,'302',0,'N',0,'E',NULL,NULL,NULL,NULL,'','',NULL,'',NULL,NULL,NULL,NULL,NULL,NULL,NULL,NULL,NULL,NULL,NULL,NULL,NULL,NULL,NULL,NULL,NULL,'','HTC',NULL,NULL,'HTC One',2688,1520,'','','','','',''),(35,'2014-05-31 12:30:39','2014-05-31 12:30:39','2014-05-31 12:30:39','0220',0,2.2,0,3.5,14,'0','2014-05-31 08:00:00','720',30.254228583333333,'N',120.13376616666667,'E',NULL,NULL,'58',NULL,'','',1,'0',0.00088,NULL,NULL,NULL,NULL,NULL,NULL,NULL,NULL,NULL,NULL,NULL,NULL,NULL,NULL,NULL,NULL,'255','HUAWEI                         ',NULL,'2','HUAWEI G750-T01                ',3120,4160,'','','','0','72','72'),(36,'2014-05-31 12:30:39','2014-05-31 12:30:39','2014-05-31 12:30:39','0220',0,2.2,0,3.5,14,'0','2014-05-31 08:00:00','720',30.254228583333333,'N',120.13376616666667,'E',NULL,NULL,'58',NULL,'','',1,'0',0.00088,NULL,NULL,NULL,NULL,NULL,NULL,NULL,NULL,NULL,NULL,NULL,NULL,NULL,NULL,NULL,NULL,'255','HUAWEI                         ',NULL,'2','HUAWEI G750-T01                ',3120,4160,'','','','0','72','72'),(37,'2014-05-31 13:50:34','2014-05-31 13:50:34','2014-05-31 13:50:34','0220',0,2.2,0,3.5,8,'0','2014-05-31 08:00:00','720',30.233015055555555,'N',120.13864133333334,'E',NULL,NULL,'58',NULL,'','',1,'0',0.000616,NULL,NULL,NULL,NULL,NULL,NULL,NULL,NULL,NULL,NULL,NULL,NULL,NULL,NULL,NULL,NULL,'255','HUAWEI                         ',NULL,'2','HUAWEI G750-T01                ',3120,4160,'','','','0','72','72'),(38,'2014-05-31 13:18:30','2014-05-31 13:18:30','2014-05-31 13:18:30','0220',0,2.2,0,3.5,26,'0','2014-05-31 08:00:00','720',30.240409833333334,'N',120.13535308333334,'E',NULL,NULL,'61',NULL,'','',1,'0',0.00022,NULL,NULL,NULL,NULL,NULL,NULL,NULL,NULL,NULL,NULL,NULL,NULL,NULL,NULL,NULL,NULL,'255','HUAWEI                         ',NULL,'2','HUAWEI G750-T01                ',4160,3120,'','','','0','72','72'),(39,'2014-05-31 12:44:51','2014-05-31 12:44:51','2014-05-31 12:44:51','0220',0,2.2,0,3.5,12,'0','2014-05-31 08:00:00','720',30.252902972222223,'N',120.1312713611111,'E',NULL,NULL,'57',NULL,'','',1,'0',0.001914,NULL,NULL,NULL,NULL,NULL,NULL,NULL,NULL,NULL,NULL,NULL,NULL,NULL,NULL,NULL,NULL,'255','HUAWEI                         ',NULL,'2','HUAWEI G750-T01                ',3120,4160,'','','','0','72','72'),(40,'2014-05-31 12:30:33','2014-05-31 12:30:33','2014-05-31 12:30:33','0220',0,2.2,0,3.5,14,'0','2014-05-31 08:00:00','720',30.254228583333333,'N',120.13376616666667,'E',NULL,NULL,'57',NULL,'','',1,'0',0.002706,NULL,NULL,NULL,NULL,NULL,NULL,NULL,NULL,NULL,NULL,NULL,NULL,NULL,NULL,NULL,NULL,'255','HUAWEI                         ',NULL,'2','HUAWEI G750-T01                ',3120,4160,'','','','0','72','72'),(41,'2014-05-31 12:34:15','2014-05-31 12:34:15','2014-05-31 12:34:15','0220',0,2.2,0,3.5,13,'0','2014-05-31 08:00:00','720',30.25408361111111,'N',120.13296508333333,'E',NULL,NULL,'57',NULL,'','',1,'0',0.007172,NULL,NULL,NULL,NULL,NULL,NULL,NULL,NULL,NULL,NULL,NULL,NULL,NULL,NULL,NULL,NULL,'255','HUAWEI                         ',NULL,'2','HUAWEI G750-T01                ',3120,4160,'','','','0','72','72'),(42,'2014-06-01 09:55:09','2014-06-01 09:55:09','2014-06-01 09:55:09','0220',0,2.2,0,3.5,-8,'0','2014-06-01 08:00:00','720',30.26728438888889,'N',120.07035063888888,'E',NULL,NULL,'57',NULL,'','',1,'0',0.006644,NULL,NULL,NULL,NULL,NULL,NULL,NULL,NULL,NULL,NULL,NULL,NULL,NULL,NULL,NULL,NULL,'255','HUAWEI                         ',NULL,'2','HUAWEI G750-T01                ',3120,4160,'','','','0','72','72'),(43,'2014-06-01 12:57:56','2014-06-01 12:57:56','2014-06-01 12:57:56','0220',0,2.2,0,3.5,-4,'0','2014-06-01 08:00:00','720',30.27467536111111,'N',120.06539916666667,'E',NULL,NULL,'66',NULL,'','',1,'0',0.01001,NULL,NULL,NULL,NULL,NULL,NULL,NULL,NULL,NULL,NULL,NULL,NULL,NULL,NULL,NULL,NULL,'255','HUAWEI                         ',NULL,'2','HUAWEI G750-T01                ',3120,4160,'','','','0','72','72'),(44,'2014-01-11 13:32:59','2014-01-11 13:32:59','2014-01-11 13:32:59','0220',0,2,0,3.82,NULL,NULL,NULL,'918',NULL,NULL,NULL,NULL,NULL,NULL,'125',9.321896,'11911560/4085760 (2.915)','0',0,'2',0.000156,28,NULL,NULL,NULL,NULL,NULL,NULL,NULL,NULL,NULL,NULL,NULL,NULL,NULL,NULL,NULL,'0','HTC',2,'255','HTC One',2688,1520,'','0','0','0','72','72'),(45,'2014-01-12 11:42:04','2014-01-12 11:42:04','2014-01-12 11:42:03','0220',0,2,0,3.82,NULL,NULL,NULL,'918',NULL,NULL,NULL,NULL,NULL,NULL,'160',1.965751,'11007456/4085760 (2.694)','0',0,'2',0.02,28,NULL,NULL,NULL,NULL,NULL,NULL,NULL,NULL,NULL,NULL,NULL,NULL,NULL,NULL,NULL,'0','HTC',2,'255','HTC One',1520,2688,'','0','0','0','72','72'),(46,'2014-01-12 11:42:06','2014-01-12 11:42:06','2014-01-12 11:42:06','0220',0,2,0,3.82,NULL,NULL,NULL,'918',NULL,NULL,NULL,NULL,NULL,NULL,'125',1.736932,'10502440/4085760 (2.57)','0',0,'2',0.03,28,NULL,NULL,NULL,NULL,NULL,NULL,NULL,NULL,NULL,NULL,NULL,NULL,NULL,NULL,NULL,'0','HTC',2,'255','HTC One',1520,2688,'','0','0','0','72','72'),(47,'2014-01-12 11:15:08',NULL,NULL,NULL,NULL,NULL,NULL,NULL,2400.899,'0','2014-01-12 08:00:00','194',26.874858833333334,'N',100.23121641666667,'E',NULL,NULL,NULL,NULL,'','',NULL,'',NULL,NULL,NULL,NULL,NULL,NULL,NULL,NULL,NULL,NULL,NULL,NULL,NULL,NULL,NULL,NULL,NULL,'','HTC',NULL,NULL,'HTC One',4398,1068,'','','','','',''),(48,'2014-01-11 07:53:21','2014-01-11 07:53:21','2014-01-11 07:53:21','0220',0,2,0,3.82,2392.399,'0','2014-01-10 08:00:00','918',26.878438944444444,'N',100.23223875000001,'E','ASCII',NULL,'200',0.643823,'6370016/4085760 (1.559)','0',0,'2',0.04,28,NULL,NULL,NULL,NULL,NULL,NULL,NULL,NULL,NULL,NULL,NULL,NULL,NULL,NULL,NULL,'0','HTC',2,'255','HTC One',2688,1520,'','0','0','0','72','72'),(49,'2014-01-11 07:47:52',NULL,NULL,NULL,NULL,NULL,NULL,NULL,2369.699,'0','2014-01-10 08:00:00','194',26.878971083333333,'N',100.23104094444444,'E',NULL,NULL,NULL,NULL,'','',NULL,'',NULL,NULL,NULL,NULL,NULL,NULL,NULL,NULL,NULL,NULL,NULL,NULL,NULL,NULL,NULL,NULL,NULL,'','HTC',NULL,NULL,'HTC One',3712,1074,'','','','','',''),(50,'2014-01-12 11:06:08','2014-01-12 11:06:08','2014-01-12 11:06:07','0220',0,2,0,3.82,NULL,NULL,NULL,'918',NULL,NULL,NULL,NULL,NULL,NULL,'125',5.777574,'7897080/4085760 (1.933)','0',0,'2',0.001822,28,NULL,NULL,NULL,NULL,NULL,NULL,NULL,NULL,NULL,NULL,NULL,NULL,NULL,NULL,NULL,'0','HTC',2,'255','HTC One',1520,2688,'','0','0','0','72','72'),(51,'2014-01-12 13:26:38','2014-01-12 13:26:38','2014-01-12 13:26:38','0220',0,2,0,3.82,2316.6,'0','2014-01-12 08:00:00','918',26.87262913888889,'N',100.23391722222222,'E','ASCII',NULL,'100',6.346142,'7138384/4085760 (1.747)','0',0,'2',0.001536,28,NULL,NULL,NULL,NULL,NULL,NULL,NULL,NULL,NULL,NULL,NULL,NULL,NULL,NULL,NULL,'0','HTC',2,'255','HTC One',1520,2688,'','0','0','0','72','72'),(52,'2013-09-15 15:33:20','2013-09-15 05:56:30','2013-09-15 05:56:30','0220',0,2,0,3.82,916.099,'0','2013-09-14 08:00:00','960',39.8440895,'N',115.64006041666667,'E','ASCII',NULL,'100',5.321894,'5626912/4085760 (1.377)','0',0,'2',0.003125,28,NULL,NULL,NULL,NULL,NULL,NULL,NULL,NULL,NULL,NULL,NULL,NULL,NULL,NULL,NULL,'0','HTC',2,'255','HTC One',2688,1520,'','0','0','0','72','72'),(53,'2013-09-15 15:33:16','2013-09-14 17:21:35','2013-09-14 17:21:35','0220',0,2,0,3.82,1931.8,'0','2013-09-14 08:00:00','960',39.85845947222222,'N',115.6145935,'E','ASCII',NULL,'125',7.65893,'7954488/4085760 (1.947)','0',0,'2',0.000494,28,NULL,NULL,NULL,NULL,NULL,NULL,NULL,NULL,NULL,NULL,NULL,NULL,NULL,NULL,NULL,'0','HTC',2,'255','HTC One',2688,1520,'','0','0','0','72','72'),(54,'2013-09-15 15:33:20','2013-09-15 06:14:22','2013-09-15 06:14:22','0220',0,2,0,3.82,933.299,'0','2013-09-14 08:00:00','960',39.844223,'N',115.63964841666667,'E','ASCII',NULL,'125',8.584929,'7075856/4085760 (1.732)','0',0,'2',0.00026,28,NULL,NULL,NULL,NULL,NULL,NULL,NULL,NULL,NULL,NULL,NULL,NULL,NULL,NULL,NULL,'0','HTC',2,'255','HTC One',2688,1520,'','0','0','0','72','72'),(55,'2013-09-15 15:33:17','2013-09-14 17:53:32','2013-09-14 17:53:32','0220',0,2,0,3.82,NULL,NULL,NULL,NULL,NULL,NULL,NULL,NULL,NULL,NULL,'125',3.584929,'11068976/4085760 (2.709)','0',0,'2',0.008333,28,NULL,NULL,NULL,NULL,NULL,NULL,NULL,NULL,NULL,NULL,NULL,NULL,NULL,NULL,NULL,'0','HTC',2,'255','HTC One',2688,1520,'','0','0','0','72','72'),(56,'2013-09-15 15:33:24','2013-09-15 06:22:24','2013-09-15 06:22:24','0220',0,2,0,3.82,808.599,'0','2013-09-14 08:00:00','960',39.84501647222223,'N',115.63942716666668,'E','ASCII',NULL,'125',1.736932,'12259968/4085760 (3.001)','0',0,'2',0.03,28,NULL,NULL,NULL,NULL,NULL,NULL,NULL,NULL,NULL,NULL,NULL,NULL,NULL,NULL,NULL,'0','HTC',2,'255','HTC One',2688,1520,'','0','0','0','72','72'),(57,'2013-09-15 15:33:25','2013-09-15 06:22:31','2013-09-15 06:22:31','0220',0,2,0,3.82,808.599,'0','2013-09-14 08:00:00','960',39.84501647222223,'N',115.63942716666668,'E','ASCII',NULL,'125',3.407011,'9407784/4085760 (2.303)','0',0,'2',0.009427,28,NULL,NULL,NULL,NULL,NULL,NULL,NULL,NULL,NULL,NULL,NULL,NULL,NULL,NULL,NULL,'0','HTC',2,'255','HTC One',2688,1520,'','0','0','0','72','72'),(58,'2013-09-15 15:33:30','2013-09-15 09:18:19','2013-09-15 09:18:19','0220',0,2,0,3.82,31.399,'0','2013-09-15 08:00:00','960',39.68923566666666,'N',115.927124,'E','ASCII',NULL,'125',9.58493,'14958792/4085760 (3.661)','0',0,'2',0.00013,28,NULL,NULL,NULL,NULL,NULL,NULL,NULL,NULL,NULL,NULL,NULL,NULL,NULL,NULL,NULL,'0','HTC',2,'255','HTC One',1520,2688,'','0','0','0','72','72'),(59,'2013-09-15 15:33:32','2013-09-15 09:18:51','2013-09-15 09:18:51','0220',0,2,0,3.82,45.799,'0','2013-09-15 08:00:00','960',39.68881986111111,'N',115.92741391666667,'E','ASCII',NULL,'125',10.321895,'13624712/4085760 (3.335)','0',0,'2',0.000078,28,NULL,NULL,NULL,NULL,NULL,NULL,NULL,NULL,NULL,NULL,NULL,NULL,NULL,NULL,NULL,'0','HTC',2,'255','HTC One',1520,2688,'','0','0','0','72','72'),(60,'2013-09-15 15:33:40','2013-09-15 09:34:50','2013-09-15 09:34:50','0220',0,2,0,3.82,0,'0','2013-09-15 08:00:00','960',39.68766783333333,'N',115.93087005555556,'E','ASCII',NULL,'125',9.321896,'14376144/4085760 (3.519)','0',0,'2',0.000156,28,NULL,NULL,NULL,NULL,NULL,NULL,NULL,NULL,NULL,NULL,NULL,NULL,NULL,NULL,NULL,'0','HTC',2,'255','HTC One',1520,2688,'','0','0','0','72','72'),(61,'2013-09-15 15:32:41','2013-09-14 10:29:10','2013-09-14 10:29:10','0220',0,2,0,3.82,409.399,'0','2013-09-14 08:00:00','960',39.97674558333333,'N',115.69856261111111,'E','ASCII',NULL,'125',9.906857,'8808600/4085760 (2.156)','0',0,'2',0.000104,28,NULL,NULL,NULL,NULL,NULL,NULL,NULL,NULL,NULL,NULL,NULL,NULL,NULL,NULL,NULL,'0','HTC',2,'255','HTC One',1520,2688,'','0','0','0','72','72'),(62,'2013-09-15 15:32:42','2013-09-14 14:16:17','2013-09-14 14:16:17','0220',0,2,0,3.82,1136.9,'0','2013-09-14 08:00:00','960',39.82597730555556,'N',115.59652708333333,'E','ASCII',NULL,'125',7.447426,'20117448/4085760 (4.924)','0',0,'2',0.000572,28,NULL,NULL,NULL,NULL,NULL,NULL,NULL,NULL,NULL,NULL,NULL,NULL,NULL,NULL,NULL,'0','HTC',2,'255','HTC One',2688,1520,'','0','0','0','72','72'),(63,NULL,'2002-12-08 12:00:00','2014-04-10 12:04:15','0220',NULL,NULL,0,3.69,NULL,NULL,NULL,'388',NULL,NULL,NULL,NULL,NULL,NULL,'100',NULL,'','',NULL,'',0.01506,NULL,NULL,NULL,NULL,NULL,NULL,NULL,NULL,NULL,NULL,NULL,NULL,NULL,NULL,NULL,NULL,'','Xiaomi',NULL,NULL,'MiOne',3200,1800,'','','','','72','72'),(64,'2013-09-15 15:44:37',NULL,'2013-08-31 14:06:25','0220',NULL,NULL,NULL,NULL,644.7,'0','2013-08-31 08:00:00','376',40.552776333333334,'N',116.68827055555556,'E',NULL,NULL,NULL,NULL,'','',NULL,'',NULL,NULL,NULL,NULL,NULL,NULL,NULL,NULL,NULL,NULL,NULL,NULL,NULL,NULL,NULL,NULL,NULL,'','HTC',NULL,NULL,'HTC One',6052,1088,'','','','','',''),(65,'2013-09-15 15:44:49','2013-08-31 15:09:25','2013-08-31 15:09:25','0220',0,2,0,3.82,1021.5,'0','2013-08-31 08:00:00','960',40.56087491666666,'N',116.69763944444445,'E','ASCII',NULL,'125',9.099503,'7107912/4085760 (1.74)','0',0,'2',0.000182,28,NULL,NULL,NULL,NULL,NULL,NULL,NULL,NULL,NULL,NULL,NULL,NULL,NULL,NULL,NULL,'0','HTC',2,'255','HTC One',2688,1520,'','0','0','0','72','72'),(66,'2013-09-15 15:44:49','2013-08-31 14:54:17','2013-08-31 14:54:17','0220',0,2,0,3.82,918.4,'0','2013-08-31 08:00:00','960',40.55885694444444,'N',116.69582366666667,'E','ASCII',NULL,'125',9.099503,'10558632/4085760 (2.584)','0',0,'2',0.000182,28,NULL,NULL,NULL,NULL,NULL,NULL,NULL,NULL,NULL,NULL,NULL,NULL,NULL,NULL,NULL,'0','HTC',2,'255','HTC One',1520,2688,'','0','0','0','72','72'),(67,'2013-09-15 15:44:53','2013-08-31 15:20:16','2013-08-31 15:20:16','0220',0,2,0,3.82,NULL,NULL,NULL,NULL,NULL,NULL,NULL,NULL,NULL,NULL,'160',10.550715,'9270944/4085760 (2.269)','0',0,'2',0.000052,28,NULL,NULL,NULL,NULL,NULL,NULL,NULL,NULL,NULL,NULL,NULL,NULL,NULL,NULL,NULL,'0','HTC',2,'255','HTC One',2688,1520,'','0','0','0','72','72'),(68,'2013-09-15 15:44:58',NULL,'2013-08-31 15:48:26','0220',NULL,NULL,NULL,NULL,NULL,NULL,NULL,NULL,NULL,NULL,NULL,NULL,NULL,NULL,NULL,NULL,'','',NULL,'',NULL,NULL,NULL,NULL,NULL,NULL,NULL,NULL,NULL,NULL,NULL,NULL,NULL,NULL,NULL,NULL,NULL,'','HTC',NULL,NULL,'HTC One',4636,1116,'','','','','',''),(69,'2013-09-15 15:44:54',NULL,'2013-08-31 15:20:43','0220',NULL,NULL,NULL,NULL,1090.199,'0','2013-08-31 08:00:00','376',40.55920408333333,'N',116.69837186111111,'E',NULL,NULL,NULL,NULL,'','',NULL,'',NULL,NULL,NULL,NULL,NULL,NULL,NULL,NULL,NULL,NULL,NULL,NULL,NULL,NULL,NULL,NULL,NULL,'','HTC',NULL,NULL,'HTC One',4480,1014,'','','','','',''),(70,'2013-09-15 15:45:05',NULL,'2013-08-31 16:20:46','0220',NULL,NULL,NULL,NULL,NULL,NULL,NULL,NULL,NULL,NULL,NULL,NULL,NULL,NULL,NULL,NULL,'','',NULL,'',NULL,NULL,NULL,NULL,NULL,NULL,NULL,NULL,NULL,NULL,NULL,NULL,NULL,NULL,NULL,NULL,NULL,'','HTC',NULL,NULL,'HTC One',4948,1086,'','','','','',''),(78,NULL,NULL,NULL,NULL,NULL,NULL,NULL,NULL,NULL,NULL,NULL,NULL,NULL,NULL,NULL,NULL,NULL,NULL,NULL,NULL,NULL,NULL,NULL,NULL,NULL,NULL,NULL,NULL,NULL,NULL,NULL,NULL,NULL,NULL,NULL,NULL,NULL,NULL,NULL,NULL,NULL,NULL,NULL,NULL,NULL,NULL,4849,1755,NULL,NULL,NULL,NULL,NULL,NULL),(79,NULL,NULL,NULL,NULL,NULL,NULL,NULL,NULL,NULL,NULL,NULL,NULL,NULL,NULL,NULL,NULL,NULL,NULL,NULL,NULL,NULL,NULL,NULL,NULL,NULL,NULL,NULL,NULL,NULL,NULL,NULL,NULL,NULL,NULL,NULL,NULL,NULL,NULL,NULL,NULL,NULL,NULL,NULL,NULL,NULL,NULL,NULL,NULL,NULL,NULL,NULL,NULL,NULL,NULL),(80,'2014-05-03 19:55:45','2014-05-03 15:57:56','2014-05-03 15:57:56','0230',0,5,16,50,NULL,NULL,NULL,'1016',NULL,NULL,NULL,NULL,NULL,NULL,'400',NULL,'4','0',1,'1',0.0008,75,NULL,NULL,NULL,NULL,NULL,NULL,NULL,NULL,NULL,NULL,NULL,NULL,NULL,NULL,NULL,'0','NIKON CORPORATION',1,'3','NIKON D7000',1487,1487,'','0','0','0','300','300'),(81,'2014-06-27 19:07:59','2014-06-27 19:07:59','2014-06-27 19:07:59','0221',NULL,2.8,24,3.85,16.791545189504372,'0',NULL,'1054',31.281975,'N',121.46180833333334,'E',NULL,NULL,'80',3.5483253588516748,'','',NULL,'2',0.03333333333333333,35,NULL,NULL,NULL,NULL,NULL,NULL,NULL,NULL,NULL,NULL,NULL,NULL,NULL,NULL,NULL,'','Apple',NULL,'3','iPhone 4',2592,1936,'','','','0','72','72'),(82,'2014-02-15 13:44:50',NULL,NULL,NULL,NULL,NULL,NULL,NULL,1918.8,'0','2014-02-15 08:00:00','194',25.92402838888889,'N',100.10691833333333,'E',NULL,NULL,NULL,NULL,'','',NULL,'',NULL,NULL,NULL,NULL,NULL,NULL,NULL,NULL,NULL,NULL,NULL,NULL,NULL,NULL,NULL,NULL,NULL,'','HTC',NULL,NULL,'HTC One',2664,1110,'','','','','',''),(83,'2014-06-30 14:25:08','2014-06-30 14:25:08','2014-06-30 14:25:08',NULL,NULL,NULL,NULL,NULL,NULL,NULL,NULL,'212',31.240344444444446,'N',121.41129166666667,'E',NULL,NULL,NULL,NULL,'','',NULL,'',NULL,NULL,NULL,NULL,NULL,NULL,NULL,NULL,NULL,NULL,NULL,NULL,NULL,NULL,NULL,NULL,NULL,'',NULL,NULL,NULL,NULL,4096,1615,'','','','','',''),(88,'2014-02-15 13:24:17','2014-02-15 13:24:17','2014-02-15 13:24:17','0220',0,2,0,3.82,1941.5,'0','2014-02-15 08:00:00','918',25.926589944444444,'N',100.10533141666666,'E','ASCII',NULL,'125',8.584929,'10703104/4085760 (2.62)','0',0,'2',0.00026,28,NULL,NULL,NULL,NULL,NULL,NULL,NULL,NULL,NULL,NULL,NULL,NULL,NULL,NULL,NULL,'0','HTC',2,'255','HTC One',2688,1520,'','0','0','0','72','72'),(89,'2014-07-01 11:24:50',NULL,NULL,NULL,NULL,NULL,NULL,NULL,0,'0','2014-07-01 08:00:00','342',22.684005722222224,'N',113.52578733333333,'E',NULL,NULL,NULL,NULL,'','',NULL,'',NULL,NULL,NULL,NULL,NULL,NULL,NULL,NULL,NULL,NULL,NULL,NULL,NULL,NULL,NULL,NULL,NULL,'','HTC',NULL,NULL,'HTC One',56,100,'','','','','',''),(90,'2014-07-01 12:52:50',NULL,NULL,NULL,NULL,NULL,NULL,NULL,0,'0','2014-07-01 08:00:00','342',22.684013361111113,'N',113.52577972222223,'E',NULL,NULL,NULL,NULL,'','',NULL,'',NULL,NULL,NULL,NULL,NULL,NULL,NULL,NULL,NULL,NULL,NULL,NULL,NULL,NULL,NULL,NULL,NULL,'','HTC',NULL,NULL,'HTC One',1520,2688,'','','','','',''),(91,'2014-07-05 18:26:01','2014-07-05 18:26:01','2014-07-05 18:26:01','0221',NULL,2.8,24,3.85,131.32804232804233,'0',NULL,'1054',31.27601111111111,'N',121.44811944444444,'E',NULL,NULL,'125',1.949748743718593,'','',NULL,'2',0.058823529411764705,35,NULL,NULL,NULL,NULL,NULL,NULL,NULL,NULL,NULL,NULL,NULL,NULL,NULL,NULL,NULL,'','Apple',NULL,'5','iPhone 4',2592,1936,'','','','0','72','72'),(92,'2014-07-06 20:25:42','2014-07-06 20:25:42','2014-07-06 20:25:42','0221',NULL,2.8,24,3.85,18.099025974025974,'0',NULL,'1054',31.142647222222223,'N',121.40596111111111,'E',NULL,NULL,'1000',-1.7892209178228389,'','',NULL,'2',0.06666666666666667,35,NULL,NULL,NULL,NULL,NULL,NULL,NULL,NULL,NULL,NULL,NULL,NULL,NULL,NULL,NULL,'','Apple',NULL,'5','iPhone 4',1936,2592,'','','','0','72','72'),(93,'2014-07-08 10:45:34','2014-07-08 10:45:34','2014-07-08 10:45:34','0220',0,2,1,3.82,61.7,'0','2014-07-08 08:00:00','1462',22.684061027777776,'N',113.52571105555556,'E','ASCII',NULL,'125',7.736932,'18448576/4085760 (4.515)','0',0,'2',0.000468,28,NULL,NULL,NULL,NULL,NULL,NULL,NULL,NULL,NULL,NULL,NULL,NULL,NULL,NULL,NULL,'0','HTC',2,'255','HTC One',2688,1520,'','0','0','0','72','72'),(94,'2014-07-08 10:45:39','2014-07-08 10:45:39','2014-07-08 10:45:39','0220',0,2,1,3.82,61.7,'0','2014-07-08 08:00:00','1462',22.684061027777776,'N',113.52571105555556,'E','ASCII',NULL,'125',7.736932,'18037128/4085760 (4.415)','0',0,'2',0.000468,28,NULL,NULL,NULL,NULL,NULL,NULL,NULL,NULL,NULL,NULL,NULL,NULL,NULL,NULL,NULL,'0','HTC',2,'255','HTC One',2688,1520,'','0','0','0','72','72'),(95,'2014-07-08 10:48:13','2014-07-08 10:48:13','2014-07-08 10:48:13','0220',0,2,1,3.82,61.099,'0','2014-07-08 08:00:00','1462',22.684024805555556,'N',113.52569577777777,'E','ASCII',NULL,'125',6.584929,'14983784/4085760 (3.667)','0',0,'2',0.001041,28,NULL,NULL,NULL,NULL,NULL,NULL,NULL,NULL,NULL,NULL,NULL,NULL,NULL,NULL,NULL,'0','HTC',2,'255','HTC One',1520,2688,'','0','0','0','72','72'),(96,'2014-07-08 10:47:48','2014-07-08 10:47:48','2014-07-08 10:47:48','0220',0,2,1,3.82,60.799,'0','2014-07-08 08:00:00','1462',22.684024805555556,'N',113.52568816666667,'E','ASCII',NULL,'125',7.206418,'17118672/4085760 (4.19)','0',0,'2',0.000677,28,NULL,NULL,NULL,NULL,NULL,NULL,NULL,NULL,NULL,NULL,NULL,NULL,NULL,NULL,NULL,'0','HTC',2,'255','HTC One',2688,1520,'','0','0','0','72','72'),(97,'2014-07-19 19:11:06','2014-07-19 19:11:06','2014-07-19 19:11:06','0220',0,2.2,1,3.5,0,'0','2014-07-19 08:00:00','720',31.326591472222223,'N',121.57126616666666,'E',NULL,NULL,'658',NULL,'','',1,'0',0.070004,NULL,NULL,NULL,NULL,NULL,NULL,NULL,NULL,NULL,NULL,NULL,NULL,NULL,NULL,NULL,NULL,'255','HUAWEI                         ',NULL,'2','HUAWEI G750-T01                ',3120,4160,'','','','0','72','72'),(98,'2014-07-19 18:21:01','2014-07-19 18:21:01','2014-07-19 18:21:01','0220',0,2.2,1,3.5,0,'0','2014-07-19 08:00:00','720',31.32655525,'N',121.57122038888889,'E',NULL,NULL,'664',NULL,'','',1,'0',0.070004,NULL,NULL,NULL,NULL,NULL,NULL,NULL,NULL,NULL,NULL,NULL,NULL,NULL,NULL,NULL,NULL,'255','HUAWEI                         ',NULL,'2','HUAWEI G750-T01                ',3120,4160,'','','','0','72','72'),(99,'2009-03-12 13:48:39','2008-02-07 11:33:11','2008-02-07 11:33:11',NULL,NULL,NULL,NULL,NULL,NULL,NULL,NULL,NULL,NULL,NULL,NULL,NULL,NULL,NULL,NULL,NULL,'','',NULL,'',NULL,NULL,NULL,NULL,NULL,NULL,NULL,NULL,NULL,NULL,NULL,NULL,NULL,NULL,NULL,NULL,NULL,'',NULL,NULL,NULL,NULL,1024,768,'','','','','',''),(100,'2009-03-12 13:48:39','2008-02-07 11:33:11','2008-02-07 11:33:11',NULL,NULL,NULL,NULL,NULL,NULL,NULL,NULL,NULL,NULL,NULL,NULL,NULL,NULL,NULL,NULL,NULL,'','',NULL,'',NULL,NULL,NULL,NULL,NULL,NULL,NULL,NULL,NULL,NULL,NULL,NULL,NULL,NULL,NULL,NULL,NULL,'',NULL,NULL,NULL,NULL,1024,768,'','','','','',''),(101,'2009-03-12 13:48:35','2008-02-18 05:07:31','2008-02-18 05:07:31',NULL,NULL,NULL,NULL,NULL,NULL,NULL,NULL,NULL,NULL,NULL,NULL,NULL,NULL,NULL,NULL,NULL,'','',NULL,'',NULL,NULL,NULL,NULL,NULL,NULL,NULL,NULL,NULL,NULL,NULL,NULL,NULL,NULL,NULL,NULL,NULL,'',NULL,NULL,NULL,NULL,1024,768,'','','','','',''),(102,'2009-03-12 13:48:28','2008-02-11 11:32:43','2008-02-11 11:32:43',NULL,NULL,NULL,NULL,NULL,NULL,NULL,NULL,NULL,NULL,NULL,NULL,NULL,NULL,NULL,NULL,NULL,'','',NULL,'',NULL,NULL,NULL,NULL,NULL,NULL,NULL,NULL,NULL,NULL,NULL,NULL,NULL,NULL,NULL,NULL,NULL,'',NULL,NULL,NULL,NULL,1024,768,'','','','','',''),(103,'2009-03-12 13:48:35','2008-02-18 05:07:31','2008-02-18 05:07:31',NULL,NULL,NULL,NULL,NULL,NULL,NULL,NULL,NULL,NULL,NULL,NULL,NULL,NULL,NULL,NULL,NULL,'','',NULL,'',NULL,NULL,NULL,NULL,NULL,NULL,NULL,NULL,NULL,NULL,NULL,NULL,NULL,NULL,NULL,NULL,NULL,'',NULL,NULL,NULL,NULL,1024,768,'','','','','',''),(104,'2009-03-12 13:48:28','2008-02-11 11:32:43','2008-02-11 11:32:43',NULL,NULL,NULL,NULL,NULL,NULL,NULL,NULL,NULL,NULL,NULL,NULL,NULL,NULL,NULL,NULL,NULL,'','',NULL,'',NULL,NULL,NULL,NULL,NULL,NULL,NULL,NULL,NULL,NULL,NULL,NULL,NULL,NULL,NULL,NULL,NULL,'',NULL,NULL,NULL,NULL,1024,768,'','','','','',''),(105,'2012-10-22 13:11:44','2012-10-22 13:11:44','2012-10-22 13:11:44','0221',NULL,2.8,24,3.85,0,'0',NULL,'594',34.837,'N',116.39116666666666,'E',NULL,NULL,'100',4.394640682095006,'','',NULL,'2',0.016666666666666666,NULL,NULL,NULL,NULL,NULL,NULL,NULL,NULL,NULL,NULL,NULL,NULL,NULL,NULL,NULL,NULL,'','Apple',NULL,'5','iPhone 4',2592,1936,'','','2','0','72','72'),(106,NULL,NULL,NULL,NULL,NULL,NULL,NULL,NULL,NULL,NULL,NULL,NULL,NULL,NULL,NULL,NULL,NULL,NULL,NULL,NULL,'','',NULL,'',NULL,NULL,NULL,NULL,NULL,NULL,NULL,NULL,NULL,NULL,NULL,NULL,NULL,NULL,NULL,NULL,NULL,'',NULL,NULL,NULL,NULL,1550,611,'','','','','',''),(107,'2010-06-02 13:10:50','2009-08-27 05:03:01','2009-08-27 05:03:01','0221',0,8,0,12,NULL,NULL,NULL,NULL,NULL,NULL,NULL,NULL,NULL,NULL,'200',NULL,'','0',1,'1',30,18,NULL,NULL,NULL,NULL,NULL,NULL,NULL,NULL,NULL,NULL,NULL,NULL,NULL,NULL,NULL,'0','NIKON CORPORATION',4.3,'5','NIKON D70s',2805,1578,'','0','0','0','240','240'),(108,'2011-09-05 16:56:50','2011-09-05 16:56:50','2011-07-27 11:39:23','0220',-0.3,8,0,30,NULL,NULL,NULL,NULL,NULL,NULL,NULL,NULL,NULL,NULL,'100',NULL,'','',NULL,'3',0.008,51,NULL,NULL,NULL,NULL,NULL,NULL,NULL,NULL,NULL,NULL,NULL,NULL,NULL,NULL,NULL,'','SIGMA',1,'5','SIGMA SD14',666,999,'','','','1','180','180'),(109,NULL,NULL,NULL,NULL,NULL,NULL,NULL,NULL,NULL,NULL,NULL,NULL,NULL,NULL,NULL,NULL,NULL,NULL,NULL,NULL,NULL,NULL,NULL,NULL,NULL,NULL,NULL,NULL,NULL,NULL,NULL,NULL,NULL,NULL,NULL,NULL,NULL,NULL,NULL,NULL,NULL,NULL,NULL,NULL,NULL,NULL,1000,666,NULL,NULL,NULL,NULL,NULL,NULL),(110,'2011-01-27 20:42:53',NULL,NULL,NULL,NULL,NULL,NULL,NULL,NULL,NULL,NULL,NULL,NULL,NULL,NULL,NULL,NULL,NULL,NULL,NULL,'','',NULL,'',NULL,NULL,NULL,NULL,NULL,NULL,NULL,NULL,NULL,NULL,NULL,NULL,NULL,NULL,NULL,NULL,NULL,'',NULL,NULL,NULL,NULL,900,900,'','','','','72','72'),(111,'2011-01-28 22:39:49',NULL,NULL,NULL,NULL,NULL,NULL,NULL,NULL,NULL,NULL,NULL,NULL,NULL,NULL,NULL,NULL,NULL,NULL,NULL,'','',NULL,'',NULL,NULL,NULL,NULL,NULL,NULL,NULL,NULL,NULL,NULL,NULL,NULL,NULL,NULL,NULL,NULL,NULL,'',NULL,NULL,NULL,NULL,900,900,'','','','','72','72'),(112,'2011-01-28 10:46:19',NULL,NULL,NULL,NULL,NULL,NULL,NULL,NULL,NULL,NULL,NULL,NULL,NULL,NULL,NULL,NULL,NULL,NULL,NULL,'','',NULL,'',NULL,NULL,NULL,NULL,NULL,NULL,NULL,NULL,NULL,NULL,NULL,NULL,NULL,NULL,NULL,NULL,NULL,'',NULL,NULL,NULL,NULL,900,900,'','','','','72','72'),(113,'2011-01-28 10:00:39',NULL,NULL,NULL,NULL,NULL,NULL,NULL,NULL,NULL,NULL,NULL,NULL,NULL,NULL,NULL,NULL,NULL,NULL,NULL,'','',NULL,'',NULL,NULL,NULL,NULL,NULL,NULL,NULL,NULL,NULL,NULL,NULL,NULL,NULL,NULL,NULL,NULL,NULL,'',NULL,NULL,NULL,NULL,900,900,'','','','','72','72'),(114,'2011-01-28 09:40:10',NULL,NULL,NULL,NULL,NULL,NULL,14.975276324368782,NULL,NULL,NULL,NULL,NULL,NULL,NULL,NULL,NULL,NULL,NULL,NULL,'','',NULL,'',NULL,14.975276324368782,NULL,NULL,NULL,NULL,NULL,NULL,NULL,NULL,NULL,NULL,NULL,NULL,NULL,NULL,NULL,'',NULL,NULL,NULL,NULL,1400,548,'','','','','300','300'),(115,'2011-08-09 17:02:16','2011-08-09 17:02:16','2011-08-09 17:02:16','0230',-0.33,7.1,16,48.5,NULL,NULL,NULL,NULL,NULL,NULL,NULL,NULL,NULL,NULL,'100',10.77,'4','',NULL,'2',0.0016666666666666668,NULL,NULL,NULL,NULL,NULL,NULL,NULL,NULL,NULL,NULL,NULL,NULL,NULL,NULL,NULL,NULL,'0','FUJIFILM',3,'5','FinePix HS22EXR',3264,2176,'3','','','0','72','72'),(116,'2011-08-09 18:05:34','2011-08-09 18:05:34','2011-08-09 18:05:34','0230',-1.33,4.5,16,24.9,NULL,NULL,NULL,NULL,NULL,NULL,NULL,NULL,NULL,NULL,'100',6.81,'4','',NULL,'2',0.0033333333333333335,NULL,NULL,NULL,NULL,NULL,NULL,NULL,NULL,NULL,NULL,NULL,NULL,NULL,NULL,NULL,NULL,'0','FUJIFILM',3,'5','FinePix HS22EXR',3264,2176,'3','','','0','72','72'),(117,NULL,NULL,NULL,NULL,NULL,NULL,NULL,NULL,NULL,NULL,NULL,NULL,NULL,NULL,NULL,NULL,NULL,NULL,NULL,NULL,NULL,NULL,NULL,NULL,NULL,NULL,NULL,NULL,NULL,NULL,NULL,NULL,NULL,NULL,NULL,NULL,NULL,NULL,NULL,NULL,NULL,NULL,NULL,NULL,NULL,NULL,900,410,NULL,NULL,NULL,NULL,NULL,NULL),(118,'2010-08-02 08:11:16','2010-08-02 08:11:16','2010-08-02 08:11:16','0221',0,8,16,17,NULL,NULL,NULL,'3944',NULL,NULL,NULL,NULL,NULL,NULL,'100',NULL,'','',NULL,'',0.003125,NULL,NULL,NULL,NULL,NULL,NULL,NULL,NULL,NULL,NULL,NULL,NULL,NULL,NULL,NULL,NULL,'','Canon',NULL,NULL,'Canon EOS 40D',1936,1288,'2','','','0','500','500'),(119,'2008-05-16 10:10:00','2008-05-16 10:10:00','2008-05-16 10:10:00','0221',0,8,0,18,NULL,NULL,NULL,'28412',NULL,NULL,NULL,NULL,NULL,NULL,'100',NULL,'4','0',1,'3',0.0125,27,NULL,NULL,NULL,NULL,NULL,NULL,NULL,NULL,NULL,NULL,NULL,NULL,NULL,NULL,NULL,'0','NIKON CORPORATION',3.6,'2','NIKON D200',3872,2592,'','0','0','0','300','300'),(120,'2008-05-15 10:05:12','2008-05-15 10:05:12','2008-05-15 10:05:12','0221',0,8,0,42,NULL,NULL,NULL,'28580',NULL,NULL,NULL,NULL,NULL,NULL,'100',NULL,'4','0',1,'3',0.025,63,NULL,NULL,NULL,NULL,NULL,NULL,NULL,NULL,NULL,NULL,NULL,NULL,NULL,NULL,NULL,'0','NIKON CORPORATION',4.3,'2','NIKON D200',3872,2592,'','0','0','0','300','300'),(121,'2008-05-14 15:22:45','2008-05-14 15:22:45','2008-05-14 15:22:45','0221',0,8,0,28,NULL,NULL,NULL,'27656',NULL,NULL,NULL,NULL,NULL,NULL,'100',NULL,'4','',NULL,'3',0.004,NULL,NULL,NULL,NULL,NULL,NULL,NULL,NULL,NULL,NULL,NULL,NULL,NULL,NULL,NULL,NULL,'0','NIKON CORPORATION',4,'2','NIKON D200',2592,3872,'','','','','300','300'),(122,'2008-05-14 06:48:22','2008-05-14 06:48:22','2008-05-14 06:48:22','0221',0,8,0,46,NULL,NULL,NULL,'26278',NULL,NULL,NULL,NULL,NULL,NULL,'100',NULL,'4','',NULL,'3',0.002857142857142857,NULL,NULL,NULL,NULL,NULL,NULL,NULL,NULL,NULL,NULL,NULL,NULL,NULL,NULL,NULL,NULL,'0','NIKON CORPORATION',4.4,'2','NIKON D200',2592,3872,'','','','','300','300'),(123,'2009-10-14 06:16:38','2009-10-14 06:16:38','2009-10-14 06:16:38','0221',0,4,0,29,NULL,NULL,NULL,NULL,NULL,NULL,NULL,NULL,NULL,NULL,'100',NULL,'3','',NULL,'',0.004,NULL,NULL,NULL,NULL,NULL,NULL,NULL,NULL,NULL,NULL,NULL,NULL,NULL,NULL,NULL,NULL,'','Canon',4,'5','Canon EOS 300D DIGITAL',3072,2048,'2','','','0','180','180'),(124,'2008-05-12 11:57:15','2008-05-12 11:57:15','2008-05-12 11:57:15','0221',0,8,0,22,NULL,NULL,NULL,'28536',NULL,NULL,NULL,NULL,NULL,NULL,'100',NULL,'4','0',1,'3',0.001,33,NULL,NULL,NULL,NULL,NULL,NULL,NULL,NULL,NULL,NULL,NULL,NULL,NULL,NULL,NULL,'0','NIKON CORPORATION',3.8,'2','NIKON D200',3872,2592,'','0','0','0','300','300'),(125,'2008-05-11 16:40:40','2008-05-11 16:40:40','2008-05-11 16:40:40','0221',0,8,0,22,NULL,NULL,NULL,'28608',NULL,NULL,NULL,NULL,NULL,NULL,'100',NULL,'4','0',1,'3',0.005,33,NULL,NULL,NULL,NULL,NULL,NULL,NULL,NULL,NULL,NULL,NULL,NULL,NULL,NULL,NULL,'0','NIKON CORPORATION',3.8,'2','NIKON D200',3872,2592,'','0','0','0','300','300'),(126,'2011-02-07 22:08:14','2010-01-05 13:10:25','2010-01-05 13:10:25','0230',-0.3,5.6,16,6,NULL,NULL,NULL,NULL,NULL,NULL,NULL,NULL,NULL,NULL,'100',NULL,'','0',0,'3',0.00278862,28,NULL,NULL,NULL,NULL,NULL,NULL,NULL,NULL,NULL,NULL,NULL,NULL,NULL,NULL,NULL,'0','NIKON',3,'5','COOLPIX P7000',3648,2430,'','0','0','0','300','300'),(127,'2014-08-16 09:44:26',NULL,NULL,NULL,NULL,NULL,NULL,NULL,NULL,NULL,NULL,NULL,NULL,NULL,NULL,NULL,NULL,NULL,NULL,NULL,'','',NULL,'',NULL,NULL,NULL,NULL,NULL,NULL,NULL,NULL,NULL,NULL,NULL,NULL,NULL,NULL,NULL,NULL,NULL,'',NULL,NULL,NULL,NULL,900,891,'','','','','72','72'),(128,'2014-08-16 09:41:23',NULL,NULL,NULL,NULL,NULL,NULL,NULL,NULL,NULL,NULL,NULL,NULL,NULL,NULL,NULL,NULL,NULL,NULL,NULL,'','',NULL,'',NULL,NULL,NULL,NULL,NULL,NULL,NULL,NULL,NULL,NULL,NULL,NULL,NULL,NULL,NULL,NULL,NULL,'',NULL,NULL,NULL,NULL,900,1005,'','','','','72','72'),(129,'2014-08-16 09:44:47',NULL,NULL,NULL,NULL,NULL,NULL,NULL,NULL,NULL,NULL,NULL,NULL,NULL,NULL,NULL,NULL,NULL,NULL,NULL,'','',NULL,'',NULL,NULL,NULL,NULL,NULL,NULL,NULL,NULL,NULL,NULL,NULL,NULL,NULL,NULL,NULL,NULL,NULL,'',NULL,NULL,NULL,NULL,900,891,'','','','','72','72'),(130,'2014-08-16 09:42:34',NULL,NULL,NULL,NULL,NULL,NULL,NULL,NULL,NULL,NULL,NULL,NULL,NULL,NULL,NULL,NULL,NULL,NULL,NULL,'','',NULL,'',NULL,NULL,NULL,NULL,NULL,NULL,NULL,NULL,NULL,NULL,NULL,NULL,NULL,NULL,NULL,NULL,NULL,'',NULL,NULL,NULL,NULL,900,1005,'','','','','72','72'),(131,'2014-08-16 09:43:53',NULL,NULL,NULL,NULL,NULL,NULL,NULL,NULL,NULL,NULL,NULL,NULL,NULL,NULL,NULL,NULL,NULL,NULL,NULL,'','',NULL,'',NULL,NULL,NULL,NULL,NULL,NULL,NULL,NULL,NULL,NULL,NULL,NULL,NULL,NULL,NULL,NULL,NULL,'',NULL,NULL,NULL,NULL,900,891,'','','','','72','72'),(132,'2014-08-16 09:43:17',NULL,NULL,NULL,NULL,NULL,NULL,NULL,NULL,NULL,NULL,NULL,NULL,NULL,NULL,NULL,NULL,NULL,NULL,NULL,'','',NULL,'',NULL,NULL,NULL,NULL,NULL,NULL,NULL,NULL,NULL,NULL,NULL,NULL,NULL,NULL,NULL,NULL,NULL,'',NULL,NULL,NULL,NULL,900,891,'','','','','72','72'),(133,'2014-08-16 09:40:11',NULL,NULL,NULL,NULL,NULL,NULL,NULL,NULL,NULL,NULL,NULL,NULL,NULL,NULL,NULL,NULL,NULL,NULL,NULL,'','',NULL,'',NULL,NULL,NULL,NULL,NULL,NULL,NULL,NULL,NULL,NULL,NULL,NULL,NULL,NULL,NULL,NULL,NULL,'',NULL,NULL,NULL,NULL,900,1005,'','','','','72','72'),(134,'2014-08-16 09:43:01',NULL,NULL,NULL,NULL,NULL,NULL,NULL,NULL,NULL,NULL,NULL,NULL,NULL,NULL,NULL,NULL,NULL,NULL,NULL,'','',NULL,'',NULL,NULL,NULL,NULL,NULL,NULL,NULL,NULL,NULL,NULL,NULL,NULL,NULL,NULL,NULL,NULL,NULL,'',NULL,NULL,NULL,NULL,900,909,'','','','','72','72'),(135,'2014-08-16 09:43:37',NULL,NULL,NULL,NULL,NULL,NULL,NULL,NULL,NULL,NULL,NULL,NULL,NULL,NULL,NULL,NULL,NULL,NULL,NULL,'','',NULL,'',NULL,NULL,NULL,NULL,NULL,NULL,NULL,NULL,NULL,NULL,NULL,NULL,NULL,NULL,NULL,NULL,NULL,'',NULL,NULL,NULL,NULL,900,891,'','','','','72','72'),(136,'2014-08-16 09:44:09',NULL,NULL,NULL,NULL,NULL,NULL,NULL,NULL,NULL,NULL,NULL,NULL,NULL,NULL,NULL,NULL,NULL,NULL,NULL,'','',NULL,'',NULL,NULL,NULL,NULL,NULL,NULL,NULL,NULL,NULL,NULL,NULL,NULL,NULL,NULL,NULL,NULL,NULL,'',NULL,NULL,NULL,NULL,900,909,'','','','','72','72'),(137,'2004-12-08 16:50:23',NULL,NULL,'0210',NULL,NULL,NULL,NULL,NULL,NULL,NULL,NULL,NULL,NULL,NULL,NULL,NULL,NULL,NULL,NULL,'','',NULL,'',NULL,NULL,NULL,NULL,NULL,NULL,NULL,NULL,NULL,NULL,NULL,NULL,NULL,NULL,NULL,NULL,NULL,'',NULL,NULL,NULL,NULL,700,735,'','','','','350','350'),(138,'2004-12-08 17:00:40',NULL,NULL,'0210',NULL,NULL,NULL,NULL,NULL,NULL,NULL,NULL,NULL,NULL,NULL,NULL,NULL,NULL,NULL,NULL,'','',NULL,'',NULL,NULL,NULL,NULL,NULL,NULL,NULL,NULL,NULL,NULL,NULL,NULL,NULL,NULL,NULL,NULL,NULL,'',NULL,NULL,NULL,NULL,700,513,'','','','','350','350'),(139,'2004-12-08 16:31:10',NULL,NULL,'0210',NULL,NULL,NULL,NULL,NULL,NULL,NULL,NULL,NULL,NULL,NULL,NULL,NULL,NULL,NULL,NULL,'','',NULL,'',NULL,NULL,NULL,NULL,NULL,NULL,NULL,NULL,NULL,NULL,NULL,NULL,NULL,NULL,NULL,NULL,NULL,'',NULL,NULL,NULL,NULL,700,734,'','','','','350','350'),(140,'2004-12-10 15:13:04',NULL,NULL,'0210',NULL,NULL,NULL,NULL,NULL,NULL,NULL,NULL,NULL,NULL,NULL,NULL,NULL,NULL,NULL,NULL,'','',NULL,'',NULL,NULL,NULL,NULL,NULL,NULL,NULL,NULL,NULL,NULL,NULL,NULL,NULL,NULL,NULL,NULL,NULL,'',NULL,NULL,NULL,NULL,700,741,'','','','','350','350'),(141,'2004-12-10 15:35:42',NULL,NULL,'0210',NULL,NULL,NULL,NULL,NULL,NULL,NULL,NULL,NULL,NULL,NULL,NULL,NULL,NULL,NULL,NULL,'','',NULL,'',NULL,NULL,NULL,NULL,NULL,NULL,NULL,NULL,NULL,NULL,NULL,NULL,NULL,NULL,NULL,NULL,NULL,'',NULL,NULL,NULL,NULL,700,752,'','','','','350','350'),(142,'2013-07-22 03:30:10','2013-07-22 03:30:10','2013-07-22 03:30:10','0221',0,5.8,16,19.4,NULL,NULL,NULL,NULL,NULL,NULL,NULL,NULL,NULL,NULL,'500',NULL,'4','',NULL,'5',0.0125,NULL,NULL,NULL,NULL,NULL,NULL,NULL,NULL,NULL,NULL,NULL,NULL,NULL,NULL,NULL,NULL,'0','SONY',3.4375,'5','DSC-W310',3264,2448,'','0','0','0','72','72'),(143,'2014-01-31 18:16:57','2014-01-31 18:16:57','2014-01-31 18:16:56','0220',0,2,0,3.82,0,'0','2014-01-31 08:00:00','918',34.84208677777778,'N',116.40316008333333,'E','ASCII',NULL,'1000',-2.84803,'6924160/4085760 (1.695)','0',0,'2',0.090002,28,NULL,NULL,NULL,NULL,NULL,NULL,NULL,NULL,NULL,NULL,NULL,NULL,NULL,NULL,NULL,'0','HTC',2,'255','HTC One',1520,2688,'','0','0','0','72','72'),(144,'2014-02-06 10:22:48','2014-02-06 10:22:48','2014-02-06 10:22:48','0220',0,2,0,3.82,36.7,'0','2014-02-06 08:00:00','918',34.83666991666667,'N',116.39122772222223,'E','ASCII',NULL,'160',10.550715,'11662952/4085760 (2.855)','0',0,'2',0.000052,28,NULL,NULL,NULL,NULL,NULL,NULL,NULL,NULL,NULL,NULL,NULL,NULL,NULL,NULL,NULL,'0','HTC',2,'255','HTC One',2688,1520,'','0','0','0','72','72'),(145,'2013-05-27 17:13:23','2013-05-27 17:13:23','2013-05-27 17:13:23','0230',0,4,16,4.5,NULL,NULL,NULL,NULL,NULL,NULL,NULL,NULL,NULL,NULL,'100',NULL,'3','',1,'',0.0008,NULL,NULL,NULL,NULL,NULL,NULL,NULL,NULL,NULL,NULL,NULL,NULL,NULL,NULL,NULL,NULL,'','Canon',3.625,'5','Canon PowerShot SX240 HS',4000,3000,'2','','','0','180','180'),(146,'2013-05-25 14:04:03','2013-05-25 14:04:03','2013-05-25 14:04:03','0230',0,5.6,16,40.31,NULL,NULL,NULL,NULL,NULL,NULL,NULL,NULL,NULL,NULL,'100',NULL,'3','',1,'',0.005,NULL,NULL,NULL,NULL,NULL,NULL,NULL,NULL,NULL,NULL,NULL,NULL,NULL,NULL,NULL,NULL,'','Canon',4.96875,'5','Canon PowerShot SX240 HS',4000,3000,'2','','','0','180','180'),(147,'2013-05-29 19:13:26','2013-05-29 19:13:26','2013-05-29 19:13:26','0230',0,5.6,16,34.494,NULL,NULL,NULL,NULL,NULL,NULL,NULL,NULL,NULL,NULL,'800',NULL,'3','',1,'',0.03333333333333333,NULL,NULL,NULL,NULL,NULL,NULL,NULL,NULL,NULL,NULL,NULL,NULL,NULL,NULL,NULL,NULL,'','Canon',4.96875,'5','Canon PowerShot SX240 HS',4000,3000,'2','','','0','180','180'),(148,NULL,NULL,NULL,NULL,NULL,NULL,NULL,NULL,NULL,NULL,NULL,NULL,NULL,NULL,NULL,NULL,NULL,NULL,NULL,NULL,NULL,NULL,NULL,NULL,NULL,NULL,NULL,NULL,NULL,NULL,NULL,NULL,NULL,NULL,NULL,NULL,NULL,NULL,NULL,NULL,NULL,NULL,NULL,NULL,NULL,NULL,670,502,NULL,NULL,NULL,NULL,NULL,NULL),(149,NULL,NULL,NULL,NULL,NULL,NULL,NULL,NULL,NULL,NULL,NULL,NULL,NULL,NULL,NULL,NULL,NULL,NULL,NULL,NULL,NULL,NULL,NULL,NULL,NULL,NULL,NULL,NULL,NULL,NULL,NULL,NULL,NULL,NULL,NULL,NULL,NULL,NULL,NULL,NULL,NULL,NULL,NULL,NULL,NULL,NULL,670,502,NULL,NULL,NULL,NULL,NULL,NULL),(150,NULL,NULL,NULL,NULL,NULL,NULL,NULL,NULL,NULL,NULL,NULL,NULL,NULL,NULL,NULL,NULL,NULL,NULL,NULL,NULL,NULL,NULL,NULL,NULL,NULL,NULL,NULL,NULL,NULL,NULL,NULL,NULL,NULL,NULL,NULL,NULL,NULL,NULL,NULL,NULL,NULL,NULL,NULL,NULL,NULL,NULL,670,502,NULL,NULL,NULL,NULL,NULL,NULL),(151,'2012-02-04 08:52:03','2012-02-04 08:52:03','2012-02-04 08:52:03','0220',0,2.9,16,5.7,NULL,NULL,NULL,NULL,NULL,NULL,NULL,NULL,NULL,NULL,'200',4.19,'4','',NULL,'7',0.007142857142857143,NULL,NULL,NULL,NULL,NULL,NULL,NULL,NULL,NULL,NULL,NULL,NULL,NULL,NULL,NULL,NULL,'0','FUJIFILM',3.07,'5','FinePix AV105',4000,3000,'3','','0','0','72','72'),(152,'2011-05-29 08:45:55','2011-05-29 08:45:55','2011-05-29 08:45:55','0220',0,2.9,16,5.7,NULL,NULL,NULL,NULL,NULL,NULL,NULL,NULL,NULL,NULL,'100',7.03,'4','',NULL,'2',0.002,NULL,NULL,NULL,NULL,NULL,NULL,NULL,NULL,NULL,NULL,NULL,NULL,NULL,NULL,NULL,NULL,'0','FUJIFILM',3.07,'5','FinePix AV105',4000,3000,'3','','0','0','72','72'),(153,'2011-05-29 09:31:17','2011-05-29 09:31:17','2011-05-29 09:31:17','0220',0,2.9,16,5.7,NULL,NULL,NULL,NULL,NULL,NULL,NULL,NULL,NULL,NULL,'160',5.35,'4','',NULL,'2',0.004,NULL,NULL,NULL,NULL,NULL,NULL,NULL,NULL,NULL,NULL,NULL,NULL,NULL,NULL,NULL,NULL,'0','FUJIFILM',3.07,'5','FinePix AV105',4000,3000,'3','','0','0','72','72'),(154,'2011-05-29 10:25:21','2011-05-29 10:25:21','2011-05-29 10:25:21','0220',0,2.9,16,5.7,NULL,NULL,NULL,NULL,NULL,NULL,NULL,NULL,NULL,NULL,'100',7.47,'4','',NULL,'2',0.0014705882352941176,NULL,NULL,NULL,NULL,NULL,NULL,NULL,NULL,NULL,NULL,NULL,NULL,NULL,NULL,NULL,NULL,'0','FUJIFILM',3.07,'5','FinePix AV105',4000,3000,'3','','0','0','72','72'),(155,'2011-05-29 10:18:23','2011-05-29 10:18:23','2011-05-29 10:18:23','0220',0,8.8,16,5.7,NULL,NULL,NULL,NULL,NULL,NULL,NULL,NULL,NULL,NULL,'100',8.5,'4','',NULL,'2',0.006666666666666667,NULL,NULL,NULL,NULL,NULL,NULL,NULL,NULL,NULL,NULL,NULL,NULL,NULL,NULL,NULL,NULL,'0','FUJIFILM',3.07,'5','FinePix AV105',4000,3000,'3','','0','0','72','72'),(156,'2011-05-29 10:18:23','2011-05-29 10:18:23','2011-05-29 10:18:23','0220',0,8.8,16,5.7,NULL,NULL,NULL,NULL,NULL,NULL,NULL,NULL,NULL,NULL,'100',8.5,'4','',NULL,'2',0.006666666666666667,NULL,NULL,NULL,NULL,NULL,NULL,NULL,NULL,NULL,NULL,NULL,NULL,NULL,NULL,NULL,NULL,'0','FUJIFILM',3.07,'5','FinePix AV105',3000,4000,'3','','','','72','72'),(157,'2011-10-04 14:58:50','2011-10-04 14:58:50','2011-10-04 14:58:50','0220',0,4.03,16,6.63,NULL,NULL,NULL,NULL,NULL,NULL,NULL,NULL,NULL,NULL,'200',2.56,'4','',NULL,'2',0.014285714285714285,NULL,NULL,NULL,NULL,NULL,NULL,NULL,NULL,NULL,NULL,NULL,NULL,NULL,NULL,NULL,NULL,'0','FUJIFILM',2.97,'5','FinePix Z70',4000,3000,'3','','0','0','72','72'),(158,'2011-10-04 16:38:48','2011-10-04 16:38:48','2011-10-04 16:38:48','0220',0,4.03,16,6.63,NULL,NULL,NULL,NULL,NULL,NULL,NULL,NULL,NULL,NULL,'800',2.56,'4','',NULL,'2',0.1111111111111111,NULL,NULL,NULL,NULL,NULL,NULL,NULL,NULL,NULL,NULL,NULL,NULL,NULL,NULL,NULL,NULL,'0','FUJIFILM',2.97,'5','FinePix Z70',4000,3000,'3','','0','0','72','72'),(159,'2014-08-22 13:47:53','2014-08-22 13:47:53','2014-08-22 13:47:53','0220',0,2.2,0,3.5,NULL,NULL,NULL,NULL,NULL,NULL,NULL,NULL,NULL,NULL,'57',NULL,'','',1,'0',0.002332,NULL,NULL,NULL,NULL,NULL,NULL,NULL,NULL,NULL,NULL,NULL,NULL,NULL,NULL,NULL,NULL,'255','HUAWEI                         ',NULL,'2','HUAWEI G750-T01                ',3120,4160,'','','','0','72','72'),(160,'2014-08-22 13:55:57','2014-08-22 13:55:57','2014-08-22 13:55:57','0220',0,2.2,0,3.5,NULL,NULL,NULL,NULL,NULL,NULL,NULL,NULL,NULL,NULL,'70',NULL,'','',1,'0',0.039996,NULL,NULL,NULL,NULL,NULL,NULL,NULL,NULL,NULL,NULL,NULL,NULL,NULL,NULL,NULL,NULL,'255','HUAWEI                         ',NULL,'2','HUAWEI G750-T01                ',3120,4160,'','','','0','72','72'),(161,'2014-08-22 13:59:53','2014-08-22 13:59:53','2014-08-22 13:59:53','0220',0,2.2,0,3.5,0,'0','2014-08-22 08:00:00','720',31.239818555555555,'N',121.41162108333334,'E',NULL,NULL,'84',NULL,'','',1,'0',0.039996,NULL,NULL,NULL,NULL,NULL,NULL,NULL,NULL,NULL,NULL,NULL,NULL,NULL,NULL,NULL,NULL,'255','HUAWEI                         ',NULL,'2','HUAWEI G750-T01                ',3120,4160,'','','','0','72','72'),(162,'2013-07-23 15:05:53','2013-07-23 15:05:53','2013-07-23 15:05:53','0221',NULL,2.8,24,3.85,25.199203187250998,'0',NULL,'594',31.203333333333333,'N',121.44166666666666,'E',NULL,NULL,'80',3.637617554858934,'','',NULL,'2',0.041666666666666664,35,NULL,NULL,NULL,NULL,NULL,NULL,NULL,NULL,NULL,NULL,NULL,NULL,NULL,NULL,NULL,'','Apple',NULL,'5','iPhone 4',2592,1936,'','','','0','72','72'),(163,'2013-09-06 18:56:50','2013-09-06 18:56:50','2013-09-06 18:56:50','0221',NULL,2.8,24,3.85,26.846341463414635,'0',NULL,'594',31.221333333333334,'N',121.41133333333333,'E',NULL,NULL,'200',1.4881882770870338,'','',NULL,'2',0.06666666666666667,35,NULL,NULL,NULL,NULL,NULL,NULL,NULL,NULL,NULL,NULL,NULL,NULL,NULL,NULL,NULL,'','Apple',NULL,'5','iPhone 4',2592,1936,'','','','0','72','72'),(164,'2013-08-16 12:29:52','2013-08-16 12:29:52','2013-08-16 12:29:52','0221',NULL,2.8,24,3.85,22.953341740226985,'0',NULL,'594',31.2405,'N',121.411,'E',NULL,NULL,'80',8.96502732240437,'','',NULL,'2',0.0009615384615384616,35,NULL,NULL,NULL,NULL,NULL,NULL,NULL,NULL,NULL,NULL,NULL,NULL,NULL,NULL,NULL,'','Apple',NULL,'3','iPhone 4',2592,1936,'','','','0','72','72'),(165,NULL,NULL,'2013-10-01 17:33:38',NULL,NULL,NULL,NULL,NULL,NULL,NULL,NULL,'250',35.212096,'N',113.0914599998611,'E',NULL,NULL,NULL,NULL,'','',NULL,'',NULL,NULL,NULL,NULL,NULL,NULL,NULL,NULL,NULL,NULL,NULL,NULL,NULL,NULL,NULL,NULL,NULL,'','samsung',NULL,NULL,'GT-I9500',1836,3264,'','','','','',''),(166,NULL,NULL,'2013-10-01 17:33:38',NULL,NULL,NULL,NULL,NULL,NULL,NULL,NULL,'250',35.212096,'N',113.0914599998611,'E',NULL,NULL,NULL,NULL,'','',NULL,'',NULL,NULL,NULL,NULL,NULL,NULL,NULL,NULL,NULL,NULL,NULL,NULL,NULL,NULL,NULL,NULL,NULL,'','samsung',NULL,NULL,'GT-I9500',1836,3264,'','','','','',''),(167,NULL,NULL,'2013-10-01 17:33:38',NULL,NULL,NULL,NULL,NULL,NULL,NULL,NULL,'250',35.212096,'N',113.0914599998611,'E',NULL,NULL,NULL,NULL,'','',NULL,'',NULL,NULL,NULL,NULL,NULL,NULL,NULL,NULL,NULL,NULL,NULL,NULL,NULL,NULL,NULL,NULL,NULL,'','samsung',NULL,NULL,'GT-I9500',1836,3264,'','','','','',''),(168,NULL,NULL,'2013-10-01 17:33:38',NULL,NULL,NULL,NULL,NULL,NULL,NULL,NULL,'250',35.212096,'N',113.0914599998611,'E',NULL,NULL,NULL,NULL,'','',NULL,'',NULL,NULL,NULL,NULL,NULL,NULL,NULL,NULL,NULL,NULL,NULL,NULL,NULL,NULL,NULL,NULL,NULL,'','samsung',NULL,NULL,'GT-I9500',1836,3264,'','','','','',''),(169,NULL,NULL,NULL,NULL,NULL,NULL,NULL,NULL,NULL,NULL,NULL,NULL,NULL,NULL,NULL,NULL,NULL,NULL,NULL,NULL,NULL,NULL,NULL,NULL,NULL,NULL,NULL,NULL,NULL,NULL,NULL,NULL,NULL,NULL,NULL,NULL,NULL,NULL,NULL,NULL,NULL,NULL,NULL,NULL,NULL,NULL,600,800,NULL,NULL,NULL,NULL,NULL,NULL),(170,NULL,NULL,NULL,NULL,NULL,NULL,NULL,NULL,NULL,NULL,NULL,NULL,NULL,NULL,NULL,NULL,NULL,NULL,NULL,NULL,NULL,NULL,NULL,NULL,NULL,NULL,NULL,NULL,NULL,NULL,NULL,NULL,NULL,NULL,NULL,NULL,NULL,NULL,NULL,NULL,NULL,NULL,NULL,NULL,NULL,NULL,600,800,NULL,NULL,NULL,NULL,NULL,NULL),(171,NULL,NULL,NULL,NULL,NULL,NULL,NULL,NULL,NULL,NULL,NULL,NULL,NULL,NULL,NULL,NULL,NULL,NULL,NULL,NULL,NULL,NULL,NULL,NULL,NULL,NULL,NULL,NULL,NULL,NULL,NULL,NULL,NULL,NULL,NULL,NULL,NULL,NULL,NULL,NULL,NULL,NULL,NULL,NULL,NULL,NULL,600,800,NULL,NULL,NULL,NULL,NULL,NULL),(172,NULL,NULL,NULL,NULL,NULL,NULL,NULL,NULL,NULL,NULL,NULL,NULL,NULL,NULL,NULL,NULL,NULL,NULL,NULL,NULL,NULL,NULL,NULL,NULL,NULL,NULL,NULL,NULL,NULL,NULL,NULL,NULL,NULL,NULL,NULL,NULL,NULL,NULL,NULL,NULL,NULL,NULL,NULL,NULL,NULL,NULL,600,800,NULL,NULL,NULL,NULL,NULL,NULL),(173,NULL,NULL,NULL,NULL,NULL,NULL,NULL,NULL,NULL,NULL,NULL,NULL,NULL,NULL,NULL,NULL,NULL,NULL,NULL,NULL,NULL,NULL,NULL,NULL,NULL,NULL,NULL,NULL,NULL,NULL,NULL,NULL,NULL,NULL,NULL,NULL,NULL,NULL,NULL,NULL,NULL,NULL,NULL,NULL,NULL,NULL,600,800,NULL,NULL,NULL,NULL,NULL,NULL),(174,NULL,NULL,NULL,NULL,NULL,NULL,NULL,NULL,NULL,NULL,NULL,NULL,NULL,NULL,NULL,NULL,NULL,NULL,NULL,NULL,NULL,NULL,NULL,NULL,NULL,NULL,NULL,NULL,NULL,NULL,NULL,NULL,NULL,NULL,NULL,NULL,NULL,NULL,NULL,NULL,NULL,NULL,NULL,NULL,NULL,NULL,600,800,NULL,NULL,NULL,NULL,NULL,NULL),(175,NULL,NULL,NULL,NULL,NULL,NULL,NULL,NULL,NULL,NULL,NULL,NULL,NULL,NULL,NULL,NULL,NULL,NULL,NULL,NULL,NULL,NULL,NULL,NULL,NULL,NULL,NULL,NULL,NULL,NULL,NULL,NULL,NULL,NULL,NULL,NULL,NULL,NULL,NULL,NULL,NULL,NULL,NULL,NULL,NULL,NULL,600,800,NULL,NULL,NULL,NULL,NULL,NULL),(176,NULL,NULL,'2012-09-01 16:49:17',NULL,NULL,NULL,NULL,NULL,NULL,NULL,NULL,NULL,NULL,NULL,NULL,NULL,NULL,NULL,NULL,NULL,'','',NULL,'',NULL,NULL,NULL,NULL,NULL,NULL,NULL,NULL,NULL,NULL,NULL,NULL,NULL,NULL,NULL,NULL,NULL,'','MOTO',NULL,NULL,'ME525+',1600,1200,'','','','','',''),(177,NULL,NULL,'2012-09-01 16:49:22',NULL,NULL,NULL,NULL,NULL,NULL,NULL,NULL,NULL,NULL,NULL,NULL,NULL,NULL,NULL,NULL,NULL,'','',NULL,'',NULL,NULL,NULL,NULL,NULL,NULL,NULL,NULL,NULL,NULL,NULL,NULL,NULL,NULL,NULL,NULL,NULL,'','MOTO',NULL,NULL,'ME525+',1600,1200,'','','','','',''),(178,NULL,NULL,'2012-09-01 14:05:37',NULL,NULL,NULL,NULL,NULL,NULL,NULL,NULL,NULL,NULL,NULL,NULL,NULL,NULL,NULL,NULL,NULL,'','',NULL,'',NULL,NULL,NULL,NULL,NULL,NULL,NULL,NULL,NULL,NULL,NULL,NULL,NULL,NULL,NULL,NULL,NULL,'','MOTO',NULL,NULL,'ME525+',1200,1600,'','','','','',''),(179,NULL,NULL,'2012-09-02 09:51:34',NULL,NULL,NULL,NULL,NULL,NULL,NULL,NULL,NULL,NULL,NULL,NULL,NULL,NULL,NULL,NULL,NULL,'','',NULL,'',NULL,NULL,NULL,NULL,NULL,NULL,NULL,NULL,NULL,NULL,NULL,NULL,NULL,NULL,NULL,NULL,NULL,'','MOTO',NULL,NULL,'ME525+',1200,1600,'','','','','',''),(180,NULL,NULL,NULL,NULL,NULL,NULL,NULL,NULL,NULL,NULL,NULL,NULL,NULL,NULL,NULL,NULL,NULL,NULL,NULL,NULL,NULL,NULL,NULL,NULL,NULL,NULL,NULL,NULL,NULL,NULL,NULL,NULL,NULL,NULL,NULL,NULL,NULL,NULL,NULL,NULL,NULL,NULL,NULL,NULL,NULL,NULL,1440,900,NULL,NULL,NULL,NULL,NULL,NULL),(181,'2012-08-31 15:53:15','2012-08-31 15:53:15','2012-08-31 15:53:15','0220',0,4.03,16,6.63,NULL,NULL,NULL,NULL,NULL,NULL,NULL,NULL,NULL,NULL,'400',2.56,'4','',NULL,'2',0.0007692307692307692,NULL,NULL,NULL,NULL,NULL,NULL,NULL,NULL,NULL,NULL,NULL,NULL,NULL,NULL,NULL,NULL,'0','FUJIFILM',2.97,'5','FinePix Z70',4000,3000,'3','','0','0','72','72'),(182,'2012-08-31 15:53:15','2012-08-31 15:53:15','2012-08-31 15:53:15','0220',0,4.03,16,6.63,NULL,NULL,NULL,NULL,NULL,NULL,NULL,NULL,NULL,NULL,'400',2.56,'4','',NULL,'2',0.0007692307692307692,NULL,NULL,NULL,NULL,NULL,NULL,NULL,NULL,NULL,NULL,NULL,NULL,NULL,NULL,NULL,NULL,'0','FUJIFILM',2.97,'5','FinePix Z70',4000,3000,'3','','0','0','72','72'),(183,'2014-09-19 23:11:15',NULL,NULL,NULL,NULL,NULL,NULL,NULL,0,'0','2014-09-19 08:00:00','258',41.19387433333333,'N',122.04639433333332,'E',NULL,NULL,NULL,NULL,'','',NULL,'',NULL,NULL,NULL,NULL,NULL,NULL,NULL,NULL,NULL,NULL,NULL,NULL,NULL,NULL,NULL,NULL,NULL,'','HTC',NULL,NULL,'HTC One',1520,2688,'','','','','','');
/*!40000 ALTER TABLE `photo_details` ENABLE KEYS */;

--
-- Table structure for table `photo_gps`
--

DROP TABLE IF EXISTS `photo_gps`;
/*!40101 SET @saved_cs_client     = @@character_set_client */;
/*!40101 SET character_set_client = utf8 */;
CREATE TABLE `photo_gps` (
  `id` bigint(20) NOT NULL AUTO_INCREMENT,
  `address` varchar(255) DEFAULT NULL,
  `alt` double DEFAULT NULL,
  `lat` double DEFAULT NULL,
  `lng` double DEFAULT NULL,
  `vendor` varchar(255) DEFAULT NULL,
  `photo_id` bigint(20) DEFAULT NULL,
  PRIMARY KEY (`id`),
  KEY `FKCD79951D194EAB84` (`photo_id`),
  CONSTRAINT `FKCD79951D194EAB84` FOREIGN KEY (`photo_id`) REFERENCES `photo` (`id`)
) ENGINE=InnoDB AUTO_INCREMENT=802 DEFAULT CHARSET=utf8;
/*!40101 SET character_set_client = @saved_cs_client */;

--
-- Dumping data for table `photo_gps`
--

/*!40000 ALTER TABLE `photo_gps` DISABLE KEYS */;
REPLACE INTO `photo_gps` (`id`, `address`, `alt`, `lat`, `lng`, `vendor`, `photo_id`) VALUES (1,'广东省广州市南沙区万顷沙镇珠江一路29号',0,22.701470442884364,113.54527518935443,'gaode',1),(2,'上海市闵行区新虹街道王河桥',0,31.19205788983538,121.3282815944852,'gaode',2),(3,'广东省广州市番禺区石壁街道广州南站',0,22.989211539798994,113.27021805206087,'gaode',3),(4,'广东省深圳市南山区南头街道南光路264号',0,22.532505938952127,113.92857801014571,'gaode',4),(5,'广东省深圳市南山区南头街道南光路264号',0,22.53250636224272,113.92858013658145,'gaode',5),(6,'广东省深圳市南山区粤海街道大族科技中心',0,22.540483305983383,113.93508266188381,'gaode',6),(7,'广东省深圳市南山区粤海街道大族科技中心',0,22.540487424244066,113.93507823788417,'gaode',7),(8,'广东省深圳市南山区粤海街道万利达科技大厦',0,22.540498390840096,113.93338949049385,'gaode',8),(9,'广东省深圳市南山区桃源街道大学城',0,22.582396508473586,113.9641469398084,'gaode',9),(10,'广东省南山区深圳市粤海街道腾讯大厦',0,22.540657391394863,113.9344149968968,'gaode',10),(11,'广东省深圳市南山区粤海街道大族科技中心',0,22.540838911893406,113.93540581628984,'gaode',11),(12,'广东省南山区深圳市南头街道荔香公园',0,22.5357786115638,113.92757581634412,'gaode',12),(13,'广东省番禺区广州市石壁街道广州南站',0,22.988501,113.270116,'gaode',13),(14,'广东省广州市海珠区南洲街道南洲路29号',0,23.064536274435465,113.2999201440619,'gaode',14),(15,'广东省南山区深圳市粤海街道腾讯大厦',0,22.540833946535876,113.93540242448393,'gaode',15),(16,'广东省深圳市福田区华富街道设计之都7号设计楼',0,22.543788356954725,114.0754500111354,'gaode',16),(17,'广东省深圳市南山区粤海街道科艺路1号',0,22.539727343156912,113.93906931577759,'gaode',17),(18,'广东省深圳市南山区粤海街道科艺路1号',0,22.539731849434013,113.9390636006849,'gaode',18),(19,'广东省深圳市南山区粤海街道科艺路1号',0,22.539728050650496,113.93905093888341,'gaode',19),(20,'广东省深圳市宝安区西乡街道',0,22.62367951781966,113.81354885322502,'gaode',20),(21,'广东省深圳市宝安区西乡街道',0,22.623980040497553,113.81368284057717,'gaode',21),(22,'广东省南山区深圳市南头街道荔香公园',0,22.535837,113.927461,'gaode',22),(23,'广东省广州市番禺区石壁街道72街(广州南站分店)',0,22.989291,113.270288,'gaode',23),(24,'广东省广州市番禺区石壁街道味千拉面(广州南站分店)',0,22.989548,113.270996,'gaode',24),(25,'广东省广州市番禺区石壁街道广州南站',0,22.988679,113.269322,'gaode',25),(26,'上海市虹口区凉城新村街道金诚利建材市场',0,31.28127570779482,121.46435298271675,'gaode',26),(27,'浙江省杭州市西湖区蒋村街道西溪国家湿地公园',0,30.268430165701137,120.07319374001654,'gaode',27),(28,'浙江省杭州市西湖区西湖街道杭州西湖风景名胜区',0,30.2096085430077,120.1338346979316,'gaode',28),(29,NULL,0,30.26811287165646,120.07450001794328,'gaode',29),(30,'浙江省杭州市西湖区西湖街道杭州西湖风景名胜区',0,30.20965512771744,120.13389649385466,'gaode',30),(31,'浙江省杭州市西湖区西湖街道杭州西湖风景名胜区',0,30.209660849337425,120.13413536413685,'gaode',31),(32,'浙江省杭州市西湖区蒋村街道西溪国家湿地公园',0,30.272868221553484,120.07423371907737,'gaode',32),(33,'浙江省杭州市西湖区蒋村街道西溪国家湿地公园',0,30.272869016019456,120.07423458049097,'gaode',33),(34,'浙江省杭州市西湖区北山街道杭州西湖风景名胜区',0,30.251937592556306,120.13851677543974,'gaode',35),(35,'浙江省杭州市西湖区北山街道杭州西湖风景名胜区',0,30.251940450654025,120.13852321303025,'gaode',36),(36,'浙江省杭州市西湖区北山街道杭州西湖风景名胜区',0,30.230709960684305,120.14337840254463,'gaode',37),(37,'浙江省杭州市西湖区北山街道西湖',0,30.238114123035036,120.14010764406622,'gaode',38),(38,'浙江省杭州市西湖区北山街道西湖',0,30.25061447039148,120.13602775874266,'gaode',39),(39,'浙江省杭州市西湖区北山街道杭州西湖风景名胜区',0,30.251939462792862,120.13852463744362,'gaode',40),(40,'浙江省杭州市西湖区北山街道杭州西湖风景名胜区',0,30.251787744729562,120.13772175484694,'gaode',41),(41,'浙江省杭州市西湖区蒋村街道西溪国家湿地公园',0,30.264996670564315,120.07517276206477,'gaode',42),(42,'浙江省杭州市西湖区蒋村街道西溪国家湿地公园',0,30.27238766525237,120.07021908823323,'gaode',43),(43,'云南省丽江市玉龙纳西族自治县白沙乡玉柱擎天风景区',0,27.023195,100.213165,'gaode',44),(44,'云南省古城区丽江市大研街道叶子',0,26.872765,100.236731,'gaode',45),(45,'云南省丽江市古城区大研街道振兴巷4号',0,26.87276,100.236543,'gaode',46),(46,'云南省丽江市古城区大研街道丽江纳西东巴文化传承展示基地',0,26.87131940715773,100.23235063573617,'gaode',47),(47,'云南省丽江市古城区大研街道新华街13号',0,26.87489677291933,100.23337085378058,'gaode',48),(48,'云南省丽江市古城区大研街道文昌宫',0,26.875182,100.232638,'gaode',49),(49,'云南省丽江市古城区大研街道丽江纳西东巴文化传承展示基地',0,26.871129,100.232348,'gaode',50),(50,'云南省丽江市古城区大研街道食全酒美',0,26.86908570469333,100.23504903434885,'gaode',51),(51,NULL,0,39.84514661667778,115.64614161530424,'gaode',52),(52,'北京市房山区史家营乡百花山',0,39.859483676080345,115.62065376965639,'gaode',53),(53,NULL,0,39.845275951168,115.64573716257819,'gaode',54),(54,'北京市房山区史家营乡窑神殿',0,39.854411,115.621834,'gaode',55),(55,NULL,0,39.846069813036294,115.6455087013777,'gaode',56),(56,'北京市房山区史家营乡顺明饭店',0,39.84607266663205,115.64551594024303,'gaode',57),(57,NULL,0,39.690254606550845,115.93304150865467,'gaode',58),(58,'北京市房山区周口店地区地矿部探矿工程研究所',0,39.68984324815779,115.93334155957157,'gaode',59),(59,'北京市房山区周口店地区小肥羊火锅店(周口店)',0,39.68869604548772,115.93679144931014,'gaode',60),(60,'北京市门头沟区斋堂镇斋堂城',0,39.97791325224198,115.70478684897616,'gaode',61),(61,NULL,0,39.82698909369578,115.60257897925057,'gaode',62),(62,'山东省烟台市莱阳市古柳街道莱阳站',0,36.92739,120.71022,'gaode',63),(63,'北京市密云县石城镇柳树底下',0,40.55408158398907,116.6943338331484,'gaode',64),(64,'北京市密云县石城镇水道沟峪',0,40.56219502974722,116.70372843506556,'gaode',65),(65,'北京市密云县石城镇水道沟峪',0,40.56017678144767,116.70190626929332,'gaode',66),(66,'北京市密云县石城镇云蒙山',0,40.563308,116.701241,'gaode',67),(67,'北京市怀柔区琉璃庙镇无底潭',0,40.57211,116.703815,'gaode',68),(68,'北京市密云县石城镇水道沟峪',0,40.560529164180075,116.70445917942331,'gaode',69),(69,'北京市怀柔区琉璃庙镇无底潭',0,40.57563,116.709995,'gaode',70),(70,'上海市虹口区广中路街道广中路567号',0,31.28009251900537,121.46637777460832,'gaode',81),(71,'云南省大理白族自治州大理市洱海管理处',0,25.920985470841416,100.10822448152719,'gaode',82),(72,'上海市普陀区长风新村街道长城大厦',0,31.238516168626884,121.41594785195122,'gaode',83),(73,'云南省大理白族自治州大理市洱海管理处云洱渔家',0,25.923548634889556,100.10663955410766,'gaode',88),(74,'广东省广州市南沙区横沥镇',0,22.68109007544965,113.53097668654624,'gaode',89),(75,'广东省广州市南沙区横沥镇五涌桥',0,22.685123,113.528724,'gaode',90),(76,'上海市闸北区大宁路街道共和新路1992号',0,31.274153593705247,121.45272307200744,'gaode',91),(77,'上海市闵行区梅陇镇虹梅路201号',0,31.140772142974782,121.41061078183013,'gaode',92),(78,NULL,0,22.70442,113.54012388888889,'gps',1),(79,NULL,0,31.194006944444446,121.32374777777777,'gps',2),(80,NULL,20.1,22.991939527777777,113.26489255555556,'gps',3),(81,NULL,26.399,22.535545333333335,113.92371366666667,'gps',4),(82,NULL,26.399,22.535545333333335,113.92371366666667,'gps',5),(83,NULL,53.7,22.54351425,113.93021391666667,'gps',6),(84,NULL,53.7,22.54351425,113.93021391666667,'gps',7),(85,NULL,14.399,22.543531416666667,113.92852019444445,'gps',8),(86,NULL,14.3,22.585369083333333,113.9592361388889,'gps',9),(87,NULL,35.7,22.543687805555557,113.92955016666667,'gps',10),(88,NULL,199.3,22.543865194444447,113.93053436111111,'gps',11),(89,NULL,28.5,22.53882216666667,113.92271422222223,'gps',12),(90,NULL,0,23.0672,113.29455388888888,'gps',13),(91,NULL,0,23.0672,113.29455388888888,'gps',14),(92,NULL,199.3,22.543865194444447,113.93053436111111,'gps',15),(93,NULL,0,22.546482083333334,114.0703201111111,'gps',16),(94,NULL,33.799,22.542753194444447,113.93419644444445,'gps',17),(95,NULL,33.799,22.542753194444447,113.93419644444445,'gps',18),(96,NULL,0,22.54275388888889,113.93417777777778,'gps',19),(97,NULL,0,22.626590833333335,113.80847194444443,'gps',20),(98,NULL,0,22.626890833333334,113.80861194444444,'gps',21),(99,NULL,18.056827820186598,31.283152777777776,121.45977777777777,'gps',26),(100,NULL,9.699,30.270713805555555,120.06837461111111,'gps',27),(101,NULL,46.5,30.211898777777776,120.12907408333332,'gps',28),(102,NULL,4.3,30.270397166666665,120.06967925,'gps',29),(103,NULL,49.299,30.211944555555554,120.12913511111111,'gps',30),(104,NULL,23.299,30.21194647222222,120.12937925,'gps',31),(105,NULL,63,30.275152194444445,120.06941222222221,'gps',32),(106,NULL,63,30.275152194444445,120.06941222222221,'gps',33),(107,NULL,14,30.254228583333333,120.13376616666667,'gps',35),(108,NULL,14,30.254228583333333,120.13376616666667,'gps',36),(109,NULL,8,30.233015055555555,120.13864133333334,'gps',37),(110,NULL,26,30.240409833333334,120.13535308333334,'gps',38),(111,NULL,12,30.252902972222223,120.1312713611111,'gps',39),(112,NULL,14,30.254228583333333,120.13376616666667,'gps',40),(113,NULL,13,30.25408361111111,120.13296508333333,'gps',41),(114,NULL,-8,30.26728438888889,120.07035063888888,'gps',42),(115,NULL,-4,30.27467536111111,120.06539916666667,'gps',43),(116,NULL,2400.899,26.874858833333334,100.23121641666667,'gps',47),(117,NULL,2392.399,26.878438944444444,100.23223875000001,'gps',48),(118,NULL,2369.699,26.878971083333333,100.23104094444444,'gps',49),(119,NULL,2316.6,26.87262913888889,100.23391722222222,'gps',51),(120,NULL,916.099,39.8440895,115.64006041666667,'gps',52),(121,NULL,1931.8,39.85845947222222,115.6145935,'gps',53),(122,NULL,933.299,39.844223,115.63964841666667,'gps',54),(123,NULL,808.599,39.84501647222223,115.63942716666668,'gps',56),(124,NULL,808.599,39.84501647222223,115.63942716666668,'gps',57),(125,NULL,31.399,39.68923566666666,115.927124,'gps',58),(126,NULL,45.799,39.68881986111111,115.92741391666667,'gps',59),(127,NULL,0,39.68766783333333,115.93087005555556,'gps',60),(128,NULL,409.399,39.97674558333333,115.69856261111111,'gps',61),(129,NULL,1136.9,39.82597730555556,115.59652708333333,'gps',62),(130,NULL,644.7,40.552776333333334,116.68827055555556,'gps',64),(131,NULL,1021.5,40.56087491666666,116.69763944444445,'gps',65),(132,NULL,918.4,40.55885694444444,116.69582366666667,'gps',66),(133,NULL,1090.199,40.55920408333333,116.69837186111111,'gps',69),(134,NULL,16.791545189504372,31.281975,121.46180833333334,'gps',81),(135,NULL,1918.8,25.92402838888889,100.10691833333333,'gps',82),(136,NULL,0,31.240344444444446,121.41129166666667,'gps',83),(137,NULL,1941.5,25.926589944444444,100.10533141666666,'gps',88),(138,NULL,0,22.684005722222224,113.52578733333333,'gps',89),(139,NULL,0,22.684013361111113,113.52577972222223,'gps',90),(140,NULL,131.32804232804233,31.27601111111111,121.44811944444444,'gps',91),(141,NULL,18.099025974025974,31.142647222222223,121.40596111111111,'gps',92),(142,NULL,0,22.681143529091386,113.53090552070753,'gaode',93),(143,NULL,0,22.686964546048394,113.53745993951547,'baidu',93),(144,NULL,0,22.684061027777776,113.52571105555556,'gps',93),(145,NULL,0,22.681143529091386,113.53090552070753,'gaode',93),(146,NULL,0,22.681143529091386,113.53090552070753,'gaode',93),(147,NULL,0,22.686964546048394,113.53745993951547,'baidu',93),(148,NULL,0,22.686964546048394,113.53745993951547,'baidu',93),(149,NULL,61.7,22.684061027777776,113.52571105555556,'gps',93),(150,NULL,61.7,22.684061027777776,113.52571105555556,'gps',93),(151,'广东省广州市南沙区横沥镇13栋宿舍',0,22.681143529091386,113.53090552070753,'gaode',93),(152,'广东省广州市南沙区横沥镇13栋宿舍',0,22.686964546048394,113.53745993951547,'baidu',93),(153,NULL,61.7,22.684061027777776,113.52571105555556,'gps',93),(154,NULL,0,22.68114070720626,113.53090430429648,'gaode',94),(155,NULL,0,22.686961731452154,113.53745872115405,'baidu',94),(156,NULL,0,22.684061027777776,113.52571105555556,'gps',94),(157,NULL,0,22.68114070720626,113.53090430429648,'gaode',94),(158,NULL,0,22.686961731452154,113.53745872115405,'baidu',94),(159,NULL,61.7,22.684061027777776,113.52571105555556,'gps',94),(160,NULL,0,22.68114070720626,113.53090430429648,'gaode',94),(161,NULL,0,22.686961731452154,113.53745872115405,'baidu',94),(162,NULL,61.7,22.684061027777776,113.52571105555556,'gps',94),(163,'广东省广州市南沙区横沥镇13栋宿舍',0,22.68114070720626,113.53090430429648,'gaode',94),(164,'广东省广州市南沙区横沥镇13栋宿舍',0,22.686961731452154,113.53745872115405,'baidu',94),(165,NULL,61.7,22.684061027777776,113.52571105555556,'gps',94),(166,NULL,0,22.681105085739517,113.53089101874515,'gaode',95),(167,NULL,0,22.686926189439824,113.53744541348473,'baidu',95),(168,NULL,0,22.684024805555556,113.52569577777777,'gps',95),(169,NULL,0,22.681105085739517,113.53089101874515,'gaode',95),(170,NULL,0,22.686926189439824,113.53744541348473,'baidu',95),(171,NULL,61.099,22.684024805555556,113.52569577777777,'gps',95),(172,NULL,0,22.681105085739517,113.53089101874515,'gaode',95),(173,NULL,0,22.686926189439824,113.53744541348473,'baidu',95),(174,NULL,61.099,22.684024805555556,113.52569577777777,'gps',95),(175,'广东省广州市南沙区横沥镇13栋宿舍',0,22.681105085739517,113.53089101874515,'gaode',95),(176,'广东省广州市南沙区横沥镇13栋宿舍',0,22.686926189439824,113.53744541348473,'baidu',95),(177,NULL,61.099,22.684024805555556,113.52569577777777,'gps',95),(178,NULL,0,22.681105494621736,113.53088215554799,'gaode',96),(179,NULL,0,22.686926652147378,113.53743653960912,'baidu',96),(180,NULL,0,22.684024805555556,113.52568816666667,'gps',96),(181,NULL,0,22.681105494621736,113.53088215554799,'gaode',96),(182,NULL,0,22.681105494621736,113.53088215554799,'gaode',96),(183,NULL,0,22.686926652147378,113.53743653960912,'baidu',96),(184,NULL,60.799,22.684024805555556,113.52568816666667,'gps',96),(185,NULL,0,22.686926652147378,113.53743653960912,'baidu',96),(186,NULL,60.799,22.684024805555556,113.52568816666667,'gps',96),(187,'广东省广州市南沙区横沥镇13栋宿舍',0,22.681105494621736,113.53088215554799,'gaode',96),(188,'广东省广州市南沙区横沥镇13栋宿舍',0,22.686926652147378,113.53743653960912,'baidu',96),(189,NULL,60.799,22.684024805555556,113.52568816666667,'gps',96),(190,NULL,0,31.324452930025103,121.57549880096222,'gaode',97),(191,NULL,0,31.330223385651145,121.58207812760665,'baidu',97),(192,NULL,0,31.326591472222223,121.57126616666666,'gps',97),(193,NULL,0,31.324452930025103,121.57549880096222,'gaode',97),(194,NULL,0,31.330223385651145,121.58207812760665,'baidu',97),(195,NULL,0,31.326591472222223,121.57126616666666,'gps',97),(196,NULL,0,31.324452930025103,121.57549880096222,'gaode',97),(197,NULL,0,31.330223385651145,121.58207812760665,'baidu',97),(198,NULL,0,31.326591472222223,121.57126616666666,'gps',97),(199,'上海市浦东新区高行镇中义宅',0,31.324452930025103,121.57549880096222,'gaode',97),(200,'上海市浦东新区高行镇中义宅',0,31.330223385651145,121.58207812760665,'baidu',97),(201,NULL,0,31.326591472222223,121.57126616666666,'gps',97),(202,'上海市浦东新区高行镇中义宅',0,31.325487,121.574707,'gaode',97),(203,'上海市浦东新区高行镇中义宅',0,31.331262180942236,121.58128520223102,'baidu',97),(204,NULL,0,31.326591472222223,121.57126616666666,'gps',97),(205,'上海市浦东新区高行镇中义宅',0,31.325487,121.574707,'gaode',97),(206,'上海市浦东新区高行镇中义宅',0,31.331262180942236,121.58128520223102,'baidu',97),(207,NULL,0,31.326591472222223,121.57126616666666,'gps',97),(208,'上海市浦东新区高行镇中义宅',0,31.325487,121.574707,'gaode',97),(209,'上海市浦东新区高行镇中义宅',0,31.331262180942236,121.58128520223102,'baidu',97),(210,NULL,0,31.326591472222223,121.57126616666666,'gps',97),(211,NULL,0,31.324412583228366,121.5754595867897,'gaode',98),(212,NULL,0,31.330183269346875,121.58203885025353,'baidu',98),(213,NULL,0,31.32655525,121.57122038888889,'gps',98),(214,NULL,0,31.324412583228366,121.5754595867897,'gaode',98),(215,NULL,0,31.330183269346875,121.58203885025353,'baidu',98),(216,NULL,0,31.32655525,121.57122038888889,'gps',98),(217,NULL,0,31.324412583228366,121.5754595867897,'gaode',98),(218,NULL,0,31.330183269346875,121.58203885025353,'baidu',98),(219,NULL,0,31.32655525,121.57122038888889,'gps',98),(220,'上海市浦东新区高行镇中义宅',0,31.324412583228366,121.5754595867897,'gaode',98),(221,'上海市浦东新区高行镇中义宅',0,31.330183269346875,121.58203885025353,'baidu',98),(222,NULL,0,31.32655525,121.57122038888889,'gps',98),(223,'上海市浦东新区高行镇中义宅',0,31.324412583228366,121.5754595867897,'gaode',98),(224,'上海市浦东新区高行镇中义宅',0,31.330183269346875,121.58203885025353,'baidu',98),(225,NULL,0,31.32655525,121.57122038888889,'gps',98),(226,'北京市朝阳区王四营地区G1入口(G1京哈高速入口西向)',0,39.869696,116.523743,'gaode',99),(227,'北京市朝阳区王四营地区G1入口(G1京哈高速入口西向)',0,39.87541973211252,116.53032719299905,'baidu',99),(228,'北京市朝阳区王四营地区G1入口(G1京哈高速入口西向)',0,39.869696,116.523743,'gaode',99),(229,'北京市朝阳区王四营地区G1入口(G1京哈高速入口西向)',0,39.87541973211252,116.53032719299905,'baidu',99),(230,'北京市朝阳区高碑店地区北花园桥',0,39.899728,116.552582,'gaode',99),(231,'北京市朝阳区高碑店地区北花园桥',0,39.905379886454,116.5592037635513,'baidu',99),(232,'北京市朝阳区豆各庄地区中国国画研究院',0,39.873385,116.570435,'gaode',99),(233,'北京市朝阳区豆各庄地区中国国画研究院',0,39.87904937988791,116.57704093115558,'baidu',99),(234,'河北省廊坊市固安县东湾乡幸福村',0,39.410733,116.202393,'gaode',99),(235,'河北省廊坊市固安县东湾乡幸福村',0,39.41660241216476,116.20895202591869,'baidu',99),(236,'山东省潍坊市奎文区新城街道九龙华府',0,36.690446,119.163208,'gaode',99),(237,'山东省潍坊市奎文区新城街道九龙华府',0,36.69643294079689,119.16973290528004,'baidu',99),(238,'山东省济南市历城区华山街道荷花路59号',0,36.721274,117.070313,'gaode',99),(239,'山东省济南市历城区华山街道荷花路59号',0,36.72732609177539,117.07681411161059,'baidu',99),(240,'山东省济南市历城区华山街道荷花路59号',0,36.721274,117.070313,'gaode',99),(241,'山东省济南市历城区华山街道荷花路59号',0,36.72732609177539,117.07681411161059,'baidu',99),(242,'北京市朝阳区东风地区新新熟食',0,39.942252,116.49662,'gaode',102),(243,'北京市朝阳区东风地区新新熟食',0,39.94814618404916,116.50317430123508,'baidu',102),(244,'中国北京市房山区史家营乡海家台',0,39.82698909369578,115.60257897925057,'gaode',62),(245,'中国北京市房山区史家营乡海家台',0,39.832878392560275,115.6090962296283,'baidu',62),(246,NULL,1136.9,39.82597730555556,115.59652708333333,'gps',62),(247,NULL,0,34.836318084753614,116.39683455483245,'gaode',105),(248,NULL,0,34.84265997169801,116.40323380902575,'baidu',105),(249,NULL,0,34.837,116.39116666666666,'gps',105),(250,NULL,0,34.836318084753614,116.39683455483245,'gaode',105),(251,NULL,0,34.84265997169801,116.40323380902575,'baidu',105),(252,NULL,0,34.837,116.39116666666666,'gps',105),(253,NULL,0,34.836318084753614,116.39683455483245,'gaode',105),(254,NULL,0,34.84265997169801,116.40323380902575,'baidu',105),(255,NULL,0,34.837,116.39116666666666,'gps',105),(256,'山东省菏泽市单县张集镇田花园村',0,34.836318084753614,116.39683455483245,'gaode',105),(257,'山东省菏泽市单县张集镇田花园村',0,34.84265997169801,116.40323380902575,'baidu',105),(258,NULL,0,34.837,116.39116666666666,'gps',105),(259,'山东省菏泽市单县张集镇田花园村',0,34.836318084753614,116.39683455483245,'gaode',105),(260,'山东省菏泽市单县张集镇田花园村',0,34.84265997169801,116.40323380902575,'baidu',105),(261,NULL,0,34.837,116.39116666666666,'gps',105),(262,'江西省九江市庐山区牯岭镇大林路85号',0,29.565936,115.975145,'gaode',106),(263,'江西省九江市庐山区牯岭镇大林路85号',0,29.57160971662491,115.98174740337075,'baidu',106),(264,'江西省九江市庐山区牯岭镇大林路63号',0,29.567056,115.976079,'gaode',106),(265,'江西省九江市庐山区牯岭镇大林路63号',0,29.57273185448461,115.98268067790309,'baidu',106),(266,'江西省九江市庐山区牯岭镇环山路19号',0,29.566645,115.972216,'gaode',106),(267,'江西省九江市庐山区牯岭镇环山路19号',0,29.572312685766796,115.97881983046773,'baidu',106),(268,'江西省九江市庐山区牯岭镇花径派出所',0,29.566067,115.971615,'gaode',106),(269,'江西省九江市庐山区牯岭镇花径派出所',0,29.571733634751094,115.97821919091203,'baidu',106),(270,'江西省九江市庐山区牯岭镇花径派出所',0,29.565712,115.970939,'gaode',106),(271,'江西省九江市庐山区牯岭镇花径派出所',0,29.5713775058171,115.97754353434155,'baidu',106),(272,'江西省九江市庐山区牯岭镇花径派出所',0,29.565852,115.971894,'gaode',106),(273,'江西省九江市庐山区牯岭镇花径派出所',0,29.571519134425227,115.97849809683068,'baidu',106),(274,'江西省九江市庐山区牯岭镇大林路105号',0,29.566375,115.973407,'gaode',106),(275,'江西省九江市庐山区牯岭镇大林路105号',0,29.572044983370542,115.98001028719521,'baidu',106),(276,'江西省九江市庐山区牯岭镇花径派出所',0,29.565497,115.97065,'gaode',106),(277,'江西省九江市庐山区牯岭镇花径派出所',0,29.5711620464922,115.97725468451036,'baidu',106),(278,'江西省九江市庐山区牯岭镇大林路59号',0,29.567662,115.976551,'gaode',106),(279,'江西省九江市庐山区牯岭镇大林路59号',0,29.5733389808835,115.98315228867554,'baidu',106),(280,'江西省九江市庐山区牯岭镇大林路71号',0,29.567056,115.975499,'gaode',106),(281,'江西省九江市庐山区牯岭镇大林路71号',0,29.572730484720918,115.9821010275287,'baidu',106),(282,'江西省九江市庐山区牯岭镇环山路11号',0,29.568092,115.974705,'gaode',106),(283,'江西省九江市庐山区牯岭镇环山路11号',0,29.573764647184206,115.98130732081938,'baidu',106),(284,'江西省九江市庐山区牯岭镇环山路19号',0,29.568008,115.971283,'gaode',106),(285,'江西省九江市庐山区牯岭镇环山路19号',0,29.573673987355694,115.97788703587065,'baidu',106),(286,'江西省九江市庐山区牯岭镇花径派出所',0,29.565544,115.970521,'gaode',106),(287,'江西省九江市庐山区牯岭镇花径派出所',0,29.571208840241493,115.97712573003946,'baidu',106),(288,'江西省九江市庐山区牯岭镇570别墅',0,29.564182,115.97007,'gaode',106),(289,'江西省九江市庐山区牯岭镇570别墅',0,29.569846193534207,115.97667509465853,'baidu',106),(290,'江西省九江市庐山区牯岭镇白云观路12号',0,29.563612,115.969985,'gaode',106),(291,'江西省九江市庐山区牯岭镇白云观路12号',0,29.569276085113938,115.97659020104486,'baidu',106),(292,'江西省九江市庐山区牯岭镇河南路71号',0,29.564816,115.974909,'gaode',106),(293,'江西省九江市庐山区牯岭镇河南路71号',0,29.570489226792294,115.98151169743721,'baidu',106),(294,'江西省九江市庐山区牯岭镇庐山西湖宾馆',0,29.565077,115.9736,'gaode',106),(295,'江西省九江市庐山区牯岭镇庐山西湖宾馆',0,29.570747422457217,115.98020337486658,'baidu',106),(296,'江西省九江市庐山区牯岭镇大林路113号',0,29.565189,115.974212,'gaode',106),(297,'江西省九江市庐山区牯岭镇大林路113号',0,29.570860693529855,115.9808150337221,'baidu',106),(298,'江西省九江市庐山区牯岭镇庐山如琴湖饭店',0,29.566375,115.975767,'gaode',106),(299,'江西省九江市庐山区牯岭镇庐山如琴湖饭店',0,29.57205013834674,115.98236897128712,'baidu',106),(300,'江西省九江市庐山区牯岭镇大林路93号',0,29.567,115.974287,'gaode',106),(301,'江西省九江市庐山区牯岭镇大林路93号',0,29.572671784555403,115.98088972603432,'baidu',106),(302,'江西省九江市庐山区牯岭镇花径派出所',0,29.566104,115.971744,'gaode',106),(303,'江西省九江市庐山区牯岭镇花径派出所',0,29.571770859153215,115.97834812780033,'baidu',106),(304,'江西省九江市庐山区牯岭镇环山路30号',0,29.564014,115.968332,'gaode',106),(305,'江西省九江市庐山区牯岭镇环山路30号',0,29.56967580923483,115.9749377272703,'baidu',106),(306,'江西省九江市庐山区牯岭镇环山路33号',0,29.563566,115.965929,'gaode',106),(307,'江西省九江市庐山区牯岭镇环山路33号',0,29.569225280089572,115.97253543525339,'baidu',106),(308,'江西省九江市庐山区牯岭镇环山路39号',0,29.561401,115.964556,'gaode',106),(309,'江西省九江市庐山区牯岭镇环山路39号',0,29.567059291230954,115.97116296036589,'baidu',106),(310,'江西省九江市庐山区牯岭镇花径派出所',0,29.566253,115.971723,'gaode',106),(311,'江西省九江市庐山区牯岭镇花径派出所',0,29.57191981651393,115.97832711518296,'baidu',106),(312,'江西省九江市庐山区牯岭镇花径派出所',0,29.565469,115.97065,'gaode',106),(313,'江西省九江市庐山区牯岭镇花径派出所',0,29.571134047524936,115.97725468849647,'baidu',106),(314,'江西省九江市庐山区牯岭镇河南路35号',0,29.56685,115.979533,'gaode',106),(315,'江西省九江市庐山区牯岭镇河南路35号',0,29.572535032626845,115.98613236950564,'baidu',106),(316,'江西省九江市庐山区牯岭镇大林路19号',0,29.568008,115.978546,'gaode',106),(317,'江西省九江市庐山区牯岭镇大林路19号',0,29.573690189404346,115.98514589990329,'baidu',106),(318,'江西省九江市庐山区牯岭镇大林路109号',0,29.566328,115.972967,'gaode',106),(319,'江西省九江市庐山区牯岭镇大林路109号',0,29.571997115548783,115.97957051624455,'baidu',106),(320,'江西省九江市庐山区牯岭镇花径派出所',0,29.565469,115.971165,'gaode',106),(321,'江西省九江市庐山区牯岭镇花径派出所',0,29.571134889064354,115.9777694735742,'baidu',106),(322,'江西省九江市庐山区牯岭镇大林路111号',0,29.567112,115.975928,'gaode',106),(323,'江西省九江市庐山区牯岭镇大林路111号',0,29.572787490873154,115.98252976144136,'baidu',106),(324,'江西省庐山区九江市牯岭镇大林路 / 庐山如琴湖饭店',0,29.567112,115.975928,'gaode',106),(325,'江西省庐山区九江市牯岭镇大林路 / 庐山如琴湖饭店',0,29.572787490873154,115.98252976144136,'baidu',106),(326,'江西省庐山区九江市牯岭镇大林路 / 庐山如琴湖饭店',0,29.567112,115.975928,'gaode',106),(327,'江西省庐山区九江市牯岭镇大林路 / 庐山如琴湖饭店',0,29.572787490873154,115.98252976144136,'baidu',106),(328,'山东省济南市章丘市垛庄镇章丘七星台旅游区',0,36.48669,117.313396,'gaode',106),(329,'山东省济南市章丘市垛庄镇章丘七星台旅游区',0,36.49302588612221,117.31978437699826,'baidu',106),(330,'山东省济南市章丘市垛庄镇章丘七星台旅游区',0,36.486522,117.313085,'gaode',107),(331,'山东省济南市章丘市垛庄镇章丘七星台旅游区',0,36.492858543351005,117.31947324263024,'baidu',107),(332,'山东省济南市章丘市垛庄镇章丘七星台旅游区',0,36.486522,117.313085,'gaode',107),(333,'山东省济南市章丘市垛庄镇章丘七星台旅游区',0,36.492858543351005,117.31947324263024,'baidu',107),(334,'云南省保山市腾冲县高黎贡山',0,25.462441,98.764928,'gaode',108),(335,'云南省保山市腾冲县高黎贡山',0,25.468426147823337,98.77142846539937,'baidu',108),(336,'甘肃省张掖市肃南裕固族自治县祁丰藏族乡',0,39.276729,97.711544,'gaode',109),(337,'甘肃省张掖市肃南裕固族自治县祁丰藏族乡',0,39.28280883127642,97.71800236411255,'baidu',109),(338,'甘肃省张掖市肃南裕固族自治县祁丰藏族乡',0,39.276513,97.711324,'gaode',109),(339,'甘肃省张掖市肃南裕固族自治县祁丰藏族乡',0,39.28259410488951,97.71778176427173,'baidu',109),(340,'甘肃省张掖市肃南裕固族自治县祁丰藏族乡',0,39.276513,97.711324,'gaode',109),(341,'甘肃省张掖市肃南裕固族自治县祁丰藏族乡',0,39.28259410488951,97.71778176427173,'baidu',109),(342,'云南省保山市腾冲县高黎贡山',0,25.462441,98.764928,'gaode',108),(343,'云南省保山市腾冲县高黎贡山',0,25.468426147823337,98.77142846539937,'baidu',108),(344,'黑龙江省牡丹江市海林市长汀镇砬子村',0,44.519061,128.856668,'gaode',110),(345,'黑龙江省牡丹江市海林市长汀镇砬子村',0,44.525219492450006,128.86310856144112,'baidu',110),(346,'黑龙江省牡丹江市海林市长汀镇富源作业点',0,44.517776,128.861217,'gaode',113),(347,'黑龙江省牡丹江市海林市长汀镇富源作业点',0,44.52396767147927,128.86764666383627,'baidu',113),(348,'黑龙江省牡丹江市海林市长汀镇',0,44.515695,128.859458,'gaode',112),(349,'黑龙江省牡丹江市海林市长汀镇',0,44.521874385489944,128.86589282558458,'baidu',112),(350,'黑龙江省牡丹江市海林市长汀镇',0,44.516552,128.853235,'gaode',114),(351,'黑龙江省牡丹江市海林市长汀镇',0,44.52268493244757,128.85968549240104,'baidu',114),(352,'黑龙江省牡丹江市海林市长汀镇六公里屯',0,44.515848,128.866024,'gaode',111),(353,'黑龙江省牡丹江市海林市长汀镇六公里屯',0,44.522072876287545,128.87244304647353,'baidu',111),(354,'黑龙江省牡丹江市海林市长汀镇砬子村',0,44.519612,128.858771,'gaode',111),(355,'黑龙江省牡丹江市海林市长汀镇砬子村',0,44.5257858785637,128.86520600621904,'baidu',111),(356,'黑龙江省牡丹江市海林市长汀镇雪乡万嘉之星度假酒店',0,44.529067,128.853922,'gaode',111),(357,'黑龙江省牡丹江市海林市长汀镇雪乡万嘉之星度假酒店',0,44.53520353316054,128.86036591494954,'baidu',111),(358,'黑龙江省海林市牡丹江市长汀镇 / 雪乡国家森林公园',0,44.529067,128.853922,'gaode',111),(359,'黑龙江省海林市牡丹江市长汀镇 / 雪乡国家森林公园',0,44.53520353316054,128.86036591494954,'baidu',111),(360,'黑龙江省海林市牡丹江市长汀镇 / 雪乡国家森林公园',0,44.529067,128.853922,'gaode',111),(361,'黑龙江省海林市牡丹江市长汀镇 / 雪乡国家森林公园',0,44.53520353316054,128.86036591494954,'baidu',111),(362,'黑龙江省牡丹江市海林市长汀镇',0,44.516552,128.853235,'gaode',114),(363,'黑龙江省牡丹江市海林市长汀镇',0,44.52268493244757,128.85968549240104,'baidu',114),(364,'黑龙江省牡丹江市海林市长汀镇雪乡山东人家家庭旅馆',0,44.527537,128.848772,'gaode',114),(365,'黑龙江省牡丹江市海林市长汀镇雪乡山东人家家庭旅馆',0,44.533633784212,128.85523027555996,'baidu',114),(366,'黑龙江省牡丹江市海林市长汀镇雪乡万嘉之星度假酒店',0,44.526497,128.852806,'gaode',110),(367,'黑龙江省牡丹江市海林市长汀镇雪乡万嘉之星度假酒店',0,44.53262532653145,128.85925380700732,'baidu',110),(368,'黑龙江省牡丹江市海林市长汀镇雪乡山东人家家庭旅馆',0,44.524906,128.850403,'gaode',113),(369,'黑龙江省牡丹江市海林市长汀镇雪乡山东人家家庭旅馆',0,44.53101592065929,128.8568578321773,'baidu',113),(370,'黑龙江省牡丹江市海林市长汀镇砬子村',0,44.526129,128.859072,'gaode',112),(371,'黑龙江省牡丹江市海林市长汀镇砬子村',0,44.53230420696263,128.8655037632462,'baidu',112),(372,'黑龙江省牡丹江市海林市长汀镇砬子村',0,44.526129,128.859072,'gaode',112),(373,'黑龙江省牡丹江市海林市长汀镇砬子村',0,44.53230420696263,128.8655037632462,'baidu',112),(374,'黑龙江省牡丹江市海林市长汀镇雪乡山东人家家庭旅馆',0,44.524906,128.850403,'gaode',113),(375,'黑龙江省牡丹江市海林市长汀镇雪乡山东人家家庭旅馆',0,44.53101592065929,128.8568578321773,'baidu',113),(376,'黑龙江省牡丹江市海林市长汀镇雪乡万嘉之星度假酒店',0,44.526497,128.852806,'gaode',110),(377,'黑龙江省牡丹江市海林市长汀镇雪乡万嘉之星度假酒店',0,44.53262532653145,128.85925380700732,'baidu',110),(378,'四川省甘孜藏族自治州稻城县香格里拉镇香格里拉山庄',0,28.448015,100.347748,'gaode',111),(379,'四川省甘孜藏族自治州稻城县香格里拉镇香格里拉山庄',0,28.454293764529105,100.35416201476919,'baidu',111),(380,'黑龙江省牡丹江市海林市长汀镇雪乡万嘉之星度假酒店',0,44.529128,128.855038,'gaode',111),(381,'黑龙江省牡丹江市海林市长汀镇雪乡万嘉之星度假酒店',0,44.535272980493545,128.86147897139324,'baidu',111),(382,'黑龙江省牡丹江市海林市长汀镇雪乡国家森林公园',0,44.529556,128.853965,'gaode',111),(383,'黑龙江省牡丹江市海林市长汀镇雪乡国家森林公园',0,44.535692799352184,128.86040862480746,'baidu',111),(384,'四川省甘孜藏族自治州稻城县香格里拉镇香格里拉山庄',0,28.448393,100.348692,'gaode',115),(385,'四川省甘孜藏族自治州稻城县香格里拉镇香格里拉山庄',0,28.45466949767847,100.35510650105475,'baidu',115),(386,'四川省甘孜藏族自治州稻城县香格里拉镇圣山明珠接待站',0,28.446431,100.351782,'gaode',115),(387,'四川省甘孜藏族自治州稻城县香格里拉镇圣山明珠接待站',0,28.452699657544805,100.35819954606013,'baidu',115),(388,'四川省甘孜藏族自治州稻城县香格里拉镇',0,28.444544,100.354958,'gaode',115),(389,'四川省甘孜藏族自治州稻城县香格里拉镇',0,28.45080338994639,100.36137897414034,'baidu',115),(390,'四川省甘孜藏族自治州稻城县香格里拉镇圣山明珠接待站',0,28.449223,100.354786,'gaode',115),(391,'四川省甘孜藏族自治州稻城县香格里拉镇圣山明珠接待站',0,28.455482421780527,100.3612050033239,'baidu',115),(392,'四川省甘孜藏族自治州稻城县香格里拉镇香格里拉山庄',0,28.446657,100.347404,'gaode',115),(393,'四川省甘孜藏族自治州稻城县香格里拉镇香格里拉山庄',0,28.45293669613357,100.35381831841704,'baidu',115),(394,'四川省甘孜藏族自治州稻城县香格里拉镇圣山明珠接待站',0,28.45194,100.350494,'gaode',115),(395,'四川省甘孜藏族自治州稻城县香格里拉镇圣山明珠接待站',0,28.458211564243047,100.35690845043338,'baidu',115),(396,'四川省甘孜藏族自治州稻城县香格里拉镇亚丁',0,28.456015,100.339165,'gaode',115),(397,'四川省甘孜藏族自治州稻城县香格里拉镇亚丁',0,28.462307958856403,100.34557176712782,'baidu',115),(398,'四川省甘孜藏族自治州稻城县香格里拉镇亚丁',0,28.456015,100.339165,'gaode',115),(399,'四川省甘孜藏族自治州稻城县香格里拉镇亚丁',0,28.462307958856403,100.34557176712782,'baidu',115),(400,'四川省甘孜藏族自治州稻城县香格里拉镇圣山明珠接待站',0,28.448317,100.352554,'gaode',116),(401,'四川省甘孜藏族自治州稻城县香格里拉镇圣山明珠接待站',0,28.45458325874715,100.35897143824307,'baidu',116),(402,'四川省甘孜藏族自治州稻城县香格里拉镇圣山明珠接待站',0,28.447714,100.351524,'gaode',116),(403,'四川省甘孜藏族自治州稻城县香格里拉镇圣山明珠接待站',0,28.453983234307287,100.35794084484775,'baidu',116),(404,'四川省甘孜藏族自治州稻城县香格里拉镇圣山明珠接待站',0,28.447714,100.351524,'gaode',116),(405,'四川省甘孜藏族自治州稻城县香格里拉镇圣山明珠接待站',0,28.453983234307287,100.35794084484775,'baidu',116),(406,'云南省迪庆藏族自治州德钦县云岭乡崩',0,28.470502,98.822021,'gaode',117),(407,'云南省迪庆藏族自治州德钦县云岭乡崩',0,28.476769475052443,98.82842878233429,'baidu',117),(408,'云南省迪庆藏族自治州德钦县云岭乡梅里雪山国家公园景区',0,28.461448,98.822021,'gaode',117),(409,'云南省迪庆藏族自治州德钦县云岭乡梅里雪山国家公园景区',0,28.46771627000698,98.82843156291892,'baidu',117),(410,'云南省迪庆藏族自治州德钦县云岭乡梅里雪山国家公园景区',0,28.461448,98.822021,'gaode',117),(411,'云南省迪庆藏族自治州德钦县云岭乡梅里雪山国家公园景区',0,28.46771627000698,98.82843156291892,'baidu',117),(412,'云南省红河哈尼族彝族自治州建水县临安镇迎晖路3号',0,23.617317,102.831516,'gaode',118),(413,'云南省红河哈尼族彝族自治州建水县临安镇迎晖路3号',0,23.623069379953368,102.83809094961012,'baidu',118),(414,'云南省红河哈尼族彝族自治州建水县临安镇朝阳楼',0,23.616216,102.831516,'gaode',118),(415,'云南省红河哈尼族彝族自治州建水县临安镇朝阳楼',0,23.62196842792007,102.83809115657988,'baidu',118),(416,'云南省红河哈尼族彝族自治州建水县临安镇朝阳楼',0,23.616491,102.831323,'gaode',118),(417,'云南省红河哈尼族彝族自治州建水县临安镇朝阳楼',0,23.622244146022222,102.83789793824326,'baidu',118),(418,'云南省红河哈尼族彝族自治州建水县临安镇朝阳楼',0,23.616491,102.831323,'gaode',118),(419,'云南省红河哈尼族彝族自治州建水县临安镇朝阳楼',0,23.622244146022222,102.83789793824326,'baidu',118),(420,'山西省大同市南郊区云冈镇云冈镇',0,40.111229,113.139009,'gaode',119),(421,'山西省大同市南郊区云冈镇云冈镇',0,40.11755803230285,113.14537129524257,'baidu',119),(422,'山西省大同市南郊区云冈镇云冈石窟',0,40.112673,113.134632,'gaode',119),(423,'山西省大同市南郊区云冈镇云冈石窟',0,40.1190052089812,113.1409930887216,'baidu',119),(424,'山西省大同市南郊区云冈镇灵岩寺洞(大同)',0,40.111164,113.134632,'gaode',119),(425,'山西省大同市南郊区云冈镇灵岩寺洞(大同)',0,40.11749623281847,113.14099315976844,'baidu',119),(426,'山西省大同市南郊区云冈镇云冈石窟',0,40.113133,113.137035,'gaode',119),(427,'山西省大同市南郊区云冈镇云冈石窟',0,40.11946380316825,113.14339656973765,'baidu',119),(428,'山西省大同市南郊区云冈镇云冈石窟',0,40.113067,113.13549,'gaode',119),(429,'山西省大同市南郊区云冈镇云冈石窟',0,40.11939880391622,113.14185121602033,'baidu',119),(430,'山西省大同市南郊区云冈镇云冈石窟',0,40.113067,113.13549,'gaode',119),(431,'山西省大同市南郊区云冈镇云冈石窟',0,40.11939880391622,113.14185121602033,'baidu',119),(432,'山西省大同市浑源县东坊城乡悬空寺',0,39.658835,113.714848,'gaode',119),(433,'山西省大同市浑源县东坊城乡悬空寺',0,39.665170653606474,113.72125146835147,'baidu',119),(434,'山西省大同市浑源县东坊城乡恒山水库',0,39.657249,113.715363,'gaode',120),(435,'山西省大同市浑源县东坊城乡恒山水库',0,39.66358554734134,113.72176597588603,'baidu',120),(436,'山西省大同市南郊区云冈镇云冈石窟',0,40.112608,113.135061,'gaode',119),(437,'山西省大同市南郊区云冈镇云冈石窟',0,40.11894002377547,113.14142215782678,'baidu',119),(438,'山西省大同市浑源县东坊城乡恒山水库',0,39.657249,113.715363,'gaode',120),(439,'山西省大同市浑源县东坊城乡恒山水库',0,39.66358554734134,113.72176597588603,'baidu',120),(440,'山西省朔州市应县金城镇佛宫寺释迦塔',0,39.567546,113.190669,'gaode',121),(441,'山西省朔州市应县金城镇佛宫寺释迦塔',0,39.57365281847388,113.19711962011539,'baidu',121),(442,'山西省朔州市应县金城镇佛宫寺释迦塔',0,39.567546,113.190669,'gaode',121),(443,'山西省朔州市应县金城镇佛宫寺释迦塔',0,39.57365281847388,113.19711962011539,'baidu',121),(444,'山西省忻州市五台县台怀镇五台山(南门)',0,39.007709,113.596004,'gaode',122),(445,'山西省忻州市五台县台怀镇五台山(南门)',0,39.01339207789531,113.60261592057337,'baidu',122),(446,'山西省忻州市五台县台怀镇五台山(南门)',0,39.007684,113.595956,'gaode',122),(447,'山西省忻州市五台县台怀镇五台山(南门)',0,39.013366950345294,113.60256795331095,'baidu',122),(448,'山西省忻州市五台县台怀镇五台山(南门)',0,39.007671,113.595988,'gaode',122),(449,'山西省忻州市五台县台怀镇五台山(南门)',0,39.01335403131839,113.60259991969889,'baidu',122),(450,'山西省忻州市五台县台怀镇五台山',0,39.007717,113.596031,'gaode',122),(451,'山西省忻州市五台县台怀镇五台山',0,39.01340014896324,113.60264289969786,'baidu',122),(452,'山西省忻州市五台县台怀镇五台山(南门)',0,39.007675,113.596031,'gaode',122),(453,'山西省忻州市五台县台怀镇五台山(南门)',0,39.01335814326649,113.60264288299342,'baidu',122),(454,'山西省忻州市五台县台怀镇五台山(南门)',0,39.007667,113.59594,'gaode',122),(455,'山西省忻州市五台县台怀镇五台山(南门)',0,39.013349906725495,113.60255196075117,'baidu',122),(456,'山西省忻州市五台县台怀镇五台山(南门)',0,39.007638,113.595806,'gaode',122),(457,'山西省忻州市五台县台怀镇五台山(南门)',0,39.01332055821275,113.60241806766813,'baidu',122),(458,'山西省忻州市五台县台怀镇五台山(南门)',0,39.007667,113.595618,'gaode',122),(459,'山西省忻州市五台县台怀镇五台山(南门)',0,39.01334908300216,113.602230243917,'baidu',122),(460,'山西省忻州市五台县台怀镇五台山',0,39.007746,113.5958,'gaode',122),(461,'山西省忻州市五台县台怀镇五台山',0,39.01342855749239,113.60241211590683,'baidu',122),(462,'山西省忻州市五台县台怀镇五台山',0,39.007759,113.595918,'gaode',122),(463,'山西省忻州市五台县台怀镇五台山',0,39.01344186245616,113.6025300168475,'baidu',122),(464,'山西省忻州市五台县台怀镇五台山(南门)',0,39.007663,113.595945,'gaode',122),(465,'山西省忻州市五台县台怀镇五台山(南门)',0,39.01334591908958,113.60255695472333,'baidu',122),(466,'山西省忻州市五台县台怀镇五台山(南门)',0,39.007684,113.595994,'gaode',122),(467,'山西省忻州市五台县台怀镇五台山(南门)',0,39.013367048610995,113.60260591953131,'baidu',122),(468,'山西省忻州市五台县台怀镇五台山(南门)',0,39.007675,113.595994,'gaode',122),(469,'山西省忻州市五台县台怀镇五台山(南门)',0,39.0133580473902,113.6026059159516,'baidu',122),(470,'山西省五台县忻州市台怀镇 / 五台山',0,39.007675,113.595994,'gaode',122),(471,'山西省五台县忻州市台怀镇 / 五台山',0,39.0133580473902,113.6026059159516,'baidu',122),(472,'山西省五台县忻州市台怀镇 / 五台山',0,39.007675,113.595994,'gaode',122),(473,'山西省五台县忻州市台怀镇 / 五台山',0,39.0133580473902,113.6026059159516,'baidu',122),(474,'山西省临汾市吉县壶口镇黄河壶口瀑布',0,36.147024,110.450621,'gaode',124),(475,'山西省临汾市吉县壶口镇黄河壶口瀑布',0,36.1533582679472,110.45702236365773,'baidu',124),(476,'山西省临汾市吉县壶口镇黄河壶口瀑布',0,36.147024,110.450621,'gaode',124),(477,'山西省临汾市吉县壶口镇黄河壶口瀑布',0,36.1533582679472,110.45702236365773,'baidu',124),(478,'山西省临汾市洪洞县大槐树镇明代移民遗址',0,36.269034,111.676605,'gaode',125),(479,'山西省临汾市洪洞县大槐树镇明代移民遗址',0,36.275284455349684,111.68300488766643,'baidu',125),(480,'山西省临汾市洪洞县大槐树镇明代移民遗址',0,36.269034,111.676605,'gaode',125),(481,'山西省临汾市洪洞县大槐树镇明代移民遗址',0,36.275284455349684,111.68300488766643,'baidu',125),(482,'山西省临汾市洪洞县大槐树镇明代移民遗址',0,36.269034,111.676605,'gaode',125),(483,'山西省临汾市洪洞县大槐树镇明代移民遗址',0,36.275284455349684,111.68300488766643,'baidu',125),(484,'浙江省嘉兴市嘉善县西塘镇嘉善县西塘古镇景区',0,30.941323,120.889049,'gaode',126),(485,'浙江省嘉兴市嘉善县西塘镇嘉善县西塘古镇景区',0,30.94766179807742,120.89545338966721,'baidu',126),(486,'青海省海西蒙古族藏族自治州',0,38.715519,93.050079,'gaode',127),(487,'青海省海西蒙古族藏族自治州',0,38.72125382976045,93.05669496994449,'baidu',127),(488,'青海省海西蒙古族藏族自治州',0,38.631891,93.084412,'gaode',127),(489,'青海省海西蒙古族藏族自治州',0,38.63773686981199,93.09095436489628,'baidu',127),(490,'新疆维吾尔自治区巴音郭楞蒙古自治州若羌县罗布泊镇',0,40.153687,90.543823,'gaode',128),(491,'新疆维吾尔自治区巴音郭楞蒙古自治州若羌县罗布泊镇',0,40.159868973174326,90.55022659787068,'baidu',128),(492,'新疆维吾尔自治区巴音郭楞蒙古自治州若羌县罗布泊镇',0,40.128491,90.587769,'gaode',128),(493,'新疆维吾尔自治区巴音郭楞蒙古自治州若羌县罗布泊镇',0,40.13443872985007,90.59427089967738,'baidu',128),(494,'新疆维吾尔自治区巴音郭楞蒙古自治州若羌县罗布泊镇',0,40.128491,90.587769,'gaode',128),(495,'新疆维吾尔自治区巴音郭楞蒙古自治州若羌县罗布泊镇',0,40.13443872985007,90.59427089967738,'baidu',128),(496,'青海省海西蒙古族藏族自治州格尔木市郭勒木德镇',0,35.995785,95.229492,'gaode',129),(497,'青海省海西蒙古族藏族自治州格尔木市郭勒木德镇',0,36.00197301865785,95.23590908934003,'baidu',129),(498,'新疆维吾尔自治区昌吉回族自治州呼图壁县雀尔沟镇',0,43.792039,86.591663,'gaode',129),(499,'新疆维吾尔自治区昌吉回族自治州呼图壁县雀尔沟镇',0,43.79820135745147,86.59809331253395,'baidu',129),(500,'新疆维吾尔自治区昌吉回族自治州玛纳斯县塔西河哈萨克民族乡',0,44.075747,86.347046,'gaode',129),(501,'新疆维吾尔自治区昌吉回族自治州玛纳斯县塔西河哈萨克民族乡',0,44.08200346651641,86.35342154685254,'baidu',129),(502,'新疆维吾尔自治区昌吉回族自治州玛纳斯县塔西河哈萨克民族乡',0,44.075747,86.347046,'gaode',129),(503,'新疆维吾尔自治区昌吉回族自治州玛纳斯县塔西河哈萨克民族乡',0,44.08200346651641,86.35342154685254,'baidu',129),(504,'新疆维吾尔自治区昌吉回族自治州玛纳斯县塔西河哈萨克民族乡',0,44.075747,86.347046,'gaode',129),(505,'新疆维吾尔自治区昌吉回族自治州玛纳斯县塔西河哈萨克民族乡',0,44.08200346651641,86.35342154685254,'baidu',129),(506,'新疆维吾尔自治区昌吉回族自治州玛纳斯县塔西河哈萨克民族乡',0,44.075747,86.347046,'gaode',129),(507,'新疆维吾尔自治区昌吉回族自治州玛纳斯县塔西河哈萨克民族乡',0,44.08200346651641,86.35342154685254,'baidu',129),(508,'新疆维吾尔自治区昌吉回族自治州玛纳斯县塔西河哈萨克民族乡',0,44.075747,86.347046,'gaode',129),(509,'新疆维吾尔自治区昌吉回族自治州玛纳斯县塔西河哈萨克民族乡',0,44.08200346651641,86.35342154685254,'baidu',129),(510,'山西省长治市襄垣县夏店镇秦家庄',0,36.474307,112.840576,'gaode',130),(511,'山西省长治市襄垣县夏店镇秦家庄',0,36.48064196255744,112.84696589404015,'baidu',130),(512,'山西省长治市襄垣县夏店镇秦家庄',0,36.474307,112.840576,'gaode',130),(513,'山西省长治市襄垣县夏店镇秦家庄',0,36.48064196255744,112.84696589404015,'baidu',130),(514,'青海省海北藏族自治州海晏县',0,36.888408,100.516319,'gaode',131),(515,'青海省海北藏族自治州海晏县',0,36.894191188266795,100.52288657311334,'baidu',131),(516,'陕西省延安市黄陵县阿党镇南沟门',0,35.675147,109.34761,'gaode',132),(517,'陕西省延安市黄陵县阿党镇南沟门',0,35.681062518773764,109.35411910102678,'baidu',132),(518,'陕西省延安市黄陵县阿党镇东龚塬村',0,35.737595,109.334564,'gaode',132),(519,'陕西省延安市黄陵县阿党镇东龚塬村',0,35.7436070150681,109.341065221894,'baidu',132),(520,'陕西省延安市黄陵县阿党镇黄窑科',0,35.740939,109.327698,'gaode',132),(521,'陕西省延安市黄陵县阿党镇黄窑科',0,35.746998661605765,109.33418507076541,'baidu',132),(522,'新疆维吾尔自治区和田地区和田县英艾日克乡',0,37.276238,79.829407,'gaode',133),(523,'新疆维吾尔自治区和田地区和田县英艾日克乡',0,37.28239910210987,79.83585306443669,'baidu',133),(524,'新疆维吾尔自治区和田地区和田县英艾日克乡',0,37.26531,79.865112,'gaode',133),(525,'新疆维吾尔自治区和田地区和田县英艾日克乡',0,37.27130286116013,79.87163472461968,'baidu',133),(526,'山东省滨州市无棣县',0,38.150487,118.054619,'gaode',134),(527,'山东省滨州市无棣县',0,38.156146096676046,118.06124569489886,'baidu',134),(528,'甘肃省庆阳市正宁县西坡乡马家沟',0,35.484156,108.48587,'gaode',135),(529,'甘肃省庆阳市正宁县西坡乡马家沟',0,35.48990557053861,108.49247138107577,'baidu',135),(530,'甘肃省酒泉市瓜州县西湖乡',0,40.670223,95.127869,'gaode',136),(531,'甘肃省酒泉市瓜州县西湖乡',0,40.67593646830575,95.13447789071553,'baidu',136),(532,'甘肃省酒泉市敦煌市黄渠乡',0,40.979898,94.54834,'gaode',136),(533,'甘肃省酒泉市敦煌市黄渠乡',0,40.985642488622524,94.55493329192124,'baidu',136),(534,'贵州省毕节市纳雍县猫儿谷',0,26.819169,105.065002,'gaode',139),(535,'贵州省毕节市纳雍县猫儿谷',0,26.825430856018226,105.07144545899014,'baidu',139),(536,'甘肃省定西市临洮县漫洼乡羊圈沟村',0,35.424868,104.27124,'gaode',138),(537,'甘肃省定西市临洮县漫洼乡羊圈沟村',0,35.430891782589164,104.2777304516338,'baidu',138),(538,'新疆维吾尔自治区阿勒泰地区阿勒泰市团结路街道金山葡萄风景区',0,47.805776,88.113098,'gaode',137),(539,'新疆维吾尔自治区阿勒泰地区阿勒泰市团结路街道金山葡萄风景区',0,47.81202923207322,88.11945024320413,'baidu',137),(540,'新疆维吾尔自治区阿勒泰地区福海县喀拉玛盖乡多尔布力津村农村社区文化活动中心',0,46.630579,87.84668,'gaode',137),(541,'新疆维吾尔自治区阿勒泰地区福海县喀拉玛盖乡多尔布力津村农村社区文化活动中心',0,46.63681137399073,87.85304035168849,'baidu',137),(542,'新疆维吾尔自治区阿勒泰地区福海县喀拉玛盖乡多尔布力津村农村社区文化活动中心',0,46.630579,87.84668,'gaode',137),(543,'新疆维吾尔自治区阿勒泰地区福海县喀拉玛盖乡多尔布力津村农村社区文化活动中心',0,46.63681137399073,87.85304035168849,'baidu',137),(544,'新疆维吾尔自治区阿勒泰地区福海县喀拉玛盖乡',0,46.721035,87.736816,'gaode',137),(545,'新疆维吾尔自治区阿勒泰地区福海县喀拉玛盖乡',0,46.72694979415384,87.74335194877526,'baidu',137),(546,'新疆维吾尔自治区阿勒泰地区富蕴县杜热乡',0,46.521076,88.406982,'gaode',137),(547,'新疆维吾尔自治区阿勒泰地区富蕴县杜热乡',0,46.52733807140617,88.41336664831066,'baidu',137),(548,'新疆维吾尔自治区阿勒泰地区福海县喀拉玛盖乡',0,46.570191,88.154297,'gaode',137),(549,'新疆维吾尔自治区阿勒泰地区福海县喀拉玛盖乡',0,46.57640691773101,88.16069319621751,'baidu',137),(550,'甘肃省定西市临洮县漫洼乡羊圈沟村',0,35.424868,104.27124,'gaode',138),(551,'甘肃省定西市临洮县漫洼乡羊圈沟村',0,35.430891782589164,104.2777304516338,'baidu',138),(552,'贵州省毕节市纳雍县猫儿谷',0,26.819169,105.065002,'gaode',139),(553,'贵州省毕节市纳雍县猫儿谷',0,26.825430856018226,105.07144545899014,'baidu',139),(554,'西藏自治区日喀则地区定日县扎西宗乡东绒布冰川',0,28.067133,86.918335,'gaode',140),(555,'西藏自治区日喀则地区定日县扎西宗乡东绒布冰川',0,28.073387476007234,86.92477358473941,'baidu',140),(556,'西藏自治区昌都地区察雅县新卡乡达也村',0,30.921076,97.404785,'gaode',140),(557,'西藏自治区昌都地区察雅县新卡乡达也村',0,30.927205889933973,97.41122769084338,'baidu',140),(558,'西藏自治区日喀则地区聂拉木县波绒乡',0,28.632747,85.935059,'gaode',141),(559,'西藏自治区日喀则地区聂拉木县波绒乡',0,28.638598599548157,85.94162721706758,'baidu',141),(560,'西藏自治区日喀则地区定日县扎西宗乡',0,28.110749,86.726074,'gaode',141),(561,'西藏自治区日喀则地区定日县扎西宗乡',0,28.11666373520596,86.73261159593628,'baidu',141),(562,'西藏自治区昌都地区察雅县新卡乡达也村',0,30.921076,97.404785,'gaode',140),(563,'西藏自治区昌都地区察雅县新卡乡达也村',0,30.927205889933973,97.41122769084338,'baidu',140),(564,'西藏自治区日喀则地区定日县扎西宗乡',0,28.110749,86.726074,'gaode',141),(565,'西藏自治区日喀则地区定日县扎西宗乡',0,28.11666373520596,86.73261159593628,'baidu',141),(566,'西藏自治区昌都地区八宿县吉达乡',0,29.907329,96.712646,'gaode',140),(567,'西藏自治区昌都地区八宿县吉达乡',0,29.91349971229306,96.71909892152803,'baidu',140),(568,'西藏自治区昌都地区八宿县吉达乡扎西孜',0,29.97516,96.675568,'gaode',140),(569,'西藏自治区昌都地区八宿县吉达乡扎西孜',0,29.98110828425605,96.6820648783746,'baidu',140),(570,NULL,0,34.84141374999474,116.40882427472197,'gaode',143),(571,NULL,0,34.84776371095109,116.41522333316841,'baidu',143),(572,NULL,0,34.84208677777778,116.40316008333333,'gps',143),(573,NULL,0,34.84141374999474,116.40882427472197,'gaode',143),(574,NULL,0,34.84776371095109,116.41522333316841,'baidu',143),(575,NULL,0,34.84208677777778,116.40316008333333,'gps',143),(576,NULL,0,34.84141374999474,116.40882427472197,'gaode',143),(577,NULL,0,34.84776371095109,116.41522333316841,'baidu',143),(578,NULL,0,34.84208677777778,116.40316008333333,'gps',143),(579,NULL,0,34.835991177956295,116.39689570218323,'gaode',144),(580,NULL,0,34.84233311966447,116.40329479734201,'baidu',144),(581,NULL,0,34.83666991666667,116.39122772222223,'gps',144),(582,NULL,0,34.835991177956295,116.39689570218323,'gaode',144),(583,NULL,0,34.84233311966447,116.40329479734201,'baidu',144),(584,NULL,36.7,34.83666991666667,116.39122772222223,'gps',144),(585,NULL,0,34.835991177956295,116.39689570218323,'gaode',144),(586,NULL,0,34.84233311966447,116.40329479734201,'baidu',144),(587,NULL,36.7,34.83666991666667,116.39122772222223,'gps',144),(588,'香港特別行政區離島區香港迪士尼樂園',0,22.309967,114.046755,'gaode',149),(589,'香港特別行政區離島區香港迪士尼樂園',0,22.31627255636334,114.05318738735933,'baidu',149),(590,'香港特別行政區離島區米奇幻想曲',0,22.309317,114.045945,'gaode',149),(591,'香港特別行政區離島區米奇幻想曲',0,22.315625041441304,114.05237664524654,'baidu',149),(592,'香港特別行政區離島區河景餐廳',0,22.310413,114.047522,'gaode',150),(593,'香港特別行政區離島區河景餐廳',0,22.316716107990686,114.05395504293732,'baidu',150),(594,'香港特別行政區離島區河景餐廳',0,22.310349,114.047522,'gaode',150),(595,'香港特別行政區離島區河景餐廳',0,22.31665210319013,114.05395501854761,'baidu',150),(596,'河南省焦作市修武县岸上乡黑石岭',0,35.413607,113.378863,'gaode',151),(597,'河南省焦作市修武县岸上乡黑石岭',0,35.419767823789044,113.38530643021232,'baidu',151),(598,'江苏省苏州市姑苏区苏州拙政园',0,31.324644,120.629582,'gaode',152),(599,'江苏省苏州市姑苏区苏州拙政园',0,31.33079503542495,120.63606299076605,'baidu',152),(600,'江苏省苏州市姑苏区远香堂(苏州)',0,31.32391,120.629196,'gaode',152),(601,'江苏省苏州市姑苏区远香堂(苏州)',0,31.33006371028175,120.63567622793111,'baidu',152),(602,'江苏省苏州市姑苏区待霜亭(苏州)',0,31.324424,120.628467,'gaode',153),(603,'江苏省苏州市姑苏区待霜亭(苏州)',0,31.330582778759563,120.63494595972871,'baidu',153),(604,'江苏省苏州市姑苏区远香堂(苏州)',0,31.323947,120.628295,'gaode',153),(605,'江苏省苏州市姑苏区远香堂(苏州)',0,31.330106955442016,120.63477360948194,'baidu',153),(606,'江苏省苏州市姑苏区待霜亭(苏州)',0,31.324753,120.628896,'gaode',154),(607,'江苏省苏州市姑苏区待霜亭(苏州)',0,31.330908814801944,120.63537575914545,'baidu',154),(608,'江苏省苏州市姑苏区远香堂(苏州)',0,31.324057,120.629153,'gaode',154),(609,'江苏省苏州市姑苏区远香堂(苏州)',0,31.330211013009563,120.63563316333523,'baidu',154),(610,'江苏省苏州市姑苏区竹之苑',0,31.324295,120.626235,'gaode',156),(611,'江苏省苏州市姑苏区竹之苑',0,31.33046902560161,120.63270998778877,'baidu',156),(612,'浙江省杭州市西湖区西湖街道杭州西湖风景名胜区',0,30.242014,120.107131,'gaode',157),(613,'浙江省杭州市西湖区西湖街道杭州西湖风景名胜区',0,30.24768659897932,120.1137034792837,'baidu',157),(614,'浙江省杭州市西湖区西湖街道杭州西湖风景名胜区',0,30.243015,120.104342,'gaode',158),(615,'浙江省杭州市西湖区西湖街道杭州西湖风景名胜区',0,30.248697226503644,120.11091168033921,'baidu',158),(616,'浙江省杭州市西湖区西湖街道杭州西湖风景名胜区',0,30.241532,120.104256,'gaode',158),(617,'浙江省杭州市西湖区西湖街道杭州西湖风景名胜区',0,30.24721467722775,120.11082612656473,'baidu',158),(618,'浙江省杭州市西湖区西湖街道杭州西湖风景名胜区',0,30.241421,120.104342,'gaode',158),(619,'浙江省杭州市西湖区西湖街道杭州西湖风景名胜区',0,30.24710337014205,120.11091224611071,'baidu',158),(620,NULL,0,31.2379861840272,121.41627200298434,'gaode',161),(621,NULL,0,31.244151889341715,121.4227200605163,'baidu',161),(622,NULL,0,31.239818555555555,121.41162108333334,'gps',161),(623,NULL,0,31.2379861840272,121.41627200298434,'gaode',161),(624,NULL,0,31.244151889341715,121.4227200605163,'baidu',161),(625,NULL,0,31.239818555555555,121.41162108333334,'gps',161),(626,NULL,0,31.2379861840272,121.41627200298434,'gaode',161),(627,NULL,0,31.244151889341715,121.4227200605163,'baidu',161),(628,NULL,0,31.239818555555555,121.41162108333334,'gps',161),(629,'上海市普陀区长风新村街道凯旋北路1003-8号',0,31.2379861840272,121.41627200298434,'gaode',161),(630,'上海市普陀区长风新村街道凯旋北路1003-8号',0,31.244151889341715,121.4227200605163,'baidu',161),(631,NULL,0,31.239818555555555,121.41162108333334,'gps',161),(632,NULL,0,31.201455653072564,121.44628455996019,'gaode',162),(633,NULL,0,31.20777771084983,121.45268229703798,'baidu',162),(634,NULL,0,31.203333333333333,121.44166666666666,'gps',162),(635,NULL,0,31.20777771084983,121.45268229703798,'baidu',162),(636,NULL,0,31.20145599048981,121.44628442705367,'gaode',162),(637,NULL,25.199203187250998,31.203333333333333,121.44166666666666,'gps',162),(638,NULL,0,31.20777771084983,121.45268229703798,'baidu',162),(639,NULL,0,31.20145599048981,121.44628442705367,'gaode',162),(640,NULL,25.199203187250998,31.203333333333333,121.44166666666666,'gps',162),(641,'上海市徐汇区高安路62号',0,31.20777771084983,121.45268229703798,'baidu',162),(642,'上海市徐汇区高安路62号',0,31.20145599048981,121.44628442705367,'gaode',162),(643,NULL,25.199203187250998,31.203333333333333,121.44166666666666,'gps',162),(644,'上海市徐汇区高安路62号',0,31.20777771084983,121.45268229703798,'baidu',162),(645,'上海市徐汇区高安路62号',0,31.20145599048981,121.44628442705367,'gaode',162),(646,NULL,25.199203187250998,31.203333333333333,121.44166666666666,'gps',162),(647,'上海市徐汇区高安路62号',0,31.20777771084983,121.45268229703798,'baidu',162),(648,'上海市徐汇区高安路62号',0,31.20145599048981,121.44628442705367,'gaode',162),(649,NULL,25.199203187250998,31.203333333333333,121.44166666666666,'gps',162),(650,NULL,0,31.21949754439483,121.415982915548,'gaode',163),(651,NULL,0,31.225659753188523,121.42242558592025,'baidu',163),(652,NULL,0,31.221333333333334,121.41133333333333,'gps',163),(653,NULL,0,31.225659753188523,121.42242558592025,'baidu',163),(654,NULL,0,31.21949792564146,121.41598277118906,'gaode',163),(655,NULL,26.846341463414635,31.221333333333334,121.41133333333333,'gps',163),(656,NULL,0,31.225659753188523,121.42242558592025,'baidu',163),(657,NULL,0,31.21949792564146,121.41598277118906,'gaode',163),(658,NULL,26.846341463414635,31.221333333333334,121.41133333333333,'gps',163),(659,'上海市长宁区长宁路1028号',0,31.225659753188523,121.42242558592025,'baidu',163),(660,'上海市长宁区长宁路1028号',0,31.21949792564146,121.41598277118906,'gaode',163),(661,NULL,26.846341463414635,31.221333333333334,121.41133333333333,'gps',163),(662,'上海市长宁区长宁路1028号',0,31.225659753188523,121.42242558592025,'baidu',163),(663,'上海市长宁区长宁路1028号',0,31.21949792564146,121.41598277118906,'gaode',163),(664,NULL,26.846341463414635,31.221333333333334,121.41133333333333,'gps',163),(665,'上海市长宁区长宁路1028号',0,31.225659753188523,121.42242558592025,'baidu',163),(666,'上海市长宁区长宁路1028号',0,31.21949792564146,121.41598277118906,'gaode',163),(667,NULL,26.846341463414635,31.221333333333334,121.41133333333333,'gps',163),(668,NULL,0,31.238675609320193,121.41565919839157,'gaode',164),(669,NULL,0,31.244837184605853,121.42210858655132,'baidu',164),(670,NULL,0,31.2405,121.411,'gps',164),(671,NULL,0,31.244837184605853,121.42210858655132,'baidu',164),(672,NULL,0,31.23867594165465,121.41565904951912,'gaode',164),(673,NULL,22.953341740226985,31.2405,121.411,'gps',164),(674,NULL,0,31.244837184605853,121.42210858655132,'baidu',164),(675,NULL,0,31.23867594165465,121.41565904951912,'gaode',164),(676,NULL,22.953341740226985,31.2405,121.411,'gps',164),(677,'上海市普陀区中山北路3105号',0,31.244837184605853,121.42210858655132,'baidu',164),(678,'上海市普陀区中山北路3105号',0,31.23867594165465,121.41565904951912,'gaode',164),(679,NULL,22.953341740226985,31.2405,121.411,'gps',164),(680,'上海市普陀区中山北路3105号',0,31.244837184605853,121.42210858655132,'baidu',164),(681,'上海市普陀区中山北路3105号',0,31.23867594165465,121.41565904951912,'gaode',164),(682,NULL,22.953341740226985,31.2405,121.411,'gps',164),(683,'上海市普陀区中山北路3105号',0,31.244837184605853,121.42210858655132,'baidu',164),(684,'上海市普陀区中山北路3105号',0,31.23867594165465,121.41565904951912,'gaode',164),(685,NULL,22.953341740226985,31.2405,121.411,'gps',164),(686,NULL,0,35.211760519072264,113.0980191446131,'gaode',165),(687,NULL,0,35.218022331890374,113.10445835822499,'baidu',165),(688,NULL,0,35.212096,113.0914599998611,'gps',165),(733,NULL,0,35.2117666777468,113.09802195204193,'gaode',166),(734,NULL,0,35.218028503657955,113.10446116117123,'baidu',166),(735,NULL,0,35.212096,113.0914599998611,'gps',166),(742,NULL,0,35.21176063585174,113.09802144769483,'gaode',167),(743,NULL,0,35.21802245949975,113.10446065792884,'baidu',167),(744,NULL,0,35.212096,113.0914599998611,'gps',167),(751,NULL,0,35.211764518686806,113.09802021773156,'gaode',168),(752,NULL,0,35.2180263364801,113.1044594295302,'baidu',168),(753,NULL,0,35.212096,113.0914599998611,'gps',168),(760,'河南省郑州市金水区经八路街道河南省财经学校家属院',0,34.769515,113.661649,'gaode',172),(761,'河南省郑州市金水区经八路街道河南省财经学校家属院',0,34.775571509549245,113.66811138128912,'baidu',172),(762,'河南省郑州市金水区经八路街道河南省财经学校家属院',0,34.769405,113.66248,'gaode',172),(763,'河南省郑州市金水区经八路街道河南省财经学校家属院',0,34.775467376921235,113.66894057532717,'baidu',172),(764,'河南省郑州市金水区经八路街道河南省财经学校家属院',0,34.769405,113.66248,'gaode',172),(765,'河南省郑州市金水区经八路街道河南省财经学校家属院',0,34.775467376921235,113.66894057532717,'baidu',172),(766,'河南省郑州市金水区经八路街道河南省财经学校家属院',0,34.769405,113.66248,'gaode',172),(767,'河南省郑州市金水区经八路街道河南省财经学校家属院',0,34.775467376921235,113.66894057532717,'baidu',172),(768,'河南省郑州市金水区经八路街道河南省财经学校家属院',0,34.769423,113.662518,'gaode',169),(769,'河南省郑州市金水区经八路街道河南省财经学校家属院',0,34.77548564539758,113.66897849504193,'baidu',169),(770,'河南省郑州市金水区经八路街道河南省财经学校家属院',0,34.769423,113.662518,'gaode',169),(771,'河南省郑州市金水区经八路街道河南省财经学校家属院',0,34.77548564539758,113.66897849504193,'baidu',169),(772,'河南省郑州市金水区经八路街道河南省财经学校家属院',0,34.769423,113.662518,'gaode',169),(773,'河南省郑州市金水区经八路街道河南省财经学校家属院',0,34.77548564539758,113.66897849504193,'baidu',169),(774,'上海市浦东新区周浦镇中心港桥',0,31.109389,121.621399,'gaode',173),(775,'上海市浦东新区周浦镇中心港桥',0,31.115026013123916,121.62799267437757,'baidu',173),(776,'河南省郑州市金水区经八路街道河南省财经学校家属院',0,34.769397,113.662502,'gaode',174),(777,'河南省郑州市金水区经八路街道河南省财经学校家属院',0,34.77545953183485,113.66896252712834,'baidu',174),(778,'河南省郑州市金水区经八路街道河南省财经学校家属院',0,34.769397,113.662502,'gaode',174),(779,'河南省郑州市金水区经八路街道河南省财经学校家属院',0,34.77545953183485,113.66896252712834,'baidu',174),(780,'河南省郑州市金水区经八路街道河南省财经学校家属院',0,34.769383,113.662502,'gaode',175),(781,'河南省郑州市金水区经八路街道河南省财经学校家属院',0,34.77544553143622,113.66896252582612,'baidu',175),(782,'香港特別行政區油尖旺區碧仙桃路5號号',0,22.294536,114.17769,'gaode',176),(783,'香港特別行政區油尖旺區碧仙桃路5號号',0,22.300191998921857,114.1842437253352,'baidu',176),(784,'香港特別行政區油尖旺區碧仙桃路5號号',0,22.294536,114.17769,'gaode',176),(785,'香港特別行政區油尖旺區碧仙桃路5號号',0,22.300191998921857,114.1842437253352,'baidu',176),(786,'香港特別行政區油尖旺區金冠大廈',0,22.294933,114.177368,'gaode',177),(787,'香港特別行政區油尖旺區金冠大廈',0,22.300588848886857,114.18392188478099,'baidu',177),(788,'香港特別行政區油尖旺區九龍公園(南門)',0,22.295946,114.175758,'gaode',177),(789,'香港特別行政區油尖旺區九龍公園(南門)',0,22.301601277126338,114.18231233320297,'baidu',177),(790,'香港特別行政區油尖旺區梳士巴利道16号',0,22.292531,114.178205,'gaode',178),(791,'香港特別行政區油尖旺區梳士巴利道16号',0,22.298187190985644,114.1847580457875,'baidu',178),(792,NULL,0,22.312999,114.049137,'gaode',179),(793,NULL,0,22.319296818243036,114.05557211332642,'baidu',179),(794,'香港特別行政區油尖旺區金冠大廈',0,22.295132,114.177475,'gaode',182),(795,'香港特別行政區油尖旺區金冠大廈',0,22.300787917213352,114.18402893687377,'baidu',182),(796,NULL,0,41.195154,122.052526,'gaode',183),(797,NULL,0,41.20151515367749,122.05891941795811,'baidu',183),(798,NULL,0,41.19387433333333,122.04639433333332,'gps',183),(799,'辽宁省盘锦市双台子区胜利街道红旗大街66号',0,41.195154,122.052526,'gaode',183),(800,'辽宁省盘锦市双台子区胜利街道红旗大街66号',0,41.20151515367749,122.05891941795811,'baidu',183),(801,NULL,0,41.19387433333333,122.04639433333332,'gps',183);
/*!40000 ALTER TABLE `photo_gps` ENABLE KEYS */;

--
-- Table structure for table `photo_latest_index`
--

DROP TABLE IF EXISTS `photo_latest_index`;
/*!40101 SET @saved_cs_client     = @@character_set_client */;
/*!40101 SET character_set_client = utf8 */;
CREATE TABLE `photo_latest_index` (
  `level` int(11) NOT NULL,
  `south` double NOT NULL,
  `west` double NOT NULL,
  `photo_rating` int(11) DEFAULT NULL,
  `rating` int(11) DEFAULT NULL,
  `photo_id` bigint(20) DEFAULT NULL,
  PRIMARY KEY (`level`,`south`,`west`),
  KEY `FKE0BC6707194EAB84` (`photo_id`),
  CONSTRAINT `FKE0BC6707194EAB84` FOREIGN KEY (`photo_id`) REFERENCES `photo` (`id`)
) ENGINE=InnoDB DEFAULT CHARSET=utf8;
/*!40101 SET character_set_client = @saved_cs_client */;

--
-- Dumping data for table `photo_latest_index`
--

/*!40000 ALTER TABLE `photo_latest_index` DISABLE KEYS */;
REPLACE INTO `photo_latest_index` (`level`, `south`, `west`, `photo_rating`, `rating`, `photo_id`) VALUES (1,20,80,1000000,1333333,127),(1,20,100,500000,1166666,124),(1,20,120,500000,500000,126),(1,40,80,1000000,1000000,128),(1,40,100,333333,333333,119),(1,40,120,333333,333333,113),(2,20,90,333333,333333,108),(2,20,100,333333,666666,118),(2,20,110,333333,333333,96),(2,30,90,1000000,1333333,127),(2,30,110,500000,1166666,124),(2,30,120,500000,518868,126),(2,40,90,1000000,1000000,128),(2,40,110,333333,352201,119),(2,40,120,333333,333333,113),(3,20,100,333333,333333,118),(3,20,110,333333,333333,96),(3,25,95,333333,666666,108),(3,25,100,333333,353333,115),(3,30,115,333333,333333,105),(3,30,120,500000,500000,126),(3,35,90,1000000,1000000,127),(3,35,95,333333,333333,109),(3,35,110,500000,1000000,124),(3,35,115,333333,666666,107),(3,35,120,18868,18868,63),(3,40,90,1000000,1000000,128),(3,40,110,333333,333333,119),(3,40,115,18868,18868,64),(3,40,125,333333,333333,113),(4,22.5,102.5,333333,333333,118),(4,22.5,112.5,333333,351190,96),(4,25,97.5,333333,333333,108),(4,25,100,20000,38868,88),(4,27.5,97.5,333333,333333,117),(4,27.5,100,333333,333333,115),(4,30,120,500000,858333,126),(4,32.5,115,333333,333333,105),(4,35,110,500000,1000000,124),(4,35,115,333333,333333,107),(4,35,120,18868,18868,63),(4,37.5,92.5,1000000,1000000,127),(4,37.5,97.5,333333,333333,109),(4,37.5,112.5,500000,500000,122),(4,37.5,115,333333,352201,102),(4,40,90,1000000,1000000,128),(4,40,112.5,333333,333333,119),(4,40,115,18868,18868,64),(4,42.5,127.5,333333,333333,113),(5,22.5,102.5,333333,333333,118),(5,22.5,112.5,333333,333333,96),(5,22.5,113.75,17857,17857,20),(5,25,98.75,333333,333333,108),(5,25,100,20000,20000,88),(5,26.25,100,18868,37736,50),(5,27.5,98.75,333333,333333,117),(5,27.5,100,333333,333333,115),(5,30,120,500000,518519,126),(5,30,121.25,25000,25000,92),(5,31.25,121.25,333333,333333,97),(5,33.75,116.25,333333,333333,105),(5,35,110,500000,500000,124),(5,36.25,111.25,500000,500000,125),(5,36.25,116.25,333333,333333,107),(5,36.25,120,18868,18868,63),(5,37.5,92.5,1000000,1000000,127),(5,38.75,97.5,333333,333333,109),(5,38.75,112.5,500000,1000000,122),(5,38.75,115,18868,37736,62),(5,38.75,116.25,333333,333333,102),(5,40,90,1000000,1000000,128),(5,40,112.5,333333,333333,119),(5,40,116.25,18868,18868,64),(5,43.75,128.75,333333,333333,113),(6,22.5,113.125,333333,351190,96),(6,22.5,113.75,17857,35714,20),(6,23.125,102.5,333333,333333,118),(6,25,98.75,333333,333333,108),(6,25.625,100,20000,20000,88),(6,26.25,100,18868,18868,50),(6,26.875,100,18868,18868,49),(6,28.125,98.75,333333,333333,117),(6,28.125,100,333333,333333,115),(6,30,120,18519,18519,28),(6,30.625,120.625,500000,500000,126),(6,30.625,121.25,25000,25000,92),(6,31.25,121.25,333333,358333,97),(6,34.375,116.25,333333,333333,105),(6,35.625,110,500000,500000,124),(6,36.25,111.25,500000,500000,125),(6,36.25,116.875,333333,666666,107),(6,36.875,120.625,18868,18868,63),(6,38.125,92.5,1000000,1000000,127),(6,38.75,97.5,333333,333333,109),(6,38.75,113.125,500000,500000,122),(6,39.375,113.125,500000,833333,121),(6,39.375,115,18868,18868,62),(6,39.375,115.625,18868,18868,59),(6,39.375,116.25,333333,333333,102),(6,40,90,1000000,1000000,128),(6,40,113.125,333333,333333,119),(6,40,116.25,18868,18868,64),(6,44.375,128.75,333333,333333,113),(7,22.5,113.4375,333333,333333,96),(7,22.5,113.75,17857,35714,20),(7,22.5,114.0625,17857,17857,16),(7,22.8125,113.125,17857,35714,25),(7,23.4375,102.8125,333333,333333,118),(7,25.3125,98.75,333333,333333,108),(7,25.625,100,20000,20000,88),(7,26.5625,100,18868,18868,50),(7,26.875,100,18868,18868,49),(7,28.4375,98.75,333333,333333,117),(7,28.4375,100.3125,333333,333333,115),(7,30,120,18519,18519,28),(7,30.9375,120.625,500000,500000,126),(7,30.9375,121.25,25000,42857,92),(7,31.25,121.25,25000,25000,91),(7,31.25,121.5625,333333,333333,97),(7,34.6875,116.25,333333,333333,105),(7,35.9375,110.3125,500000,500000,124),(7,36.25,111.5625,500000,500000,125),(7,36.25,117.1875,333333,333333,107),(7,36.5625,116.875,333333,333333,99),(7,36.875,120.625,18868,18868,63),(7,38.4375,92.8125,1000000,1000000,127),(7,38.75,113.4375,500000,500000,122),(7,39.0625,97.5,333333,333333,109),(7,39.375,113.125,500000,500000,121),(7,39.375,113.4375,333333,333333,120),(7,39.6875,115.3125,18868,37736,62),(7,39.6875,115.625,18868,37736,59),(7,39.6875,116.25,333333,333333,102),(7,40,90.3125,1000000,1000000,128),(7,40,113.125,333333,333333,119),(7,40.3125,116.5625,18868,18868,64),(7,44.375,128.75,333333,333333,113),(8,22.5,113.75,17857,17857,20),(8,22.5,113.90625,17857,35714,4),(8,22.5,114.0625,17857,17857,16),(8,22.65625,113.4375,333333,333333,96),(8,22.96875,113.125,17857,17857,25),(8,22.96875,113.28125,17857,17857,14),(8,23.59375,102.8125,333333,333333,118),(8,25.3125,98.75,333333,333333,108),(8,25.78125,100,20000,20000,88),(8,26.71875,100.15625,18868,37736,50),(8,26.875,100.15625,18868,37736,49),(8,28.4375,98.75,333333,333333,117),(8,28.4375,100.3125,333333,333333,115),(8,30.15625,120,18519,55557,28),(8,30.9375,120.78125,500000,500000,126),(8,31.09375,121.25,17857,17857,2),(8,31.09375,121.40625,25000,45000,92),(8,31.25,121.40625,25000,25000,91),(8,31.25,121.5625,333333,333333,97),(8,34.6875,116.25,333333,333333,105),(8,36.09375,110.3125,500000,500000,124),(8,36.25,111.5625,500000,500000,125),(8,36.40625,117.1875,333333,333333,107),(8,36.71875,117.03125,333333,333333,99),(8,36.875,120.625,18868,18868,63),(8,38.59375,92.96875,1000000,1000000,127),(8,38.90625,113.59375,500000,500000,122),(8,39.21875,97.65625,333333,333333,109),(8,39.53125,113.125,500000,500000,121),(8,39.53125,113.59375,333333,333333,120),(8,39.6875,115.46875,18868,18868,62),(8,39.6875,115.78125,18868,18868,59),(8,39.84375,115.46875,18868,18868,55),(8,39.84375,115.625,18868,37736,54),(8,39.84375,116.40625,333333,333333,102),(8,40,90.46875,1000000,1000000,128),(8,40,113.125,333333,333333,119),(8,40.46875,116.5625,18868,18868,64),(8,44.375,128.75,333333,333333,113),(9,22.5,113.90625,17857,35714,4),(9,22.5,114.0625,17857,17857,16),(9,22.578125,113.75,17857,17857,20),(9,22.578125,113.90625,17857,17857,9),(9,22.65625,113.515625,333333,351190,96),(9,22.96875,113.203125,17857,17857,25),(9,23.046875,113.28125,17857,17857,14),(9,23.59375,102.8125,333333,333333,118),(9,25.390625,98.75,333333,333333,108),(9,25.859375,100.078125,20000,20000,88),(9,26.796875,100.15625,18868,18868,50),(9,26.796875,100.234375,18868,18868,51),(9,26.875,100.15625,18868,18868,49),(9,26.953125,100.15625,18868,18868,44),(9,28.4375,98.75,333333,333333,117),(9,28.4375,100.3125,333333,333333,115),(9,30.15625,120.078125,18519,18519,28),(9,30.234375,120,18519,18519,27),(9,30.234375,120.078125,18519,18519,39),(9,30.9375,120.859375,500000,500000,126),(9,31.09375,121.40625,25000,25000,92),(9,31.171875,121.328125,17857,17857,2),(9,31.171875,121.40625,20000,20000,83),(9,31.25,121.40625,25000,25000,91),(9,31.25,121.5625,333333,333333,97),(9,34.765625,116.328125,333333,333333,105),(9,36.09375,110.390625,500000,500000,124),(9,36.25,111.640625,500000,500000,125),(9,36.484375,117.265625,333333,333333,107),(9,36.71875,117.03125,333333,333333,99),(9,36.875,120.703125,18868,18868,63),(9,38.59375,93.046875,1000000,1000000,127),(9,38.984375,113.59375,500000,500000,122),(9,39.21875,97.65625,333333,333333,109),(9,39.53125,113.125,500000,500000,121),(9,39.609375,113.671875,333333,333333,120),(9,39.6875,115.859375,18868,18868,59),(9,39.765625,115.546875,18868,18868,62),(9,39.84375,115.546875,18868,18868,55),(9,39.84375,115.625,18868,18868,54),(9,39.921875,115.703125,18868,18868,61),(9,39.921875,116.484375,333333,333333,102),(9,40.078125,90.546875,1000000,1000000,128),(9,40.078125,113.125,333333,333333,119),(9,40.546875,116.640625,18868,18868,64),(9,44.453125,128.828125,333333,333333,113),(10,22.5,113.90625,17857,17857,4),(10,22.5390625,113.90625,17857,17857,8),(10,22.5390625,114.0625,17857,17857,16),(10,22.578125,113.9453125,17857,17857,9),(10,22.6171875,113.7890625,17857,17857,20),(10,22.65625,113.515625,333333,333333,96),(10,22.6953125,113.515625,17857,17857,1),(10,22.96875,113.2421875,17857,17857,25),(10,23.046875,113.28125,17857,17857,14),(10,23.59375,102.8125,333333,333333,118),(10,25.4296875,98.75,333333,333333,108),(10,25.8984375,100.078125,20000,20000,88),(10,26.8359375,100.1953125,18868,18868,50),(10,26.8359375,100.234375,18868,18868,51),(10,26.875,100.1953125,18868,18868,49),(10,26.9921875,100.1953125,18868,18868,44),(10,28.4375,98.7890625,333333,333333,117),(10,28.4375,100.3125,333333,333333,115),(10,30.1953125,120.1171875,18519,37038,28),(10,30.234375,120.0390625,18519,18519,27),(10,30.234375,120.1171875,18519,37038,39),(10,30.9375,120.859375,500000,500000,126),(10,31.1328125,121.40625,25000,25000,92),(10,31.171875,121.328125,17857,17857,2),(10,31.2109375,121.40625,20000,20000,83),(10,31.25,121.4453125,25000,44608,91),(10,31.2890625,121.5625,333333,333333,97),(10,34.8046875,116.3671875,333333,333333,105),(10,36.1328125,110.4296875,500000,500000,124),(10,36.25,111.640625,500000,500000,125),(10,36.484375,117.3046875,333333,333333,107),(10,36.71875,117.0703125,333333,333333,99),(10,36.9140625,120.703125,18868,18868,63),(10,38.59375,93.046875,1000000,1000000,127),(10,38.984375,113.59375,500000,500000,122),(10,39.2578125,97.6953125,333333,333333,109),(10,39.53125,113.1640625,500000,500000,121),(10,39.6484375,113.7109375,333333,333333,120),(10,39.6875,115.8984375,18868,18868,59),(10,39.8046875,115.5859375,18868,18868,62),(10,39.84375,115.5859375,18868,18868,55),(10,39.84375,115.625,18868,18868,54),(10,39.921875,116.484375,333333,333333,102),(10,39.9609375,115.703125,18868,18868,61),(10,40.078125,113.125,333333,333333,119),(10,40.1171875,90.5859375,1000000,1000000,128),(10,40.546875,116.6796875,18868,56604,64),(10,44.4921875,128.828125,333333,333333,113),(11,22.51953125,113.92578125,17857,17857,4),(11,22.5390625,113.92578125,17857,35714,8),(11,22.5390625,114.0625,17857,17857,16),(11,22.578125,113.9453125,17857,17857,9),(11,22.6171875,113.80859375,17857,17857,20),(11,22.67578125,113.515625,333333,333333,96),(11,22.6953125,113.53515625,17857,17857,1),(11,22.98828125,113.26171875,17857,17857,25),(11,23.046875,113.28125,17857,17857,14),(11,23.61328125,102.8125,333333,333333,118),(11,25.44921875,98.75,333333,333333,108),(11,25.91796875,100.09765625,20000,40000,88),(11,26.85546875,100.21484375,18868,18868,50),(11,26.85546875,100.234375,18868,18868,51),(11,26.875,100.21484375,18868,18868,49),(11,27.01171875,100.1953125,18868,18868,44),(11,28.4375,100.33203125,333333,666666,115),(11,28.45703125,98.80859375,333333,333333,117),(11,30.1953125,120.1171875,18519,18519,28),(11,30.21484375,120.13671875,18519,18519,37),(11,30.234375,120.1171875,18519,18519,39),(11,30.234375,120.13671875,18519,37038,38),(11,30.25390625,120.05859375,18519,18519,27),(11,30.9375,120.87890625,500000,500000,126),(11,31.1328125,121.40625,25000,25000,92),(11,31.19140625,121.328125,17857,17857,2),(11,31.23046875,121.40625,20000,20000,83),(11,31.26953125,121.4453125,25000,43519,91),(11,31.26953125,121.46484375,19608,19608,81),(11,31.30859375,121.5625,333333,333333,97),(11,34.82421875,116.38671875,333333,333333,105),(11,36.1328125,110.44921875,500000,500000,124),(11,36.25,111.66015625,500000,500000,125),(11,36.484375,117.3046875,333333,333333,107),(11,36.71875,117.0703125,333333,333333,99),(11,36.9140625,120.703125,18868,18868,63),(11,38.61328125,93.06640625,1000000,1000000,127),(11,39.00390625,113.59375,500000,500000,122),(11,39.2578125,97.6953125,333333,333333,109),(11,39.55078125,113.18359375,500000,500000,121),(11,39.6484375,113.7109375,333333,333333,120),(11,39.6875,115.91796875,18868,18868,59),(11,39.82421875,115.5859375,18868,18868,62),(11,39.84375,115.60546875,18868,18868,55),(11,39.84375,115.64453125,18868,18868,54),(11,39.94140625,116.484375,333333,333333,102),(11,39.9609375,115.703125,18868,18868,61),(11,40.09765625,113.125,333333,333333,119),(11,40.1171875,90.5859375,1000000,1000000,128),(11,40.546875,116.6796875,18868,18868,64),(11,40.546875,116.69921875,18868,18868,66),(11,40.56640625,116.69921875,18868,37736,68),(11,44.51171875,128.84765625,333333,666666,113),(12,22.529296875,113.92578125,17857,35714,4),(12,22.5390625,113.92578125,17857,17857,8),(12,22.5390625,113.935546875,17857,17857,19),(12,22.5390625,114.072265625,17857,17857,16),(12,22.578125,113.955078125,17857,17857,9),(12,22.6171875,113.80859375,17857,17857,20),(12,22.67578125,113.525390625,333333,353741,96),(12,22.6953125,113.544921875,17857,17857,1),(12,22.98828125,113.26171875,17857,17857,25),(12,23.056640625,113.291015625,17857,17857,14),(12,23.61328125,102.822265625,333333,333333,118),(12,25.458984375,98.759765625,333333,333333,108),(12,25.91796875,100.09765625,20000,20000,88),(12,25.91796875,100.107421875,20000,20000,82),(12,26.865234375,100.224609375,18868,18868,50),(12,26.865234375,100.234375,18868,37736,51),(12,26.875,100.224609375,18868,18868,49),(12,27.021484375,100.205078125,18868,18868,44),(12,28.447265625,100.33203125,333333,333333,115),(12,28.447265625,100.341796875,333333,333333,116),(12,28.45703125,98.818359375,333333,333333,117),(12,30.205078125,120.126953125,18519,18519,28),(12,30.224609375,120.13671875,18519,18519,37),(12,30.234375,120.13671875,18519,18519,38),(12,30.244140625,120.126953125,18519,18519,39),(12,30.244140625,120.13671875,18519,18519,41),(12,30.263671875,120.068359375,18519,74076,27),(12,30.9375,120.888671875,500000,500000,126),(12,31.1328125,121.40625,25000,25000,92),(12,31.19140625,121.328125,17857,17857,2),(12,31.23046875,121.40625,20000,20000,83),(12,31.26953125,121.4453125,25000,25000,91),(12,31.279296875,121.455078125,18519,18519,26),(12,31.279296875,121.46484375,19608,19608,81),(12,31.318359375,121.572265625,333333,333333,97),(12,34.833984375,116.396484375,333333,333333,105),(12,36.142578125,110.44921875,500000,500000,124),(12,36.259765625,111.669921875,500000,500000,125),(12,36.484375,117.3046875,333333,333333,107),(12,36.71875,117.0703125,333333,333333,99),(12,36.923828125,120.703125,18868,18868,63),(12,38.623046875,93.076171875,1000000,1000000,127),(12,39.00390625,113.59375,500000,500000,122),(12,39.267578125,97.705078125,333333,333333,109),(12,39.560546875,113.18359375,500000,500000,121),(12,39.6484375,113.7109375,333333,333333,120),(12,39.6875,115.927734375,18868,18868,59),(12,39.82421875,115.595703125,18868,18868,62),(12,39.84375,115.64453125,18868,18868,54),(12,39.853515625,115.615234375,18868,37736,55),(12,39.94140625,116.494140625,333333,333333,102),(12,39.970703125,115.703125,18868,18868,61),(12,40.107421875,113.134765625,333333,333333,119),(12,40.126953125,90.5859375,1000000,1000000,128),(12,40.546875,116.689453125,18868,18868,64),(12,40.556640625,116.69921875,18868,56604,66),(12,40.56640625,116.69921875,18868,18868,68),(12,40.56640625,116.708984375,18868,18868,70),(12,44.521484375,128.84765625,333333,999999,113),(12,44.521484375,128.857421875,333333,333333,112),(13,22.529296875,113.92578125,17857,17857,4),(13,22.5341796875,113.92578125,17857,17857,12),(13,22.5390625,113.9306640625,17857,17857,8),(13,22.5390625,113.935546875,17857,17857,19),(13,22.5390625,114.072265625,17857,17857,16),(13,22.578125,113.9599609375,17857,17857,9),(13,22.6220703125,113.8134765625,17857,17857,20),(13,22.6806640625,113.525390625,20408,20408,90),(13,22.6806640625,113.5302734375,333333,333333,96),(13,22.7001953125,113.544921875,17857,17857,1),(13,22.98828125,113.2666015625,17857,17857,25),(13,23.0615234375,113.2958984375,17857,17857,14),(13,23.61328125,102.8271484375,333333,333333,118),(13,25.458984375,98.7646484375,333333,333333,108),(13,25.91796875,100.107421875,20000,20000,82),(13,25.9228515625,100.1025390625,20000,20000,88),(13,26.865234375,100.234375,18868,18868,51),(13,26.8701171875,100.2294921875,18868,37736,50),(13,26.8701171875,100.234375,18868,18868,46),(13,26.875,100.2294921875,18868,18868,49),(13,27.021484375,100.2099609375,18868,18868,44),(13,28.447265625,100.3466796875,333333,333333,116),(13,28.4521484375,100.3369140625,333333,333333,115),(13,28.45703125,98.818359375,333333,333333,117),(13,30.205078125,120.1318359375,18519,18519,28),(13,30.2294921875,120.1416015625,18519,18519,37),(13,30.234375,120.13671875,18519,18519,38),(13,30.2490234375,120.1318359375,18519,18519,39),(13,30.2490234375,120.13671875,18519,18519,41),(13,30.263671875,120.068359375,18519,18519,27),(13,30.263671875,120.0732421875,18519,37038,42),(13,30.2685546875,120.068359375,18519,18519,43),(13,30.2685546875,120.0732421875,18519,18519,32),(13,30.9375,120.888671875,500000,500000,126),(13,31.1376953125,121.40625,25000,25000,92),(13,31.19140625,121.328125,17857,17857,2),(13,31.2353515625,121.4111328125,20000,20000,83),(13,31.26953125,121.4501953125,25000,25000,91),(13,31.279296875,121.4599609375,18519,18519,26),(13,31.279296875,121.46484375,19608,19608,81),(13,31.3232421875,121.572265625,333333,666666,97),(13,34.833984375,116.396484375,333333,333333,105),(13,36.142578125,110.44921875,500000,500000,124),(13,36.2646484375,111.6748046875,500000,500000,125),(13,36.484375,117.3095703125,333333,333333,107),(13,36.71875,117.0703125,333333,333333,99),(13,36.923828125,120.7080078125,18868,18868,63),(13,38.6279296875,93.0810546875,1000000,1000000,127),(13,39.00390625,113.59375,500000,500000,122),(13,39.2724609375,97.7099609375,333333,333333,109),(13,39.5654296875,113.1884765625,500000,500000,121),(13,39.6533203125,113.7109375,333333,333333,120),(13,39.6875,115.9326171875,18868,56604,59),(13,39.82421875,115.6005859375,18868,18868,62),(13,39.84375,115.64453125,18868,18868,54),(13,39.853515625,115.6201171875,18868,18868,55),(13,39.8583984375,115.6201171875,18868,18868,53),(13,39.94140625,116.494140625,333333,333333,102),(13,39.9755859375,115.703125,18868,18868,61),(13,40.1123046875,113.134765625,333333,333333,119),(13,40.126953125,90.5859375,1000000,1000000,128),(13,40.5517578125,116.689453125,18868,18868,64),(13,40.556640625,116.69921875,18868,18868,66),(13,40.556640625,116.7041015625,18868,18868,69),(13,40.5615234375,116.69921875,18868,37736,67),(13,40.5712890625,116.69921875,18868,18868,68),(13,40.5712890625,116.708984375,18868,18868,70),(13,44.521484375,128.84765625,333333,333333,113),(13,44.521484375,128.857421875,333333,333333,112),(13,44.5263671875,128.84765625,333333,333333,114),(13,44.5263671875,128.8525390625,333333,666666,110),(14,22.53173828125,113.92822265625,17857,17857,4),(14,22.5341796875,113.92578125,17857,17857,12),(14,22.5390625,113.93310546875,17857,35714,8),(14,22.5390625,113.93798828125,17857,17857,19),(14,22.54150390625,114.07470703125,17857,17857,16),(14,22.58056640625,113.96240234375,17857,17857,9),(14,22.6220703125,113.8134765625,17857,17857,20),(14,22.6806640625,113.5302734375,333333,333333,96),(14,22.68310546875,113.52783203125,20408,20408,90),(14,22.7001953125,113.544921875,17857,17857,1),(14,22.98828125,113.26904296875,17857,53571,25),(14,23.06396484375,113.29833984375,17857,17857,14),(14,23.61572265625,102.82958984375,333333,333333,118),(14,25.46142578125,98.7646484375,333333,333333,108),(14,25.92041015625,100.107421875,20000,20000,82),(14,25.9228515625,100.10498046875,20000,20000,88),(14,26.86767578125,100.234375,18868,18868,51),(14,26.8701171875,100.23193359375,18868,18868,50),(14,26.87255859375,100.23193359375,18868,18868,48),(14,26.87255859375,100.234375,18868,18868,46),(14,26.875,100.23193359375,18868,18868,49),(14,27.021484375,100.21240234375,18868,18868,44),(14,28.447265625,100.34912109375,333333,333333,116),(14,28.45458984375,100.3369140625,333333,333333,115),(14,28.45947265625,98.82080078125,333333,333333,117),(14,30.20751953125,120.1318359375,18519,18519,28),(14,30.2294921875,120.1416015625,18519,18519,37),(14,30.23681640625,120.13916015625,18519,18519,38),(14,30.2490234375,120.13427734375,18519,18519,39),(14,30.25146484375,120.13671875,18519,37038,41),(14,30.263671875,120.0732421875,18519,18519,42),(14,30.26611328125,120.07080078125,18519,18519,27),(14,30.26611328125,120.0732421875,18519,18519,29),(14,30.27099609375,120.068359375,18519,18519,43),(14,30.27099609375,120.0732421875,18519,18519,32),(14,30.93994140625,120.888671875,500000,500000,126),(14,31.14013671875,121.40869140625,25000,25000,92),(14,31.19140625,121.328125,17857,17857,2),(14,31.23779296875,121.41357421875,20000,20000,83),(14,31.27197265625,121.45263671875,25000,25000,91),(14,31.279296875,121.46240234375,18519,18519,26),(14,31.279296875,121.46484375,19608,19608,81),(14,31.3232421875,121.572265625,333333,333333,97),(14,31.3232421875,121.57470703125,333333,333333,98),(14,34.833984375,116.396484375,333333,333333,105),(14,36.14501953125,110.44921875,500000,500000,124),(14,36.26708984375,111.6748046875,500000,500000,125),(14,36.484375,117.31201171875,333333,666666,107),(14,36.72119140625,117.0703125,333333,333333,99),(14,36.92626953125,120.7080078125,18868,18868,63),(14,38.63037109375,93.08349609375,1000000,1000000,127),(14,39.00634765625,113.59375,500000,500000,122),(14,39.27490234375,97.7099609375,333333,333333,109),(14,39.5654296875,113.1884765625,500000,500000,121),(14,39.65576171875,113.71337890625,333333,333333,120),(14,39.6875,115.9326171875,18868,18868,59),(14,39.6875,115.93505859375,18868,18868,60),(14,39.68994140625,115.9326171875,18868,18868,58),(14,39.82666015625,115.6005859375,18868,18868,62),(14,39.84375,115.64453125,18868,37736,54),(14,39.853515625,115.6201171875,18868,18868,55),(14,39.8583984375,115.6201171875,18868,18868,53),(14,39.94140625,116.49658203125,333333,333333,102),(14,39.9755859375,115.703125,18868,18868,61),(14,40.1123046875,113.134765625,333333,333333,119),(14,40.126953125,90.5859375,1000000,1000000,128),(14,40.5517578125,116.69189453125,18868,18868,64),(14,40.55908203125,116.70166015625,18868,18868,66),(14,40.55908203125,116.7041015625,18868,18868,69),(14,40.5615234375,116.69921875,18868,18868,67),(14,40.5615234375,116.70166015625,18868,18868,65),(14,40.5712890625,116.70166015625,18868,18868,68),(14,40.57373046875,116.708984375,18868,18868,70),(14,44.52392578125,128.85009765625,333333,333333,113),(14,44.52392578125,128.857421875,333333,333333,112),(14,44.5263671875,128.84765625,333333,333333,114),(14,44.5263671875,128.8525390625,333333,333333,110),(14,44.52880859375,128.8525390625,333333,333333,111),(15,22.53173828125,113.92822265625,17857,17857,4),(15,22.535400390625,113.927001953125,17857,17857,12),(15,22.5390625,113.93798828125,17857,17857,19),(15,22.540283203125,113.93310546875,17857,17857,8),(15,22.540283203125,113.934326171875,17857,35714,10),(15,22.542724609375,114.07470703125,17857,17857,16),(15,22.581787109375,113.963623046875,17857,17857,9),(15,22.623291015625,113.8134765625,17857,35714,20),(15,22.6806640625,113.5302734375,333333,666666,96),(15,22.684326171875,113.52783203125,20408,20408,90),(15,22.701416015625,113.544921875,17857,17857,1),(15,22.98828125,113.26904296875,17857,53571,25),(15,22.98828125,113.270263671875,17857,17857,23),(15,22.989501953125,113.270263671875,17857,17857,24),(15,23.06396484375,113.299560546875,17857,17857,14),(15,23.61572265625,102.830810546875,333333,333333,118),(15,25.46142578125,98.7646484375,333333,333333,108),(15,25.92041015625,100.107421875,20000,20000,82),(15,25.9228515625,100.106201171875,20000,20000,88),(15,26.868896484375,100.234375,18868,18868,51),(15,26.8701171875,100.23193359375,18868,18868,50),(15,26.87255859375,100.235595703125,18868,18868,46),(15,26.873779296875,100.233154296875,18868,18868,48),(15,26.875,100.23193359375,18868,18868,49),(15,27.022705078125,100.21240234375,18868,18868,44),(15,28.447265625,100.350341796875,333333,333333,116),(15,28.455810546875,100.338134765625,333333,333333,115),(15,28.460693359375,98.82080078125,333333,333333,117),(15,30.208740234375,120.133056640625,18519,18519,28),(15,30.2294921875,120.142822265625,18519,18519,37),(15,30.238037109375,120.13916015625,18519,18519,38),(15,30.250244140625,120.135498046875,18519,18519,39),(15,30.25146484375,120.13671875,18519,18519,41),(15,30.25146484375,120.137939453125,18519,18519,35),(15,30.264892578125,120.074462890625,18519,18519,42),(15,30.267333984375,120.072021484375,18519,18519,27),(15,30.267333984375,120.074462890625,18519,18519,29),(15,30.272216796875,120.069580078125,18519,18519,43),(15,30.272216796875,120.0732421875,18519,18519,32),(15,30.941162109375,120.888671875,500000,500000,126),(15,31.14013671875,121.409912109375,25000,25000,92),(15,31.19140625,121.328125,17857,17857,2),(15,31.23779296875,121.414794921875,20000,20000,83),(15,31.273193359375,121.45263671875,25000,25000,91),(15,31.279296875,121.466064453125,19608,19608,81),(15,31.280517578125,121.463623046875,18519,18519,26),(15,31.3232421875,121.57470703125,333333,333333,98),(15,31.324462890625,121.573486328125,333333,333333,97),(15,34.835205078125,116.396484375,333333,333333,105),(15,36.146240234375,110.450439453125,500000,500000,124),(15,36.268310546875,111.676025390625,500000,500000,125),(15,36.485595703125,117.31201171875,333333,333333,107),(15,36.485595703125,117.313232421875,333333,333333,106),(15,36.72119140625,117.0703125,333333,333333,99),(15,36.92626953125,120.709228515625,18868,18868,63),(15,38.631591796875,93.08349609375,1000000,1000000,127),(15,39.007568359375,113.594970703125,500000,500000,122),(15,39.276123046875,97.711181640625,333333,333333,109),(15,39.566650390625,113.189697265625,500000,500000,121),(15,39.656982421875,113.714599609375,333333,333333,120),(15,39.6875,115.936279296875,18868,18868,60),(15,39.688720703125,115.9326171875,18868,18868,59),(15,39.68994140625,115.9326171875,18868,18868,58),(15,39.82666015625,115.601806640625,18868,18868,62),(15,39.844970703125,115.64453125,18868,37736,54),(15,39.844970703125,115.645751953125,18868,18868,52),(15,39.853515625,115.621337890625,18868,18868,55),(15,39.8583984375,115.6201171875,18868,18868,53),(15,39.94140625,116.49658203125,333333,333333,102),(15,39.976806640625,115.704345703125,18868,18868,61),(15,40.1123046875,113.134765625,333333,333333,119),(15,40.128173828125,90.587158203125,1000000,1000000,128),(15,40.552978515625,116.693115234375,18868,18868,64),(15,40.55908203125,116.70166015625,18868,18868,66),(15,40.560302734375,116.7041015625,18868,18868,69),(15,40.5615234375,116.702880859375,18868,18868,65),(15,40.562744140625,116.700439453125,18868,18868,67),(15,40.5712890625,116.702880859375,18868,18868,68),(15,40.574951171875,116.708984375,18868,18868,70),(15,44.52392578125,128.85009765625,333333,333333,113),(15,44.525146484375,128.858642578125,333333,333333,112),(15,44.5263671875,128.84765625,333333,333333,114),(15,44.5263671875,128.8525390625,333333,333333,110),(15,44.52880859375,128.853759765625,333333,333333,111),(16,22.5323486328125,113.92822265625,17857,17857,4),(16,22.535400390625,113.927001953125,17857,17857,12),(16,22.5396728515625,113.9385986328125,17857,17857,19),(16,22.540283203125,113.93310546875,17857,17857,8),(16,22.540283203125,113.934326171875,17857,17857,10),(16,22.540283203125,113.9349365234375,17857,35714,6),(16,22.5433349609375,114.0753173828125,17857,17857,16),(16,22.581787109375,113.963623046875,17857,17857,9),(16,22.623291015625,113.8134765625,17857,17857,20),(16,22.6239013671875,113.8134765625,17857,17857,21),(16,22.6806640625,113.5302734375,333333,333333,96),(16,22.6806640625,113.5308837890625,333333,333333,95),(16,22.6849365234375,113.5284423828125,20408,20408,90),(16,22.701416015625,113.544921875,17857,17857,1),(16,22.98828125,113.26904296875,17857,17857,25),(16,22.98828125,113.2696533203125,17857,17857,13),(16,22.9888916015625,113.2696533203125,17857,17857,3),(16,22.9888916015625,113.270263671875,17857,17857,23),(16,22.989501953125,113.2708740234375,17857,17857,24),(16,23.06396484375,113.299560546875,17857,17857,14),(16,23.6163330078125,102.830810546875,333333,333333,118),(16,25.4620361328125,98.7646484375,333333,333333,108),(16,25.92041015625,100.1080322265625,20000,20000,82),(16,25.9234619140625,100.106201171875,20000,20000,88),(16,26.868896484375,100.2349853515625,18868,18868,51),(16,26.8707275390625,100.23193359375,18868,18868,50),(16,26.87255859375,100.2362060546875,18868,18868,46),(16,26.8743896484375,100.233154296875,18868,18868,48),(16,26.875,100.2325439453125,18868,18868,49),(16,27.022705078125,100.2130126953125,18868,18868,44),(16,28.447265625,100.3509521484375,333333,333333,116),(16,28.455810546875,100.3387451171875,333333,333333,115),(16,28.4613037109375,98.8214111328125,333333,333333,117),(16,30.2093505859375,120.1336669921875,18519,37038,28),(16,30.2301025390625,120.142822265625,18519,18519,37),(16,30.238037109375,120.1397705078125,18519,18519,38),(16,30.250244140625,120.135498046875,18519,18519,39),(16,30.25146484375,120.1373291015625,18519,18519,41),(16,30.25146484375,120.137939453125,18519,18519,35),(16,30.264892578125,120.0750732421875,18519,18519,42),(16,30.2679443359375,120.0726318359375,18519,18519,27),(16,30.2679443359375,120.074462890625,18519,18519,29),(16,30.272216796875,120.0701904296875,18519,18519,43),(16,30.2728271484375,120.0738525390625,18519,18519,32),(16,30.941162109375,120.888671875,500000,500000,126),(16,31.1407470703125,121.4105224609375,25000,25000,92),(16,31.1920166015625,121.328125,17857,17857,2),(16,31.2384033203125,121.4154052734375,20000,20000,83),(16,31.2738037109375,121.45263671875,25000,25000,91),(16,31.2799072265625,121.466064453125,19608,19608,81),(16,31.2811279296875,121.4642333984375,18519,18519,26),(16,31.3238525390625,121.5753173828125,333333,333333,98),(16,31.3250732421875,121.5740966796875,333333,333333,97),(16,34.8358154296875,116.396484375,333333,333333,105),(16,36.1468505859375,110.450439453125,500000,500000,124),(16,36.2689208984375,111.676025390625,500000,500000,125),(16,36.4862060546875,117.3126220703125,333333,333333,107),(16,36.4862060546875,117.313232421875,333333,333333,106),(16,36.72119140625,117.0703125,333333,333333,99),(16,36.9268798828125,120.7098388671875,18868,18868,63),(16,38.631591796875,93.0841064453125,1000000,1000000,127),(16,39.007568359375,113.5955810546875,500000,500000,122),(16,39.276123046875,97.711181640625,333333,333333,109),(16,39.5672607421875,113.1903076171875,500000,500000,121),(16,39.656982421875,113.7152099609375,333333,333333,120),(16,39.6881103515625,115.936279296875,18868,18868,60),(16,39.6893310546875,115.9332275390625,18868,18868,59),(16,39.68994140625,115.9326171875,18868,18868,58),(16,39.82666015625,115.6024169921875,18868,18868,62),(16,39.844970703125,115.6451416015625,18868,18868,54),(16,39.844970703125,115.645751953125,18868,18868,52),(16,39.8455810546875,115.6451416015625,18868,18868,56),(16,39.8541259765625,115.621337890625,18868,18868,55),(16,39.8590087890625,115.6201171875,18868,18868,53),(16,39.9420166015625,116.49658203125,333333,333333,102),(16,39.9774169921875,115.704345703125,18868,18868,61),(16,40.1123046875,113.134765625,333333,333333,119),(16,40.128173828125,90.5877685546875,1000000,1000000,128),(16,40.5535888671875,116.6937255859375,18868,18868,64),(16,40.5596923828125,116.70166015625,18868,18868,66),(16,40.560302734375,116.7041015625,18868,18868,69),(16,40.5621337890625,116.7034912109375,18868,18868,65),(16,40.562744140625,116.7010498046875,18868,18868,67),(16,40.5718994140625,116.7034912109375,18868,18868,68),(16,40.5755615234375,116.7095947265625,18868,18868,70),(16,44.5245361328125,128.85009765625,333333,333333,113),(16,44.5257568359375,128.858642578125,333333,333333,112),(16,44.5263671875,128.8525390625,333333,333333,110),(16,44.5269775390625,128.8482666015625,333333,333333,114),(16,44.5294189453125,128.853759765625,333333,333333,111),(17,22.5323486328125,113.92852783203125,17857,17857,4),(17,22.53570556640625,113.92730712890625,17857,17857,12),(17,22.5396728515625,113.93890380859375,17857,35714,19),(17,22.540283203125,113.93310546875,17857,17857,8),(17,22.540283203125,113.9349365234375,17857,17857,6),(17,22.54058837890625,113.934326171875,17857,17857,10),(17,22.54058837890625,113.93524169921875,17857,17857,11),(17,22.54364013671875,114.0753173828125,17857,17857,16),(17,22.58209228515625,113.96392822265625,17857,17857,9),(17,22.62359619140625,113.8134765625,17857,17857,20),(17,22.6239013671875,113.8134765625,17857,17857,21),(17,22.68096923828125,113.53057861328125,333333,333333,96),(17,22.68096923828125,113.5308837890625,333333,666666,95),(17,22.6849365234375,113.5284423828125,20408,20408,90),(17,22.701416015625,113.54522705078125,17857,17857,1),(17,22.98828125,113.26995849609375,17857,17857,13),(17,22.98858642578125,113.26904296875,17857,17857,25),(17,22.98919677734375,113.26995849609375,17857,17857,3),(17,22.98919677734375,113.270263671875,17857,17857,23),(17,22.989501953125,113.2708740234375,17857,17857,24),(17,23.06427001953125,113.29986572265625,17857,17857,14),(17,23.6163330078125,102.83111572265625,333333,333333,118),(17,25.46234130859375,98.7646484375,333333,333333,108),(17,25.92071533203125,100.1080322265625,20000,20000,82),(17,25.9234619140625,100.10650634765625,20000,20000,88),(17,26.868896484375,100.2349853515625,18868,18868,51),(17,26.87103271484375,100.23223876953125,18868,37736,50),(17,26.87255859375,100.23651123046875,18868,37736,46),(17,26.87469482421875,100.233154296875,18868,18868,48),(17,26.875,100.2325439453125,18868,18868,49),(17,27.02301025390625,100.2130126953125,18868,18868,44),(17,28.44757080078125,100.35125732421875,333333,333333,116),(17,28.455810546875,100.33905029296875,333333,333333,115),(17,28.4613037109375,98.82171630859375,333333,333333,117),(17,30.2093505859375,120.1336669921875,18519,18519,28),(17,30.20965576171875,120.13397216796875,18519,18519,31),(17,30.23040771484375,120.14312744140625,18519,18519,37),(17,30.238037109375,120.14007568359375,18519,18519,38),(17,30.25054931640625,120.13580322265625,18519,18519,39),(17,30.25177001953125,120.13763427734375,18519,18519,41),(17,30.25177001953125,120.13824462890625,18519,18519,35),(17,30.264892578125,120.0750732421875,18519,18519,42),(17,30.2679443359375,120.074462890625,18519,18519,29),(17,30.26824951171875,120.07293701171875,18519,18519,27),(17,30.272216796875,120.0701904296875,18519,18519,43),(17,30.2728271484375,120.07415771484375,18519,18519,32),(17,30.941162109375,120.88897705078125,500000,500000,126),(17,31.1407470703125,121.4105224609375,25000,25000,92),(17,31.1920166015625,121.328125,17857,17857,2),(17,31.2384033203125,121.41571044921875,20000,20000,83),(17,31.27410888671875,121.45263671875,25000,25000,91),(17,31.2799072265625,121.46636962890625,19608,19608,81),(17,31.2811279296875,121.4642333984375,18519,18519,26),(17,31.32415771484375,121.5753173828125,333333,333333,98),(17,31.32537841796875,121.57440185546875,333333,333333,97),(17,34.83612060546875,116.39678955078125,333333,333333,105),(17,36.1468505859375,110.450439453125,500000,500000,124),(17,36.2689208984375,111.67633056640625,500000,500000,125),(17,36.48651123046875,117.31292724609375,333333,333333,107),(17,36.48651123046875,117.313232421875,333333,333333,106),(17,36.72119140625,117.0703125,333333,333333,99),(17,36.92718505859375,120.71014404296875,18868,18868,63),(17,38.631591796875,93.08441162109375,1000000,1000000,127),(17,39.007568359375,113.59588623046875,500000,500000,122),(17,39.27642822265625,97.711181640625,333333,333333,109),(17,39.5672607421875,113.19061279296875,500000,500000,121),(17,39.656982421875,113.7152099609375,333333,333333,120),(17,39.68841552734375,115.93658447265625,18868,18868,60),(17,39.68963623046875,115.9332275390625,18868,18868,59),(17,39.69024658203125,115.93292236328125,18868,18868,58),(17,39.82696533203125,115.6024169921875,18868,18868,62),(17,39.844970703125,115.64605712890625,18868,18868,52),(17,39.84527587890625,115.64544677734375,18868,18868,54),(17,39.84588623046875,115.64544677734375,18868,18868,56),(17,39.8541259765625,115.62164306640625,18868,18868,55),(17,39.85931396484375,115.62042236328125,18868,18868,53),(17,39.9420166015625,116.49658203125,333333,333333,102),(17,39.97772216796875,115.70465087890625,18868,18868,61),(17,40.1123046875,113.134765625,333333,333333,119),(17,40.12847900390625,90.5877685546875,1000000,1000000,128),(17,40.55389404296875,116.69403076171875,18868,18868,64),(17,40.55999755859375,116.70166015625,18868,18868,66),(17,40.560302734375,116.70440673828125,18868,18868,69),(17,40.5621337890625,116.7034912109375,18868,18868,65),(17,40.56304931640625,116.7010498046875,18868,18868,67),(17,40.5718994140625,116.70379638671875,18868,18868,68),(17,40.5755615234375,116.70989990234375,18868,18868,70),(17,44.52484130859375,128.85040283203125,333333,333333,113),(17,44.52606201171875,128.85894775390625,333333,333333,112),(17,44.5263671875,128.8525390625,333333,333333,110),(17,44.52728271484375,128.84857177734375,333333,333333,114),(17,44.5294189453125,128.853759765625,333333,333333,111),(18,22.532501220703125,113.92852783203125,17857,17857,4),(18,22.53570556640625,113.92745971679688,17857,35714,12),(18,22.5396728515625,113.93890380859375,17857,17857,19),(18,22.5396728515625,113.93905639648438,17857,17857,17),(18,22.540435791015625,113.93325805664062,17857,17857,8),(18,22.540435791015625,113.9349365234375,17857,17857,6),(18,22.54058837890625,113.934326171875,17857,17857,10),(18,22.540740966796875,113.93539428710938,17857,17857,11),(18,22.54364013671875,114.0753173828125,17857,17857,16),(18,22.582244873046875,113.96408081054688,17857,17857,9),(18,22.62359619140625,113.8134765625,17857,17857,20),(18,22.6239013671875,113.81362915039062,17857,17857,21),(18,22.68096923828125,113.53073120117188,333333,333333,96),(18,22.68096923828125,113.5308837890625,333333,353741,95),(18,22.681121826171875,113.5308837890625,333333,333333,93),(18,22.685089111328125,113.52859497070312,20408,20408,90),(18,22.701416015625,113.54522705078125,17857,17857,1),(18,22.988433837890625,113.27011108398438,17857,17857,13),(18,22.98858642578125,113.26919555664062,17857,17857,25),(18,22.98919677734375,113.27011108398438,17857,17857,3),(18,22.98919677734375,113.270263671875,17857,17857,23),(18,22.989501953125,113.2708740234375,17857,17857,24),(18,23.064422607421875,113.29986572265625,17857,17857,14),(18,23.616485595703125,102.83126831054688,333333,333333,118),(18,25.46234130859375,98.76480102539062,333333,333333,108),(18,25.920867919921875,100.10818481445312,20000,20000,82),(18,25.9234619140625,100.10650634765625,20000,20000,88),(18,26.869049072265625,100.2349853515625,18868,18868,51),(18,26.87103271484375,100.23223876953125,18868,18868,50),(18,26.871185302734375,100.23223876953125,18868,18868,47),(18,26.872711181640625,100.23651123046875,18868,18868,46),(18,26.872711181640625,100.23666381835938,18868,18868,45),(18,26.874847412109375,100.23330688476562,18868,18868,48),(18,26.875152587890625,100.2325439453125,18868,18868,49),(18,27.023162841796875,100.2130126953125,18868,18868,44),(18,28.44757080078125,100.35140991210938,333333,333333,116),(18,28.455963134765625,100.33905029296875,333333,333333,115),(18,28.4613037109375,98.82186889648438,333333,333333,117),(18,30.209503173828125,120.13381958007812,18519,37038,28),(18,30.20965576171875,120.13412475585938,18519,18519,31),(18,30.230560302734375,120.14328002929688,18519,18519,37),(18,30.238037109375,120.14007568359375,18519,18519,38),(18,30.25054931640625,120.13595581054688,18519,18519,39),(18,30.25177001953125,120.13763427734375,18519,18519,41),(18,30.251922607421875,120.13839721679688,18519,18519,35),(18,30.264892578125,120.0750732421875,18519,18519,42),(18,30.268096923828125,120.074462890625,18519,18519,29),(18,30.268402099609375,120.07308959960938,18519,18519,27),(18,30.272369384765625,120.0701904296875,18519,18519,43),(18,30.2728271484375,120.07415771484375,18519,37038,32),(18,30.941314697265625,120.88897705078125,500000,500000,126),(18,31.1407470703125,121.4105224609375,25000,25000,92),(18,31.1920166015625,121.32827758789062,17857,17857,2),(18,31.2384033203125,121.41586303710938,20000,20000,83),(18,31.27410888671875,121.45263671875,25000,25000,91),(18,31.280059814453125,121.46636962890625,19608,19608,81),(18,31.2811279296875,121.4642333984375,18519,18519,26),(18,31.324310302734375,121.5753173828125,333333,333333,98),(18,31.32537841796875,121.57455444335938,333333,333333,97),(18,34.836273193359375,116.39678955078125,333333,333333,105),(18,36.147003173828125,110.45059204101562,500000,500000,124),(18,36.2689208984375,111.67648315429688,500000,500000,125),(18,36.48651123046875,117.31307983398438,333333,333333,107),(18,36.486663818359375,117.31338500976562,333333,333333,106),(18,36.72119140625,117.0703125,333333,333333,99),(18,36.927337646484375,120.71014404296875,18868,18868,63),(18,38.631744384765625,93.08441162109375,1000000,1000000,127),(18,39.007568359375,113.59588623046875,500000,500000,122),(18,39.27642822265625,97.711181640625,333333,333333,109),(18,39.567413330078125,113.19061279296875,500000,500000,121),(18,39.657135009765625,113.71536254882812,333333,333333,120),(18,39.688568115234375,115.93673706054688,18868,18868,60),(18,39.689788818359375,115.9332275390625,18868,18868,59),(18,39.69024658203125,115.93292236328125,18868,18868,58),(18,39.82696533203125,115.60256958007812,18868,18868,62),(18,39.845123291015625,115.64605712890625,18868,18868,52),(18,39.84527587890625,115.64559936523438,18868,18868,54),(18,39.846038818359375,115.64544677734375,18868,18868,56),(18,39.854278564453125,115.62179565429688,18868,18868,55),(18,39.859466552734375,115.62057495117188,18868,18868,53),(18,39.942169189453125,116.49658203125,333333,333333,102),(18,39.977874755859375,115.70465087890625,18868,18868,61),(18,40.112457275390625,113.13491821289062,333333,333333,119),(18,40.12847900390625,90.5877685546875,1000000,1000000,128),(18,40.554046630859375,116.69418334960938,18868,18868,64),(18,40.560150146484375,116.70181274414062,18868,18868,66),(18,40.560455322265625,116.70440673828125,18868,18868,69),(18,40.5621337890625,116.70364379882812,18868,18868,65),(18,40.563201904296875,116.70120239257812,18868,18868,67),(18,40.572052001953125,116.70379638671875,18868,18868,68),(18,40.5755615234375,116.70989990234375,18868,18868,70),(18,44.52484130859375,128.85040283203125,333333,333333,113),(18,44.52606201171875,128.85894775390625,333333,333333,112),(18,44.5263671875,128.85269165039062,333333,333333,110),(18,44.527435302734375,128.84872436523438,333333,333333,114),(18,44.5294189453125,128.85391235351562,333333,333333,111),(19,22.532501220703125,113.92852783203125,17857,35714,4),(19,22.53570556640625,113.92753601074219,17857,17857,12),(19,22.535781860351562,113.92745971679688,17857,17857,22),(19,22.5396728515625,113.93898010253906,17857,17857,19),(19,22.5396728515625,113.93905639648438,17857,35714,17),(19,22.540435791015625,113.93333435058594,17857,17857,8),(19,22.540435791015625,113.93501281738281,17857,35714,6),(19,22.54058837890625,113.93440246582031,17857,17857,10),(19,22.540817260742188,113.93539428710938,17857,35714,11),(19,22.543716430664062,114.07539367675781,17857,17857,16),(19,22.582321166992188,113.96408081054688,17857,17857,9),(19,22.623672485351562,113.8134765625,17857,17857,20),(19,22.623977661132812,113.81362915039062,17857,17857,21),(19,22.681045532226562,113.53080749511719,333333,333333,96),(19,22.681045532226562,113.5308837890625,333333,333333,95),(19,22.681045532226562,113.53096008300781,20408,20408,89),(19,22.681121826171875,113.5308837890625,333333,666666,93),(19,22.685089111328125,113.52867126464844,20408,20408,90),(19,22.701416015625,113.54522705078125,17857,17857,1),(19,22.988433837890625,113.27011108398438,17857,17857,13),(19,22.988662719726562,113.26927185058594,17857,17857,25),(19,22.98919677734375,113.27018737792969,17857,17857,3),(19,22.989273071289062,113.270263671875,17857,17857,23),(19,22.989501953125,113.27095031738281,17857,17857,24),(19,23.064498901367188,113.29986572265625,17857,17857,14),(19,23.616485595703125,102.83126831054688,333333,333333,118),(19,25.462417602539062,98.76487731933594,333333,333333,108),(19,25.920944213867188,100.10818481445312,20000,20000,82),(19,25.923538208007812,100.10658264160156,20000,20000,88),(19,26.869049072265625,100.2349853515625,18868,18868,51),(19,26.871109008789062,100.23231506347656,18868,18868,50),(19,26.871261596679688,100.23231506347656,18868,18868,47),(19,26.872711181640625,100.23651123046875,18868,18868,46),(19,26.872711181640625,100.23666381835938,18868,18868,45),(19,26.874847412109375,100.23330688476562,18868,18868,48),(19,26.875152587890625,100.23262023925781,18868,18868,49),(19,27.023162841796875,100.21308898925781,18868,18868,44),(19,28.447647094726562,100.35148620605469,333333,333333,116),(19,28.455963134765625,100.33912658691406,333333,333333,115),(19,28.461380004882812,98.82194519042969,333333,333333,117),(19,30.209579467773438,120.13381958007812,18519,18519,28),(19,30.209579467773438,120.13389587402344,18519,18519,30),(19,30.20965576171875,120.13412475585938,18519,18519,31),(19,30.230636596679688,120.14335632324219,18519,18519,37),(19,30.238113403320312,120.14007568359375,18519,18519,38),(19,30.25054931640625,120.13595581054688,18519,18519,39),(19,30.25177001953125,120.13771057128906,18519,18519,41),(19,30.251922607421875,120.13847351074219,18519,55557,35),(19,30.264968872070312,120.07514953613281,18519,18519,42),(19,30.268096923828125,120.074462890625,18519,18519,29),(19,30.268402099609375,120.07316589355469,18519,18519,27),(19,30.272369384765625,120.0701904296875,18519,18519,43),(19,30.2728271484375,120.07415771484375,18519,18519,32),(19,30.2728271484375,120.07423400878906,18519,18519,33),(19,30.941314697265625,120.88897705078125,500000,500000,126),(19,31.1407470703125,121.41059875488281,25000,25000,92),(19,31.1920166015625,121.32827758789062,17857,17857,2),(19,31.238479614257812,121.41593933105469,20000,20000,83),(19,31.27410888671875,121.45271301269531,25000,25000,91),(19,31.280059814453125,121.46636962890625,19608,19608,81),(19,31.281204223632812,121.46430969238281,18519,18519,26),(19,31.324386596679688,121.57539367675781,333333,333333,98),(19,31.325454711914062,121.57463073730469,333333,333333,97),(19,34.836273193359375,116.39678955078125,333333,333333,105),(19,36.147003173828125,110.45059204101562,500000,500000,124),(19,36.26899719238281,111.67655944824219,500000,500000,125),(19,36.48651123046875,117.31307983398438,333333,333333,107),(19,36.486663818359375,117.31338500976562,333333,333333,106),(19,36.72126770019531,117.0703125,333333,333333,99),(19,36.927337646484375,120.71014404296875,18868,18868,63),(19,38.63182067871094,93.08441162109375,1000000,1000000,127),(19,39.00764465332031,113.59596252441406,500000,500000,122),(19,39.27650451660156,97.71125793457031,333333,333333,109),(19,39.56748962402344,113.19061279296875,500000,500000,121),(19,39.65721130371094,113.71536254882812,333333,333333,120),(19,39.68864440917969,115.93673706054688,18868,18868,60),(19,39.689788818359375,115.93330383300781,18868,18868,59),(19,39.69024658203125,115.93299865722656,18868,18868,58),(19,39.82696533203125,115.60256958007812,18868,18868,62),(19,39.845123291015625,115.64613342285156,18868,18868,52),(19,39.84527587890625,115.64567565917969,18868,18868,54),(19,39.846038818359375,115.64544677734375,18868,37736,56),(19,39.85435485839844,115.62179565429688,18868,18868,55),(19,39.859466552734375,115.62065124511719,18868,18868,53),(19,39.94224548339844,116.49658203125,333333,333333,102),(19,39.977874755859375,115.70472717285156,18868,18868,61),(19,40.11253356933594,113.13499450683594,333333,333333,119),(19,40.12847900390625,90.5877685546875,1000000,1000000,128),(19,40.554046630859375,116.69425964355469,18868,18868,64),(19,40.560150146484375,116.70188903808594,18868,18868,66),(19,40.560455322265625,116.70440673828125,18868,18868,69),(19,40.5621337890625,116.70372009277344,18868,18868,65),(19,40.56327819824219,116.70120239257812,18868,18868,67),(19,40.572052001953125,116.70379638671875,18868,18868,68),(19,40.5755615234375,116.70997619628906,18868,18868,70),(19,44.52484130859375,128.85040283203125,333333,333333,113),(19,44.52606201171875,128.85902404785156,333333,333333,112),(19,44.52644348144531,128.85276794433594,333333,333333,110),(19,44.52751159667969,128.84872436523438,333333,333333,114),(19,44.52949523925781,128.85391235351562,333333,333333,111);
/*!40000 ALTER TABLE `photo_latest_index` ENABLE KEYS */;

--
-- Table structure for table `photo_likes`
--

DROP TABLE IF EXISTS `photo_likes`;
/*!40101 SET @saved_cs_client     = @@character_set_client */;
/*!40101 SET character_set_client = utf8 */;
CREATE TABLE `photo_likes` (
  `photo_id` bigint(20) NOT NULL,
  `likes_id` bigint(20) NOT NULL,
  PRIMARY KEY (`photo_id`,`likes_id`),
  UNIQUE KEY `likes_id` (`likes_id`),
  KEY `FK55ABF76F450B2BCB` (`likes_id`),
  KEY `FK55ABF76F194EAB84` (`photo_id`),
  CONSTRAINT `FK55ABF76F194EAB84` FOREIGN KEY (`photo_id`) REFERENCES `photo` (`id`),
  CONSTRAINT `FK55ABF76F450B2BCB` FOREIGN KEY (`likes_id`) REFERENCES `likes` (`id`)
) ENGINE=InnoDB DEFAULT CHARSET=utf8;
/*!40101 SET character_set_client = @saved_cs_client */;

--
-- Dumping data for table `photo_likes`
--

/*!40000 ALTER TABLE `photo_likes` DISABLE KEYS */;
REPLACE INTO `photo_likes` (`photo_id`, `likes_id`) VALUES (2,1),(10,4),(12,6),(91,10),(81,11),(43,12),(99,13),(88,14),(94,15);
/*!40000 ALTER TABLE `photo_likes` ENABLE KEYS */;

--
-- Table structure for table `photo_panoramio`
--

DROP TABLE IF EXISTS `photo_panoramio`;
/*!40101 SET @saved_cs_client     = @@character_set_client */;
/*!40101 SET character_set_client = utf8 */;
CREATE TABLE `photo_panoramio` (
  `photo_id` bigint(20) NOT NULL,
  `address` varchar(255) DEFAULT NULL,
  `alt` double DEFAULT NULL,
  `create_date` datetime DEFAULT NULL,
  `lat` double DEFAULT NULL,
  `lng` double DEFAULT NULL,
  `rating` int(11) DEFAULT NULL,
  `title` varchar(255) DEFAULT NULL,
  `user_id` bigint(20) DEFAULT NULL,
  `username` varchar(255) DEFAULT NULL,
  PRIMARY KEY (`photo_id`)
) ENGINE=InnoDB DEFAULT CHARSET=utf8;
/*!40101 SET character_set_client = @saved_cs_client */;

--
-- Dumping data for table `photo_panoramio`
--

/*!40000 ALTER TABLE `photo_panoramio` DISABLE KEYS */;
/*!40000 ALTER TABLE `photo_panoramio` ENABLE KEYS */;

--
-- Table structure for table `photo_panoramio_index`
--

DROP TABLE IF EXISTS `photo_panoramio_index`;
/*!40101 SET @saved_cs_client     = @@character_set_client */;
/*!40101 SET character_set_client = utf8 */;
CREATE TABLE `photo_panoramio_index` (
  `level` int(11) NOT NULL,
  `south` double NOT NULL,
  `west` double NOT NULL,
  `big_photo` bit(1) DEFAULT NULL,
  `photo_rating` int(11) DEFAULT NULL,
  `rating` int(11) DEFAULT NULL,
  `photo_id` bigint(20) DEFAULT NULL,
  PRIMARY KEY (`level`,`south`,`west`),
  KEY `FK73DEAFD8194EAB84` (`photo_id`),
  CONSTRAINT `FK73DEAFD8194EAB84` FOREIGN KEY (`photo_id`) REFERENCES `photo` (`id`)
) ENGINE=InnoDB DEFAULT CHARSET=utf8;
/*!40101 SET character_set_client = @saved_cs_client */;

--
-- Dumping data for table `photo_panoramio_index`
--

/*!40000 ALTER TABLE `photo_panoramio_index` DISABLE KEYS */;
REPLACE INTO `photo_panoramio_index` (`level`, `south`, `west`, `big_photo`, `photo_rating`, `rating`, `photo_id`) VALUES (1,20,60,NULL,0,0,133),(1,20,80,NULL,0,0,108),(1,20,100,NULL,2,4,88),(1,20,120,NULL,1,1,2),(1,40,80,NULL,0,0,128),(1,40,100,NULL,0,0,64),(1,40,120,NULL,0,0,113),(2,20,90,NULL,0,0,108),(2,20,100,NULL,2,2,88),(2,20,110,NULL,1,1,10),(2,30,70,NULL,0,0,133),(2,30,90,NULL,0,0,109),(2,30,100,NULL,0,0,131),(2,30,110,NULL,1,1,99),(2,30,120,NULL,1,1,2),(2,40,80,NULL,0,0,129),(2,40,90,NULL,0,0,128),(2,40,110,NULL,0,0,64),(2,40,120,NULL,0,0,113),(3,20,100,NULL,0,0,118),(3,20,110,NULL,1,1,10),(3,25,95,NULL,0,0,108),(3,25,100,NULL,2,2,88),(3,30,115,NULL,0,0,105),(3,30,120,NULL,1,1,2),(3,35,75,NULL,0,0,133),(3,35,90,NULL,0,0,127),(3,35,95,NULL,0,0,109),(3,35,100,NULL,0,0,131),(3,35,105,NULL,0,0,135),(3,35,110,NULL,0,0,124),(3,35,115,NULL,1,1,99),(3,35,120,NULL,0,0,63),(3,40,85,NULL,0,0,129),(3,40,90,NULL,0,0,128),(3,40,110,NULL,0,0,119),(3,40,115,NULL,0,0,64),(3,40,125,NULL,0,0,113),(4,22.5,102.5,NULL,0,0,118),(4,22.5,112.5,NULL,1,1,10),(4,25,97.5,NULL,0,0,108),(4,25,100,NULL,2,2,88),(4,27.5,97.5,NULL,0,0,117),(4,27.5,100,NULL,0,0,115),(4,30,120,NULL,1,1,2),(4,32.5,115,NULL,0,0,105),(4,35,77.5,NULL,0,0,133),(4,35,100,NULL,0,0,131),(4,35,107.5,NULL,0,0,135),(4,35,110,NULL,0,0,124),(4,35,112.5,NULL,0,0,130),(4,35,115,NULL,1,1,99),(4,35,120,NULL,0,0,63),(4,37.5,92.5,NULL,0,0,127),(4,37.5,97.5,NULL,0,0,109),(4,37.5,112.5,NULL,0,0,122),(4,37.5,115,NULL,0,0,62),(4,37.5,117.5,NULL,0,0,134),(4,40,90,NULL,0,0,128),(4,40,92.5,NULL,0,0,136),(4,40,112.5,NULL,0,0,119),(4,40,115,NULL,0,0,64),(4,42.5,85,NULL,0,0,129),(4,42.5,127.5,NULL,0,0,113),(5,22.5,102.5,NULL,0,0,118),(5,22.5,112.5,NULL,0,0,1),(5,22.5,113.75,NULL,1,1,10),(5,25,98.75,NULL,0,0,108),(5,25,100,NULL,2,2,88),(5,26.25,100,NULL,0,0,50),(5,27.5,98.75,NULL,0,0,117),(5,27.5,100,NULL,0,0,115),(5,30,120,NULL,0,0,28),(5,30,121.25,NULL,1,1,2),(5,31.25,121.25,NULL,0,0,26),(5,33.75,116.25,NULL,0,0,105),(5,35,107.5,NULL,0,0,135),(5,35,108.75,NULL,0,0,132),(5,35,110,NULL,0,0,124),(5,36.25,78.75,NULL,0,0,133),(5,36.25,100,NULL,0,0,131),(5,36.25,111.25,NULL,0,0,125),(5,36.25,112.5,NULL,0,0,130),(5,36.25,116.25,NULL,1,1,99),(5,36.25,120,NULL,0,0,63),(5,37.5,92.5,NULL,0,0,127),(5,37.5,117.5,NULL,0,0,134),(5,38.75,97.5,NULL,0,0,109),(5,38.75,112.5,NULL,0,0,122),(5,38.75,115,NULL,0,0,62),(5,38.75,116.25,NULL,0,0,102),(5,40,90,NULL,0,0,128),(5,40,93.75,NULL,0,0,136),(5,40,112.5,NULL,0,0,119),(5,40,116.25,NULL,0,0,64),(5,43.75,86.25,NULL,0,0,129),(5,43.75,128.75,NULL,0,0,113),(6,22.5,113.125,NULL,0,0,1),(6,22.5,113.75,NULL,1,2,10),(6,23.125,102.5,NULL,0,0,118),(6,25,98.75,NULL,0,0,108),(6,25.625,100,NULL,2,2,88),(6,26.25,100,NULL,0,0,50),(6,26.875,100,NULL,0,0,49),(6,28.125,98.75,NULL,0,0,117),(6,28.125,100,NULL,0,0,115),(6,30,120,NULL,0,0,28),(6,30.625,120.625,NULL,0,0,126),(6,30.625,121.25,NULL,1,1,2),(6,31.25,121.25,NULL,0,0,26),(6,34.375,116.25,NULL,0,0,105),(6,35,108.125,NULL,0,0,135),(6,35.625,108.75,NULL,0,0,132),(6,35.625,110,NULL,0,0,124),(6,36.25,111.25,NULL,0,0,125),(6,36.25,112.5,NULL,0,0,130),(6,36.25,116.875,NULL,1,1,99),(6,36.875,79.375,NULL,0,0,133),(6,36.875,100,NULL,0,0,131),(6,36.875,120.625,NULL,0,0,63),(6,38.125,92.5,NULL,0,0,127),(6,38.125,117.5,NULL,0,0,134),(6,38.75,97.5,NULL,0,0,109),(6,38.75,113.125,NULL,0,0,122),(6,39.375,113.125,NULL,0,0,121),(6,39.375,115,NULL,0,0,62),(6,39.375,115.625,NULL,0,0,59),(6,39.375,116.25,NULL,0,0,102),(6,40,90,NULL,0,0,128),(6,40,113.125,NULL,0,0,119),(6,40,116.25,NULL,0,0,64),(6,40.625,94.375,NULL,0,0,136),(6,43.75,86.25,NULL,0,0,129),(6,44.375,128.75,NULL,0,0,113),(7,22.5,113.4375,NULL,0,0,1),(7,22.5,113.75,NULL,1,1,10),(7,22.5,114.0625,NULL,1,1,16),(7,22.8125,113.125,NULL,0,0,25),(7,23.4375,102.8125,NULL,0,0,118),(7,25.3125,98.75,NULL,0,0,108),(7,25.625,100,NULL,2,2,88),(7,26.5625,100,NULL,0,0,50),(7,26.875,100,NULL,0,0,49),(7,28.4375,98.75,NULL,0,0,117),(7,28.4375,100.3125,NULL,0,0,115),(7,30,120,NULL,0,0,28),(7,30.9375,120.625,NULL,0,0,126),(7,30.9375,121.25,NULL,1,1,2),(7,31.25,121.25,NULL,0,0,26),(7,31.25,121.5625,NULL,0,0,97),(7,34.6875,116.25,NULL,0,0,105),(7,35.3125,108.4375,NULL,0,0,135),(7,35.625,109.0625,NULL,0,0,132),(7,35.9375,110.3125,NULL,0,0,124),(7,36.25,111.5625,NULL,0,0,125),(7,36.25,112.8125,NULL,0,0,130),(7,36.25,117.1875,NULL,0,0,107),(7,36.5625,116.875,NULL,1,1,99),(7,36.875,100.3125,NULL,0,0,131),(7,36.875,120.625,NULL,0,0,63),(7,37.1875,79.6875,NULL,0,0,133),(7,38.125,117.8125,NULL,0,0,134),(7,38.4375,92.8125,NULL,0,0,127),(7,38.75,113.4375,NULL,0,0,122),(7,39.0625,97.5,NULL,0,0,109),(7,39.375,113.125,NULL,0,0,121),(7,39.375,113.4375,NULL,0,0,120),(7,39.6875,115.3125,NULL,0,0,62),(7,39.6875,115.625,NULL,0,0,59),(7,39.6875,116.25,NULL,0,0,102),(7,40,90.3125,NULL,0,0,128),(7,40,113.125,NULL,0,0,119),(7,40.3125,116.5625,NULL,0,0,64),(7,40.9375,94.375,NULL,0,0,136),(7,44.0625,86.25,NULL,0,0,129),(7,44.375,128.75,NULL,0,0,113),(8,22.5,113.75,NULL,0,0,20),(8,22.5,113.90625,NULL,1,1,10),(8,22.5,114.0625,NULL,1,1,16),(8,22.65625,113.4375,NULL,0,0,1),(8,22.96875,113.125,NULL,0,0,25),(8,22.96875,113.28125,NULL,0,0,14),(8,23.59375,102.8125,NULL,0,0,118),(8,25.3125,98.75,NULL,0,0,108),(8,25.78125,100,NULL,2,2,88),(8,26.71875,100.15625,NULL,0,0,50),(8,26.875,100.15625,NULL,0,0,49),(8,28.4375,98.75,NULL,0,0,117),(8,28.4375,100.3125,NULL,0,0,115),(8,30.15625,120,NULL,0,0,28),(8,30.9375,120.78125,NULL,0,0,126),(8,31.09375,121.25,NULL,1,1,2),(8,31.09375,121.40625,NULL,0,0,92),(8,31.25,121.40625,NULL,0,0,26),(8,31.25,121.5625,NULL,0,0,97),(8,34.6875,116.25,NULL,0,0,105),(8,35.46875,108.4375,NULL,0,0,135),(8,35.625,109.21875,NULL,0,0,132),(8,36.09375,110.3125,NULL,0,0,124),(8,36.25,111.5625,NULL,0,0,125),(8,36.40625,112.8125,NULL,0,0,130),(8,36.40625,117.1875,NULL,0,0,107),(8,36.71875,117.03125,NULL,1,1,99),(8,36.875,100.46875,NULL,0,0,131),(8,36.875,120.625,NULL,0,0,63),(8,37.1875,79.84375,NULL,0,0,133),(8,38.125,117.96875,NULL,0,0,134),(8,38.59375,92.96875,NULL,0,0,127),(8,38.90625,113.59375,NULL,0,0,122),(8,39.21875,97.65625,NULL,0,0,109),(8,39.53125,113.125,NULL,0,0,121),(8,39.53125,113.59375,NULL,0,0,120),(8,39.6875,115.46875,NULL,0,0,62),(8,39.6875,115.78125,NULL,0,0,59),(8,39.84375,115.46875,NULL,0,0,55),(8,39.84375,115.625,NULL,0,0,54),(8,39.84375,116.40625,NULL,0,0,102),(8,40,90.46875,NULL,0,0,128),(8,40,113.125,NULL,0,0,119),(8,40.46875,116.5625,NULL,0,0,64),(8,40.9375,94.53125,NULL,0,0,136),(8,44.0625,86.25,NULL,0,0,129),(8,44.375,128.75,NULL,0,0,113),(9,22.5,113.90625,NULL,1,1,10),(9,22.5,114.0625,NULL,1,1,16),(9,22.578125,113.75,NULL,0,0,20),(9,22.578125,113.90625,NULL,0,0,9),(9,22.65625,113.515625,NULL,0,0,1),(9,22.96875,113.203125,NULL,0,0,25),(9,23.046875,113.28125,NULL,0,0,14),(9,23.59375,102.8125,NULL,0,0,118),(9,25.390625,98.75,NULL,0,0,108),(9,25.859375,100.078125,NULL,2,2,88),(9,26.796875,100.15625,NULL,0,0,50),(9,26.796875,100.234375,NULL,0,0,51),(9,26.875,100.15625,NULL,0,0,49),(9,26.953125,100.15625,NULL,0,0,44),(9,28.4375,98.75,NULL,0,0,117),(9,28.4375,100.3125,NULL,0,0,115),(9,30.15625,120.078125,NULL,0,0,28),(9,30.234375,120,NULL,0,0,27),(9,30.234375,120.078125,NULL,0,0,39),(9,30.9375,120.859375,NULL,0,0,126),(9,31.09375,121.40625,NULL,0,0,92),(9,31.171875,121.328125,NULL,1,1,2),(9,31.171875,121.40625,NULL,0,0,83),(9,31.25,121.40625,NULL,0,0,26),(9,31.25,121.5625,NULL,0,0,97),(9,34.765625,116.328125,NULL,0,0,105),(9,35.46875,108.4375,NULL,0,0,135),(9,35.703125,109.296875,NULL,0,0,132),(9,36.09375,110.390625,NULL,0,0,124),(9,36.25,111.640625,NULL,0,0,125),(9,36.40625,112.8125,NULL,0,0,130),(9,36.484375,117.265625,NULL,0,0,107),(9,36.71875,117.03125,NULL,1,1,99),(9,36.875,100.46875,NULL,0,0,131),(9,36.875,120.703125,NULL,0,0,63),(9,37.1875,79.84375,NULL,0,0,133),(9,38.125,118.046875,NULL,0,0,134),(9,38.59375,93.046875,NULL,0,0,127),(9,38.984375,113.59375,NULL,0,0,122),(9,39.21875,97.65625,NULL,0,0,109),(9,39.53125,113.125,NULL,0,0,121),(9,39.609375,113.671875,NULL,0,0,120),(9,39.6875,115.859375,NULL,0,0,59),(9,39.765625,115.546875,NULL,0,0,62),(9,39.84375,115.546875,NULL,0,0,55),(9,39.84375,115.625,NULL,0,0,54),(9,39.921875,115.703125,NULL,0,0,61),(9,39.921875,116.484375,NULL,0,0,102),(9,40.078125,90.546875,NULL,0,0,128),(9,40.078125,113.125,NULL,0,0,119),(9,40.546875,116.640625,NULL,0,0,64),(9,40.9375,94.53125,NULL,0,0,136),(9,44.0625,86.328125,NULL,0,0,129),(9,44.453125,128.828125,NULL,0,0,113),(10,22.5,113.90625,NULL,0,0,4),(10,22.5390625,113.90625,NULL,1,1,10),(10,22.5390625,114.0625,NULL,1,1,16),(10,22.578125,113.9453125,NULL,0,0,9),(10,22.6171875,113.7890625,NULL,0,0,20),(10,22.65625,113.515625,NULL,0,0,90),(10,22.6953125,113.515625,NULL,0,0,1),(10,22.96875,113.2421875,NULL,0,0,25),(10,23.046875,113.28125,NULL,0,0,14),(10,23.59375,102.8125,NULL,0,0,118),(10,25.4296875,98.75,NULL,0,0,108),(10,25.8984375,100.078125,NULL,2,2,88),(10,26.8359375,100.1953125,NULL,0,0,50),(10,26.8359375,100.234375,NULL,0,0,51),(10,26.875,100.1953125,NULL,0,0,49),(10,26.9921875,100.1953125,NULL,0,0,44),(10,28.4375,98.7890625,NULL,0,0,117),(10,28.4375,100.3125,NULL,0,0,115),(10,30.1953125,120.1171875,NULL,0,0,28),(10,30.234375,120.0390625,NULL,0,0,27),(10,30.234375,120.1171875,NULL,0,0,39),(10,30.9375,120.859375,NULL,0,0,126),(10,31.1328125,121.40625,NULL,0,0,92),(10,31.171875,121.328125,NULL,1,1,2),(10,31.2109375,121.40625,NULL,0,0,83),(10,31.25,121.4453125,NULL,0,0,26),(10,31.2890625,121.5625,NULL,0,0,97),(10,34.8046875,116.3671875,NULL,0,0,105),(10,35.46875,108.4765625,NULL,0,0,135),(10,35.703125,109.296875,NULL,0,0,132),(10,36.1328125,110.4296875,NULL,0,0,124),(10,36.25,111.640625,NULL,0,0,125),(10,36.4453125,112.8125,NULL,0,0,130),(10,36.484375,117.3046875,NULL,0,0,107),(10,36.71875,117.0703125,NULL,1,1,99),(10,36.875,100.5078125,NULL,0,0,131),(10,36.9140625,120.703125,NULL,0,0,63),(10,37.2265625,79.84375,NULL,0,0,133),(10,38.125,118.046875,NULL,0,0,134),(10,38.59375,93.046875,NULL,0,0,127),(10,38.984375,113.59375,NULL,0,0,122),(10,39.2578125,97.6953125,NULL,0,0,109),(10,39.53125,113.1640625,NULL,0,0,121),(10,39.6484375,113.7109375,NULL,0,0,120),(10,39.6875,115.8984375,NULL,0,0,59),(10,39.8046875,115.5859375,NULL,0,0,62),(10,39.84375,115.5859375,NULL,0,0,55),(10,39.84375,115.625,NULL,0,0,54),(10,39.921875,116.484375,NULL,0,0,102),(10,39.9609375,115.703125,NULL,0,0,61),(10,40.078125,113.125,NULL,0,0,119),(10,40.1171875,90.5859375,NULL,0,0,128),(10,40.546875,116.6796875,NULL,0,0,64),(10,40.9765625,94.53125,NULL,0,0,136),(10,44.0625,86.328125,NULL,0,0,129),(10,44.4921875,128.828125,NULL,0,0,113),(11,22.51953125,113.92578125,NULL,0,0,4),(11,22.5390625,113.92578125,NULL,1,1,10),(11,22.5390625,114.0625,NULL,1,1,16),(11,22.578125,113.9453125,NULL,0,0,9),(11,22.6171875,113.80859375,NULL,0,0,20),(11,22.67578125,113.515625,NULL,0,0,90),(11,22.6953125,113.53515625,NULL,0,0,1),(11,22.98828125,113.26171875,NULL,0,0,25),(11,23.046875,113.28125,NULL,0,0,14),(11,23.61328125,102.8125,NULL,0,0,118),(11,25.44921875,98.75,NULL,0,0,108),(11,25.91796875,100.09765625,NULL,2,2,88),(11,26.85546875,100.21484375,NULL,0,0,50),(11,26.85546875,100.234375,NULL,0,0,51),(11,26.875,100.21484375,NULL,0,0,49),(11,27.01171875,100.1953125,NULL,0,0,44),(11,28.4375,100.33203125,NULL,0,0,115),(11,28.45703125,98.80859375,NULL,0,0,117),(11,30.1953125,120.1171875,NULL,0,0,28),(11,30.21484375,120.13671875,NULL,0,0,37),(11,30.234375,120.1171875,NULL,0,0,39),(11,30.234375,120.13671875,NULL,0,0,38),(11,30.25390625,120.05859375,NULL,0,0,27),(11,30.9375,120.87890625,NULL,0,0,126),(11,31.1328125,121.40625,NULL,0,0,92),(11,31.19140625,121.328125,NULL,1,1,2),(11,31.23046875,121.40625,NULL,0,0,83),(11,31.26953125,121.4453125,NULL,0,0,26),(11,31.26953125,121.46484375,NULL,0,0,81),(11,31.30859375,121.5625,NULL,0,0,97),(11,34.82421875,116.38671875,NULL,0,0,105),(11,35.46875,108.4765625,NULL,0,0,135),(11,35.72265625,109.31640625,NULL,0,0,132),(11,36.1328125,110.44921875,NULL,0,0,124),(11,36.25,111.66015625,NULL,0,0,125),(11,36.46484375,112.83203125,NULL,0,0,130),(11,36.484375,117.3046875,NULL,0,0,107),(11,36.71875,117.0703125,NULL,1,1,99),(11,36.875,100.5078125,NULL,0,0,131),(11,36.9140625,120.703125,NULL,0,0,63),(11,37.24609375,79.86328125,NULL,0,0,133),(11,38.14453125,118.046875,NULL,0,0,134),(11,38.61328125,93.06640625,NULL,0,0,127),(11,39.00390625,113.59375,NULL,0,0,122),(11,39.2578125,97.6953125,NULL,0,0,109),(11,39.55078125,113.18359375,NULL,0,0,121),(11,39.6484375,113.7109375,NULL,0,0,120),(11,39.6875,115.91796875,NULL,0,0,59),(11,39.82421875,115.5859375,NULL,0,0,62),(11,39.84375,115.60546875,NULL,0,0,55),(11,39.84375,115.64453125,NULL,0,0,54),(11,39.94140625,116.484375,NULL,0,0,102),(11,39.9609375,115.703125,NULL,0,0,61),(11,40.09765625,113.125,NULL,0,0,119),(11,40.1171875,90.5859375,NULL,0,0,128),(11,40.546875,116.6796875,NULL,0,0,64),(11,40.546875,116.69921875,NULL,0,0,66),(11,40.56640625,116.69921875,NULL,0,0,68),(11,40.9765625,94.53125,NULL,0,0,136),(11,44.0625,86.328125,NULL,0,0,129),(11,44.51171875,128.84765625,NULL,0,0,113),(12,22.529296875,113.92578125,NULL,0,0,4),(12,22.5390625,113.92578125,NULL,1,1,10),(12,22.5390625,113.935546875,NULL,0,0,19),(12,22.5390625,114.072265625,NULL,1,1,16),(12,22.578125,113.955078125,NULL,0,0,9),(12,22.6171875,113.80859375,NULL,0,0,20),(12,22.67578125,113.525390625,NULL,0,0,90),(12,22.6953125,113.544921875,NULL,0,0,1),(12,22.98828125,113.26171875,NULL,0,0,25),(12,23.056640625,113.291015625,NULL,0,0,14),(12,23.61328125,102.822265625,NULL,0,0,118),(12,25.458984375,98.759765625,NULL,0,0,108),(12,25.91796875,100.09765625,NULL,2,2,88),(12,25.91796875,100.107421875,NULL,0,0,82),(12,26.865234375,100.224609375,NULL,0,0,50),(12,26.865234375,100.234375,NULL,0,0,51),(12,26.875,100.224609375,NULL,0,0,49),(12,27.021484375,100.205078125,NULL,0,0,44),(12,28.447265625,100.33203125,NULL,0,0,115),(12,28.447265625,100.341796875,NULL,0,0,116),(12,28.45703125,98.818359375,NULL,0,0,117),(12,30.205078125,120.126953125,NULL,0,0,28),(12,30.224609375,120.13671875,NULL,0,0,37),(12,30.234375,120.13671875,NULL,0,0,38),(12,30.244140625,120.126953125,NULL,0,0,39),(12,30.244140625,120.13671875,NULL,0,0,41),(12,30.263671875,120.068359375,NULL,0,0,27),(12,30.9375,120.888671875,NULL,0,0,126),(12,31.1328125,121.40625,NULL,0,0,92),(12,31.19140625,121.328125,NULL,1,1,2),(12,31.23046875,121.40625,NULL,0,0,83),(12,31.26953125,121.4453125,NULL,0,0,91),(12,31.279296875,121.455078125,NULL,0,0,26),(12,31.279296875,121.46484375,NULL,0,0,81),(12,31.318359375,121.572265625,NULL,0,0,97),(12,34.833984375,116.396484375,NULL,0,0,105),(12,35.478515625,108.4765625,NULL,0,0,135),(12,35.732421875,109.326171875,NULL,0,0,132),(12,36.142578125,110.44921875,NULL,0,0,124),(12,36.259765625,111.669921875,NULL,0,0,125),(12,36.46484375,112.83203125,NULL,0,0,130),(12,36.484375,117.3046875,NULL,0,0,107),(12,36.71875,117.0703125,NULL,1,1,99),(12,36.884765625,100.5078125,NULL,0,0,131),(12,36.923828125,120.703125,NULL,0,0,63),(12,37.255859375,79.86328125,NULL,0,0,133),(12,38.14453125,118.046875,NULL,0,0,134),(12,38.623046875,93.076171875,NULL,0,0,127),(12,39.00390625,113.59375,NULL,0,0,122),(12,39.267578125,97.705078125,NULL,0,0,109),(12,39.560546875,113.18359375,NULL,0,0,121),(12,39.6484375,113.7109375,NULL,0,0,120),(12,39.6875,115.927734375,NULL,0,0,59),(12,39.82421875,115.595703125,NULL,0,0,62),(12,39.84375,115.64453125,NULL,0,0,54),(12,39.853515625,115.615234375,NULL,0,0,55),(12,39.94140625,116.494140625,NULL,0,0,102),(12,39.970703125,115.703125,NULL,0,0,61),(12,40.107421875,113.134765625,NULL,0,0,119),(12,40.126953125,90.5859375,NULL,0,0,128),(12,40.546875,116.689453125,NULL,0,0,64),(12,40.556640625,116.69921875,NULL,0,0,66),(12,40.56640625,116.69921875,NULL,0,0,68),(12,40.56640625,116.708984375,NULL,0,0,70),(12,40.9765625,94.541015625,NULL,0,0,136),(12,44.072265625,86.337890625,NULL,0,0,129),(12,44.521484375,128.84765625,NULL,0,0,113),(12,44.521484375,128.857421875,NULL,0,0,112),(13,22.529296875,113.92578125,NULL,0,0,4),(13,22.5341796875,113.92578125,NULL,0,0,12),(13,22.5390625,113.9306640625,NULL,1,1,10),(13,22.5390625,113.935546875,NULL,0,0,19),(13,22.5390625,114.072265625,NULL,1,1,16),(13,22.578125,113.9599609375,NULL,0,0,9),(13,22.6220703125,113.8134765625,NULL,0,0,20),(13,22.6806640625,113.525390625,NULL,0,0,90),(13,22.6806640625,113.5302734375,NULL,0,0,96),(13,22.7001953125,113.544921875,NULL,0,0,1),(13,22.98828125,113.2666015625,NULL,0,0,25),(13,23.0615234375,113.2958984375,NULL,0,0,14),(13,23.61328125,102.8271484375,NULL,0,0,118),(13,25.458984375,98.7646484375,NULL,0,0,108),(13,25.91796875,100.107421875,NULL,0,0,82),(13,25.9228515625,100.1025390625,NULL,2,2,88),(13,26.865234375,100.234375,NULL,0,0,51),(13,26.8701171875,100.2294921875,NULL,0,0,50),(13,26.8701171875,100.234375,NULL,0,0,46),(13,26.875,100.2294921875,NULL,0,0,49),(13,27.021484375,100.2099609375,NULL,0,0,44),(13,28.447265625,100.3466796875,NULL,0,0,116),(13,28.4521484375,100.3369140625,NULL,0,0,115),(13,28.45703125,98.818359375,NULL,0,0,117),(13,30.205078125,120.1318359375,NULL,0,0,28),(13,30.2294921875,120.1416015625,NULL,0,0,37),(13,30.234375,120.13671875,NULL,0,0,38),(13,30.2490234375,120.1318359375,NULL,0,0,39),(13,30.2490234375,120.13671875,NULL,0,0,41),(13,30.263671875,120.068359375,NULL,0,0,27),(13,30.263671875,120.0732421875,NULL,0,0,42),(13,30.2685546875,120.068359375,NULL,0,0,43),(13,30.2685546875,120.0732421875,NULL,0,0,32),(13,30.9375,120.888671875,NULL,0,0,126),(13,31.1376953125,121.40625,NULL,0,0,92),(13,31.19140625,121.328125,NULL,1,1,2),(13,31.2353515625,121.4111328125,NULL,0,0,83),(13,31.26953125,121.4501953125,NULL,0,0,91),(13,31.279296875,121.4599609375,NULL,0,0,26),(13,31.279296875,121.46484375,NULL,0,0,81),(13,31.3232421875,121.572265625,NULL,0,0,97),(13,34.833984375,116.396484375,NULL,0,0,105),(13,35.4833984375,108.4814453125,NULL,0,0,135),(13,35.7373046875,109.326171875,NULL,0,0,132),(13,36.142578125,110.44921875,NULL,0,0,124),(13,36.2646484375,111.6748046875,NULL,0,0,125),(13,36.4697265625,112.8369140625,NULL,0,0,130),(13,36.484375,117.3095703125,NULL,0,0,107),(13,36.71875,117.0703125,NULL,1,1,99),(13,36.884765625,100.5126953125,NULL,0,0,131),(13,36.923828125,120.7080078125,NULL,0,0,63),(13,37.2607421875,79.86328125,NULL,0,0,133),(13,38.1494140625,118.0517578125,NULL,0,0,134),(13,38.6279296875,93.0810546875,NULL,0,0,127),(13,39.00390625,113.59375,NULL,0,0,122),(13,39.2724609375,97.7099609375,NULL,0,0,109),(13,39.5654296875,113.1884765625,NULL,0,0,121),(13,39.6533203125,113.7109375,NULL,0,0,120),(13,39.6875,115.9326171875,NULL,0,0,59),(13,39.82421875,115.6005859375,NULL,0,0,62),(13,39.84375,115.64453125,NULL,0,0,54),(13,39.853515625,115.6201171875,NULL,0,0,55),(13,39.8583984375,115.6201171875,NULL,0,0,53),(13,39.94140625,116.494140625,NULL,0,0,102),(13,39.9755859375,115.703125,NULL,0,0,61),(13,40.1123046875,113.134765625,NULL,0,0,119),(13,40.126953125,90.5859375,NULL,0,0,128),(13,40.5517578125,116.689453125,NULL,0,0,64),(13,40.556640625,116.69921875,NULL,0,0,66),(13,40.556640625,116.7041015625,NULL,0,0,69),(13,40.5615234375,116.69921875,NULL,0,0,67),(13,40.5712890625,116.69921875,NULL,0,0,68),(13,40.5712890625,116.708984375,NULL,0,0,70),(13,40.9765625,94.5458984375,NULL,0,0,136),(13,44.072265625,86.3427734375,NULL,0,0,129),(13,44.521484375,128.84765625,NULL,0,0,113),(13,44.521484375,128.857421875,NULL,0,0,112),(13,44.5263671875,128.84765625,NULL,0,0,114),(13,44.5263671875,128.8525390625,NULL,0,0,110),(14,22.53173828125,113.92822265625,NULL,0,0,4),(14,22.5341796875,113.92578125,NULL,0,0,12),(14,22.5390625,113.93310546875,NULL,1,1,10),(14,22.5390625,113.93798828125,NULL,0,0,19),(14,22.54150390625,114.07470703125,NULL,1,1,16),(14,22.58056640625,113.96240234375,NULL,0,0,9),(14,22.6220703125,113.8134765625,NULL,0,0,20),(14,22.6806640625,113.5302734375,NULL,0,0,96),(14,22.68310546875,113.52783203125,NULL,0,0,90),(14,22.7001953125,113.544921875,NULL,0,0,1),(14,22.98828125,113.26904296875,NULL,0,0,25),(14,23.06396484375,113.29833984375,NULL,0,0,14),(14,23.61572265625,102.82958984375,NULL,0,0,118),(14,25.46142578125,98.7646484375,NULL,0,0,108),(14,25.92041015625,100.107421875,NULL,0,0,82),(14,25.9228515625,100.10498046875,NULL,2,2,88),(14,26.86767578125,100.234375,NULL,0,0,51),(14,26.8701171875,100.23193359375,NULL,0,0,50),(14,26.87255859375,100.23193359375,NULL,0,0,48),(14,26.87255859375,100.234375,NULL,0,0,46),(14,26.875,100.23193359375,NULL,0,0,49),(14,27.021484375,100.21240234375,NULL,0,0,44),(14,28.447265625,100.34912109375,NULL,0,0,116),(14,28.45458984375,100.3369140625,NULL,0,0,115),(14,28.45947265625,98.82080078125,NULL,0,0,117),(14,30.20751953125,120.1318359375,NULL,0,0,28),(14,30.2294921875,120.1416015625,NULL,0,0,37),(14,30.23681640625,120.13916015625,NULL,0,0,38),(14,30.2490234375,120.13427734375,NULL,0,0,39),(14,30.25146484375,120.13671875,NULL,0,0,41),(14,30.263671875,120.0732421875,NULL,0,0,42),(14,30.26611328125,120.07080078125,NULL,0,0,27),(14,30.26611328125,120.0732421875,NULL,0,0,29),(14,30.27099609375,120.068359375,NULL,0,0,43),(14,30.27099609375,120.0732421875,NULL,0,0,32),(14,30.93994140625,120.888671875,NULL,0,0,126),(14,31.14013671875,121.40869140625,NULL,0,0,92),(14,31.19140625,121.328125,NULL,1,1,2),(14,31.23779296875,121.41357421875,NULL,0,0,83),(14,31.27197265625,121.45263671875,NULL,0,0,91),(14,31.279296875,121.46240234375,NULL,0,0,26),(14,31.279296875,121.46484375,NULL,0,0,81),(14,31.3232421875,121.572265625,NULL,0,0,97),(14,31.3232421875,121.57470703125,NULL,0,0,98),(14,34.833984375,116.396484375,NULL,0,0,105),(14,35.4833984375,108.48388671875,NULL,0,0,135),(14,35.73974609375,109.326171875,NULL,0,0,132),(14,36.14501953125,110.44921875,NULL,0,0,124),(14,36.26708984375,111.6748046875,NULL,0,0,125),(14,36.47216796875,112.83935546875,NULL,0,0,130),(14,36.484375,117.31201171875,NULL,0,0,107),(14,36.72119140625,117.0703125,NULL,1,1,99),(14,36.88720703125,100.51513671875,NULL,0,0,131),(14,36.92626953125,120.7080078125,NULL,0,0,63),(14,37.26318359375,79.86328125,NULL,0,0,133),(14,38.1494140625,118.05419921875,NULL,0,0,134),(14,38.63037109375,93.08349609375,NULL,0,0,127),(14,39.00634765625,113.59375,NULL,0,0,122),(14,39.27490234375,97.7099609375,NULL,0,0,109),(14,39.5654296875,113.1884765625,NULL,0,0,121),(14,39.65576171875,113.71337890625,NULL,0,0,120),(14,39.6875,115.9326171875,NULL,0,0,59),(14,39.6875,115.93505859375,NULL,0,0,60),(14,39.68994140625,115.9326171875,NULL,0,0,58),(14,39.82666015625,115.6005859375,NULL,0,0,62),(14,39.84375,115.64453125,NULL,0,0,54),(14,39.853515625,115.6201171875,NULL,0,0,55),(14,39.8583984375,115.6201171875,NULL,0,0,53),(14,39.94140625,116.49658203125,NULL,0,0,102),(14,39.9755859375,115.703125,NULL,0,0,61),(14,40.1123046875,113.134765625,NULL,0,0,119),(14,40.126953125,90.5859375,NULL,0,0,128),(14,40.5517578125,116.69189453125,NULL,0,0,64),(14,40.55908203125,116.70166015625,NULL,0,0,66),(14,40.55908203125,116.7041015625,NULL,0,0,69),(14,40.5615234375,116.69921875,NULL,0,0,67),(14,40.5615234375,116.70166015625,NULL,0,0,65),(14,40.5712890625,116.70166015625,NULL,0,0,68),(14,40.57373046875,116.708984375,NULL,0,0,70),(14,40.97900390625,94.54833984375,NULL,0,0,136),(14,44.07470703125,86.34521484375,NULL,0,0,129),(14,44.52392578125,128.85009765625,NULL,0,0,113),(14,44.52392578125,128.857421875,NULL,0,0,112),(14,44.5263671875,128.84765625,NULL,0,0,114),(14,44.5263671875,128.8525390625,NULL,0,0,110),(14,44.52880859375,128.8525390625,NULL,0,0,111),(15,22.53173828125,113.92822265625,NULL,0,0,4),(15,22.535400390625,113.927001953125,NULL,0,0,12),(15,22.5390625,113.93798828125,NULL,0,0,19),(15,22.540283203125,113.93310546875,NULL,0,0,8),(15,22.540283203125,113.934326171875,NULL,1,1,10),(15,22.542724609375,114.07470703125,NULL,1,1,16),(15,22.581787109375,113.963623046875,NULL,0,0,9),(15,22.623291015625,113.8134765625,NULL,0,0,20),(15,22.6806640625,113.5302734375,NULL,0,0,96),(15,22.684326171875,113.52783203125,NULL,0,0,90),(15,22.701416015625,113.544921875,NULL,0,0,1),(15,22.98828125,113.26904296875,NULL,0,0,25),(15,22.98828125,113.270263671875,NULL,0,0,23),(15,22.989501953125,113.270263671875,NULL,0,0,24),(15,23.06396484375,113.299560546875,NULL,0,0,14),(15,23.61572265625,102.830810546875,NULL,0,0,118),(15,25.46142578125,98.7646484375,NULL,0,0,108),(15,25.92041015625,100.107421875,NULL,0,0,82),(15,25.9228515625,100.106201171875,NULL,2,2,88),(15,26.868896484375,100.234375,NULL,0,0,51),(15,26.8701171875,100.23193359375,NULL,0,0,50),(15,26.87255859375,100.235595703125,NULL,0,0,46),(15,26.873779296875,100.233154296875,NULL,0,0,48),(15,26.875,100.23193359375,NULL,0,0,49),(15,27.022705078125,100.21240234375,NULL,0,0,44),(15,28.447265625,100.350341796875,NULL,0,0,116),(15,28.455810546875,100.338134765625,NULL,0,0,115),(15,28.460693359375,98.82080078125,NULL,0,0,117),(15,30.208740234375,120.133056640625,NULL,0,0,28),(15,30.2294921875,120.142822265625,NULL,0,0,37),(15,30.238037109375,120.13916015625,NULL,0,0,38),(15,30.250244140625,120.135498046875,NULL,0,0,39),(15,30.25146484375,120.13671875,NULL,0,0,41),(15,30.25146484375,120.137939453125,NULL,0,0,35),(15,30.264892578125,120.074462890625,NULL,0,0,42),(15,30.267333984375,120.072021484375,NULL,0,0,27),(15,30.267333984375,120.074462890625,NULL,0,0,29),(15,30.272216796875,120.069580078125,NULL,0,0,43),(15,30.272216796875,120.0732421875,NULL,0,0,32),(15,30.941162109375,120.888671875,NULL,0,0,126),(15,31.14013671875,121.409912109375,NULL,0,0,92),(15,31.19140625,121.328125,NULL,1,1,2),(15,31.23779296875,121.414794921875,NULL,0,0,83),(15,31.273193359375,121.45263671875,NULL,0,0,91),(15,31.279296875,121.466064453125,NULL,0,0,81),(15,31.280517578125,121.463623046875,NULL,0,0,26),(15,31.3232421875,121.57470703125,NULL,0,0,98),(15,31.324462890625,121.573486328125,NULL,0,0,97),(15,34.835205078125,116.396484375,NULL,0,0,105),(15,35.4833984375,108.485107421875,NULL,0,0,135),(15,35.73974609375,109.327392578125,NULL,0,0,132),(15,36.146240234375,110.450439453125,NULL,0,0,124),(15,36.268310546875,111.676025390625,NULL,0,0,125),(15,36.473388671875,112.83935546875,NULL,0,0,130),(15,36.485595703125,117.31201171875,NULL,0,0,107),(15,36.485595703125,117.313232421875,NULL,0,0,106),(15,36.72119140625,117.0703125,NULL,1,1,99),(15,36.88720703125,100.51513671875,NULL,0,0,131),(15,36.92626953125,120.709228515625,NULL,0,0,63),(15,37.264404296875,79.864501953125,NULL,0,0,133),(15,38.1494140625,118.05419921875,NULL,0,0,134),(15,38.631591796875,93.08349609375,NULL,0,0,127),(15,39.007568359375,113.594970703125,NULL,0,0,122),(15,39.276123046875,97.711181640625,NULL,0,0,109),(15,39.566650390625,113.189697265625,NULL,0,0,121),(15,39.656982421875,113.714599609375,NULL,0,0,120),(15,39.6875,115.936279296875,NULL,0,0,60),(15,39.688720703125,115.9326171875,NULL,0,0,59),(15,39.68994140625,115.9326171875,NULL,0,0,58),(15,39.82666015625,115.601806640625,NULL,0,0,62),(15,39.844970703125,115.64453125,NULL,0,0,54),(15,39.844970703125,115.645751953125,NULL,0,0,52),(15,39.853515625,115.621337890625,NULL,0,0,55),(15,39.8583984375,115.6201171875,NULL,0,0,53),(15,39.94140625,116.49658203125,NULL,0,0,102),(15,39.976806640625,115.704345703125,NULL,0,0,61),(15,40.1123046875,113.134765625,NULL,0,0,119),(15,40.128173828125,90.587158203125,NULL,0,0,128),(15,40.552978515625,116.693115234375,NULL,0,0,64),(15,40.55908203125,116.70166015625,NULL,0,0,66),(15,40.560302734375,116.7041015625,NULL,0,0,69),(15,40.5615234375,116.702880859375,NULL,0,0,65),(15,40.562744140625,116.700439453125,NULL,0,0,67),(15,40.5712890625,116.702880859375,NULL,0,0,68),(15,40.574951171875,116.708984375,NULL,0,0,70),(15,40.97900390625,94.54833984375,NULL,0,0,136),(15,44.07470703125,86.346435546875,NULL,0,0,129),(15,44.52392578125,128.85009765625,NULL,0,0,113),(15,44.525146484375,128.858642578125,NULL,0,0,112),(15,44.5263671875,128.84765625,NULL,0,0,114),(15,44.5263671875,128.8525390625,NULL,0,0,110),(15,44.52880859375,128.853759765625,NULL,0,0,111),(16,22.5323486328125,113.92822265625,NULL,0,0,4),(16,22.535400390625,113.927001953125,NULL,0,0,12),(16,22.5396728515625,113.9385986328125,NULL,0,0,19),(16,22.540283203125,113.93310546875,NULL,0,0,8),(16,22.540283203125,113.934326171875,NULL,1,1,10),(16,22.540283203125,113.9349365234375,NULL,0,0,6),(16,22.5433349609375,114.0753173828125,NULL,1,1,16),(16,22.581787109375,113.963623046875,NULL,0,0,9),(16,22.623291015625,113.8134765625,NULL,0,0,20),(16,22.6239013671875,113.8134765625,NULL,0,0,21),(16,22.6806640625,113.5302734375,NULL,0,0,96),(16,22.6806640625,113.5308837890625,NULL,0,0,95),(16,22.6849365234375,113.5284423828125,NULL,0,0,90),(16,22.701416015625,113.544921875,NULL,0,0,1),(16,22.98828125,113.26904296875,NULL,0,0,25),(16,22.98828125,113.2696533203125,NULL,0,0,13),(16,22.9888916015625,113.2696533203125,NULL,0,0,3),(16,22.9888916015625,113.270263671875,NULL,0,0,23),(16,22.989501953125,113.2708740234375,NULL,0,0,24),(16,23.06396484375,113.299560546875,NULL,0,0,14),(16,23.6163330078125,102.830810546875,NULL,0,0,118),(16,25.4620361328125,98.7646484375,NULL,0,0,108),(16,25.92041015625,100.1080322265625,NULL,0,0,82),(16,25.9234619140625,100.106201171875,NULL,2,2,88),(16,26.868896484375,100.2349853515625,NULL,0,0,51),(16,26.8707275390625,100.23193359375,NULL,0,0,50),(16,26.87255859375,100.2362060546875,NULL,0,0,46),(16,26.8743896484375,100.233154296875,NULL,0,0,48),(16,26.875,100.2325439453125,NULL,0,0,49),(16,27.022705078125,100.2130126953125,NULL,0,0,44),(16,28.447265625,100.3509521484375,NULL,0,0,116),(16,28.455810546875,100.3387451171875,NULL,0,0,115),(16,28.4613037109375,98.8214111328125,NULL,0,0,117),(16,30.2093505859375,120.1336669921875,NULL,0,0,28),(16,30.2301025390625,120.142822265625,NULL,0,0,37),(16,30.238037109375,120.1397705078125,NULL,0,0,38),(16,30.250244140625,120.135498046875,NULL,0,0,39),(16,30.25146484375,120.1373291015625,NULL,0,0,41),(16,30.25146484375,120.137939453125,NULL,0,0,35),(16,30.264892578125,120.0750732421875,NULL,0,0,42),(16,30.2679443359375,120.0726318359375,NULL,0,0,27),(16,30.2679443359375,120.074462890625,NULL,0,0,29),(16,30.272216796875,120.0701904296875,NULL,0,0,43),(16,30.2728271484375,120.0738525390625,NULL,0,0,32),(16,30.941162109375,120.888671875,NULL,0,0,126),(16,31.1407470703125,121.4105224609375,NULL,0,0,92),(16,31.1920166015625,121.328125,NULL,1,1,2),(16,31.2384033203125,121.4154052734375,NULL,0,0,83),(16,31.2738037109375,121.45263671875,NULL,0,0,91),(16,31.2799072265625,121.466064453125,NULL,0,0,81),(16,31.2811279296875,121.4642333984375,NULL,0,0,26),(16,31.3238525390625,121.5753173828125,NULL,0,0,98),(16,31.3250732421875,121.5740966796875,NULL,0,0,97),(16,34.8358154296875,116.396484375,NULL,0,0,105),(16,35.4840087890625,108.4857177734375,NULL,0,0,135),(16,35.7403564453125,109.327392578125,NULL,0,0,132),(16,36.1468505859375,110.450439453125,NULL,0,0,124),(16,36.2689208984375,111.676025390625,NULL,0,0,125),(16,36.4739990234375,112.8399658203125,NULL,0,0,130),(16,36.4862060546875,117.3126220703125,NULL,0,0,107),(16,36.4862060546875,117.313232421875,NULL,0,0,106),(16,36.72119140625,117.0703125,NULL,1,1,99),(16,36.8878173828125,100.5157470703125,NULL,0,0,131),(16,36.9268798828125,120.7098388671875,NULL,0,0,63),(16,37.2650146484375,79.864501953125,NULL,0,0,133),(16,38.1500244140625,118.05419921875,NULL,0,0,134),(16,38.631591796875,93.0841064453125,NULL,0,0,127),(16,39.007568359375,113.5955810546875,NULL,0,0,122),(16,39.276123046875,97.711181640625,NULL,0,0,109),(16,39.5672607421875,113.1903076171875,NULL,0,0,121),(16,39.656982421875,113.7152099609375,NULL,0,0,120),(16,39.6881103515625,115.936279296875,NULL,0,0,60),(16,39.6893310546875,115.9332275390625,NULL,0,0,59),(16,39.68994140625,115.9326171875,NULL,0,0,58),(16,39.82666015625,115.6024169921875,NULL,0,0,62),(16,39.844970703125,115.6451416015625,NULL,0,0,54),(16,39.844970703125,115.645751953125,NULL,0,0,52),(16,39.8455810546875,115.6451416015625,NULL,0,0,56),(16,39.8541259765625,115.621337890625,NULL,0,0,55),(16,39.8590087890625,115.6201171875,NULL,0,0,53),(16,39.9420166015625,116.49658203125,NULL,0,0,102),(16,39.9774169921875,115.704345703125,NULL,0,0,61),(16,40.1123046875,113.134765625,NULL,0,0,119),(16,40.128173828125,90.5877685546875,NULL,0,0,128),(16,40.5535888671875,116.6937255859375,NULL,0,0,64),(16,40.5596923828125,116.70166015625,NULL,0,0,66),(16,40.560302734375,116.7041015625,NULL,0,0,69),(16,40.5621337890625,116.7034912109375,NULL,0,0,65),(16,40.562744140625,116.7010498046875,NULL,0,0,67),(16,40.5718994140625,116.7034912109375,NULL,0,0,68),(16,40.5755615234375,116.7095947265625,NULL,0,0,70),(16,40.9796142578125,94.54833984375,NULL,0,0,136),(16,44.0753173828125,86.3470458984375,NULL,0,0,129),(16,44.5245361328125,128.85009765625,NULL,0,0,113),(16,44.5257568359375,128.858642578125,NULL,0,0,112),(16,44.5263671875,128.8525390625,NULL,0,0,110),(16,44.5269775390625,128.8482666015625,NULL,0,0,114),(16,44.5294189453125,128.853759765625,NULL,0,0,111),(17,22.5323486328125,113.92852783203125,NULL,0,0,4),(17,22.53570556640625,113.92730712890625,NULL,0,0,12),(17,22.5396728515625,113.93890380859375,NULL,0,0,19),(17,22.540283203125,113.93310546875,NULL,0,0,8),(17,22.540283203125,113.9349365234375,NULL,0,0,6),(17,22.54058837890625,113.934326171875,NULL,1,1,10),(17,22.54058837890625,113.93524169921875,NULL,0,0,11),(17,22.54364013671875,114.0753173828125,NULL,1,1,16),(17,22.58209228515625,113.96392822265625,NULL,0,0,9),(17,22.62359619140625,113.8134765625,NULL,0,0,20),(17,22.6239013671875,113.8134765625,NULL,0,0,21),(17,22.68096923828125,113.53057861328125,NULL,0,0,96),(17,22.68096923828125,113.5308837890625,NULL,0,0,95),(17,22.6849365234375,113.5284423828125,NULL,0,0,90),(17,22.701416015625,113.54522705078125,NULL,0,0,1),(17,22.98828125,113.26995849609375,NULL,0,0,13),(17,22.98858642578125,113.26904296875,NULL,0,0,25),(17,22.98919677734375,113.26995849609375,NULL,0,0,3),(17,22.98919677734375,113.270263671875,NULL,0,0,23),(17,22.989501953125,113.2708740234375,NULL,0,0,24),(17,23.06427001953125,113.29986572265625,NULL,0,0,14),(17,23.6163330078125,102.83111572265625,NULL,0,0,118),(17,25.46234130859375,98.7646484375,NULL,0,0,108),(17,25.92071533203125,100.1080322265625,NULL,0,0,82),(17,25.9234619140625,100.10650634765625,NULL,2,2,88),(17,26.868896484375,100.2349853515625,NULL,0,0,51),(17,26.87103271484375,100.23223876953125,NULL,0,0,50),(17,26.87255859375,100.23651123046875,NULL,0,0,46),(17,26.87469482421875,100.233154296875,NULL,0,0,48),(17,26.875,100.2325439453125,NULL,0,0,49),(17,27.02301025390625,100.2130126953125,NULL,0,0,44),(17,28.44757080078125,100.35125732421875,NULL,0,0,116),(17,28.455810546875,100.33905029296875,NULL,0,0,115),(17,28.4613037109375,98.82171630859375,NULL,0,0,117),(17,30.2093505859375,120.1336669921875,NULL,0,0,28),(17,30.20965576171875,120.13397216796875,NULL,0,0,31),(17,30.23040771484375,120.14312744140625,NULL,0,0,37),(17,30.238037109375,120.14007568359375,NULL,0,0,38),(17,30.25054931640625,120.13580322265625,NULL,0,0,39),(17,30.25177001953125,120.13763427734375,NULL,0,0,41),(17,30.25177001953125,120.13824462890625,NULL,0,0,35),(17,30.264892578125,120.0750732421875,NULL,0,0,42),(17,30.2679443359375,120.074462890625,NULL,0,0,29),(17,30.26824951171875,120.07293701171875,NULL,0,0,27),(17,30.272216796875,120.0701904296875,NULL,0,0,43),(17,30.2728271484375,120.07415771484375,NULL,0,0,32),(17,30.941162109375,120.88897705078125,NULL,0,0,126),(17,31.1407470703125,121.4105224609375,NULL,0,0,92),(17,31.1920166015625,121.328125,NULL,1,1,2),(17,31.2384033203125,121.41571044921875,NULL,0,0,83),(17,31.27410888671875,121.45263671875,NULL,0,0,91),(17,31.2799072265625,121.46636962890625,NULL,0,0,81),(17,31.2811279296875,121.4642333984375,NULL,0,0,26),(17,31.32415771484375,121.5753173828125,NULL,0,0,98),(17,31.32537841796875,121.57440185546875,NULL,0,0,97),(17,34.83612060546875,116.39678955078125,NULL,0,0,105),(17,35.4840087890625,108.4857177734375,NULL,0,0,135),(17,35.74066162109375,109.32769775390625,NULL,0,0,132),(17,36.1468505859375,110.450439453125,NULL,0,0,124),(17,36.2689208984375,111.67633056640625,NULL,0,0,125),(17,36.47430419921875,112.84027099609375,NULL,0,0,130),(17,36.48651123046875,117.31292724609375,NULL,0,0,107),(17,36.48651123046875,117.313232421875,NULL,0,0,106),(17,36.72119140625,117.0703125,NULL,1,1,99),(17,36.88812255859375,100.51605224609375,NULL,0,0,131),(17,36.92718505859375,120.71014404296875,NULL,0,0,63),(17,37.2650146484375,79.86480712890625,NULL,0,0,133),(17,38.15032958984375,118.05450439453125,NULL,0,0,134),(17,38.631591796875,93.08441162109375,NULL,0,0,127),(17,39.007568359375,113.59588623046875,NULL,0,0,122),(17,39.27642822265625,97.711181640625,NULL,0,0,109),(17,39.5672607421875,113.19061279296875,NULL,0,0,121),(17,39.656982421875,113.7152099609375,NULL,0,0,120),(17,39.68841552734375,115.93658447265625,NULL,0,0,60),(17,39.68963623046875,115.9332275390625,NULL,0,0,59),(17,39.69024658203125,115.93292236328125,NULL,0,0,58),(17,39.82696533203125,115.6024169921875,NULL,0,0,62),(17,39.844970703125,115.64605712890625,NULL,0,0,52),(17,39.84527587890625,115.64544677734375,NULL,0,0,54),(17,39.84588623046875,115.64544677734375,NULL,0,0,56),(17,39.8541259765625,115.62164306640625,NULL,0,0,55),(17,39.85931396484375,115.62042236328125,NULL,0,0,53),(17,39.9420166015625,116.49658203125,NULL,0,0,102),(17,39.97772216796875,115.70465087890625,NULL,0,0,61),(17,40.1123046875,113.134765625,NULL,0,0,119),(17,40.12847900390625,90.5877685546875,NULL,0,0,128),(17,40.55389404296875,116.69403076171875,NULL,0,0,64),(17,40.55999755859375,116.70166015625,NULL,0,0,66),(17,40.560302734375,116.70440673828125,NULL,0,0,69),(17,40.5621337890625,116.7034912109375,NULL,0,0,65),(17,40.56304931640625,116.7010498046875,NULL,0,0,67),(17,40.5718994140625,116.70379638671875,NULL,0,0,68),(17,40.5755615234375,116.70989990234375,NULL,0,0,70),(17,40.9796142578125,94.54833984375,NULL,0,0,136),(17,44.07562255859375,86.3470458984375,NULL,0,0,129),(17,44.52484130859375,128.85040283203125,NULL,0,0,113),(17,44.52606201171875,128.85894775390625,NULL,0,0,112),(17,44.5263671875,128.8525390625,NULL,0,0,110),(17,44.52728271484375,128.84857177734375,NULL,0,0,114),(17,44.5294189453125,128.853759765625,NULL,0,0,111),(18,22.532501220703125,113.92852783203125,NULL,0,0,4),(18,22.53570556640625,113.92745971679688,NULL,0,0,12),(18,22.5396728515625,113.93890380859375,NULL,0,0,19),(18,22.5396728515625,113.93905639648438,NULL,0,0,17),(18,22.540435791015625,113.93325805664062,NULL,0,0,8),(18,22.540435791015625,113.9349365234375,NULL,0,0,6),(18,22.54058837890625,113.934326171875,NULL,1,1,10),(18,22.540740966796875,113.93539428710938,NULL,0,0,11),(18,22.54364013671875,114.0753173828125,NULL,1,1,16),(18,22.582244873046875,113.96408081054688,NULL,0,0,9),(18,22.62359619140625,113.8134765625,NULL,0,0,20),(18,22.6239013671875,113.81362915039062,NULL,0,0,21),(18,22.68096923828125,113.53073120117188,NULL,0,0,96),(18,22.68096923828125,113.5308837890625,NULL,0,0,95),(18,22.681121826171875,113.5308837890625,NULL,0,0,93),(18,22.685089111328125,113.52859497070312,NULL,0,0,90),(18,22.701416015625,113.54522705078125,NULL,0,0,1),(18,22.988433837890625,113.27011108398438,NULL,0,0,13),(18,22.98858642578125,113.26919555664062,NULL,0,0,25),(18,22.98919677734375,113.27011108398438,NULL,0,0,3),(18,22.98919677734375,113.270263671875,NULL,0,0,23),(18,22.989501953125,113.2708740234375,NULL,0,0,24),(18,23.064422607421875,113.29986572265625,NULL,0,0,14),(18,23.616485595703125,102.83126831054688,NULL,0,0,118),(18,25.46234130859375,98.76480102539062,NULL,0,0,108),(18,25.920867919921875,100.10818481445312,NULL,0,0,82),(18,25.9234619140625,100.10650634765625,NULL,2,2,88),(18,26.869049072265625,100.2349853515625,NULL,0,0,51),(18,26.87103271484375,100.23223876953125,NULL,0,0,50),(18,26.871185302734375,100.23223876953125,NULL,0,0,47),(18,26.872711181640625,100.23651123046875,NULL,0,0,46),(18,26.872711181640625,100.23666381835938,NULL,0,0,45),(18,26.874847412109375,100.23330688476562,NULL,0,0,48),(18,26.875152587890625,100.2325439453125,NULL,0,0,49),(18,27.023162841796875,100.2130126953125,NULL,0,0,44),(18,28.44757080078125,100.35140991210938,NULL,0,0,116),(18,28.455963134765625,100.33905029296875,NULL,0,0,115),(18,28.4613037109375,98.82186889648438,NULL,0,0,117),(18,30.209503173828125,120.13381958007812,NULL,0,0,28),(18,30.20965576171875,120.13412475585938,NULL,0,0,31),(18,30.230560302734375,120.14328002929688,NULL,0,0,37),(18,30.238037109375,120.14007568359375,NULL,0,0,38),(18,30.25054931640625,120.13595581054688,NULL,0,0,39),(18,30.25177001953125,120.13763427734375,NULL,0,0,41),(18,30.251922607421875,120.13839721679688,NULL,0,0,35),(18,30.264892578125,120.0750732421875,NULL,0,0,42),(18,30.268096923828125,120.074462890625,NULL,0,0,29),(18,30.268402099609375,120.07308959960938,NULL,0,0,27),(18,30.272369384765625,120.0701904296875,NULL,0,0,43),(18,30.2728271484375,120.07415771484375,NULL,0,0,32),(18,30.941314697265625,120.88897705078125,NULL,0,0,126),(18,31.1407470703125,121.4105224609375,NULL,0,0,92),(18,31.1920166015625,121.32827758789062,NULL,1,1,2),(18,31.2384033203125,121.41586303710938,NULL,0,0,83),(18,31.27410888671875,121.45263671875,NULL,0,0,91),(18,31.280059814453125,121.46636962890625,NULL,0,0,81),(18,31.2811279296875,121.4642333984375,NULL,0,0,26),(18,31.324310302734375,121.5753173828125,NULL,0,0,98),(18,31.32537841796875,121.57455444335938,NULL,0,0,97),(18,34.836273193359375,116.39678955078125,NULL,0,0,105),(18,35.4840087890625,108.4857177734375,NULL,0,0,135),(18,35.740814208984375,109.32769775390625,NULL,0,0,132),(18,36.147003173828125,110.45059204101562,NULL,0,0,124),(18,36.2689208984375,111.67648315429688,NULL,0,0,125),(18,36.47430419921875,112.84042358398438,NULL,0,0,130),(18,36.48651123046875,117.31307983398438,NULL,0,0,107),(18,36.486663818359375,117.31338500976562,NULL,0,0,106),(18,36.72119140625,117.0703125,NULL,1,1,99),(18,36.888275146484375,100.51620483398438,NULL,0,0,131),(18,36.927337646484375,120.71014404296875,NULL,0,0,63),(18,37.265167236328125,79.86495971679688,NULL,0,0,133),(18,38.150482177734375,118.05450439453125,NULL,0,0,134),(18,38.631744384765625,93.08441162109375,NULL,0,0,127),(18,39.007568359375,113.59588623046875,NULL,0,0,122),(18,39.27642822265625,97.711181640625,NULL,0,0,109),(18,39.567413330078125,113.19061279296875,NULL,0,0,121),(18,39.657135009765625,113.71536254882812,NULL,0,0,120),(18,39.688568115234375,115.93673706054688,NULL,0,0,60),(18,39.689788818359375,115.9332275390625,NULL,0,0,59),(18,39.69024658203125,115.93292236328125,NULL,0,0,58),(18,39.82696533203125,115.60256958007812,NULL,0,0,62),(18,39.845123291015625,115.64605712890625,NULL,0,0,52),(18,39.84527587890625,115.64559936523438,NULL,0,0,54),(18,39.846038818359375,115.64544677734375,NULL,0,0,56),(18,39.854278564453125,115.62179565429688,NULL,0,0,55),(18,39.859466552734375,115.62057495117188,NULL,0,0,53),(18,39.942169189453125,116.49658203125,NULL,0,0,102),(18,39.977874755859375,115.70465087890625,NULL,0,0,61),(18,40.112457275390625,113.13491821289062,NULL,0,0,119),(18,40.12847900390625,90.5877685546875,NULL,0,0,128),(18,40.554046630859375,116.69418334960938,NULL,0,0,64),(18,40.560150146484375,116.70181274414062,NULL,0,0,66),(18,40.560455322265625,116.70440673828125,NULL,0,0,69),(18,40.5621337890625,116.70364379882812,NULL,0,0,65),(18,40.563201904296875,116.70120239257812,NULL,0,0,67),(18,40.572052001953125,116.70379638671875,NULL,0,0,68),(18,40.5755615234375,116.70989990234375,NULL,0,0,70),(18,40.979766845703125,94.54833984375,NULL,0,0,136),(18,44.07562255859375,86.3470458984375,NULL,0,0,129),(18,44.52484130859375,128.85040283203125,NULL,0,0,113),(18,44.52606201171875,128.85894775390625,NULL,0,0,112),(18,44.5263671875,128.85269165039062,NULL,0,0,110),(18,44.527435302734375,128.84872436523438,NULL,0,0,114),(18,44.5294189453125,128.85391235351562,NULL,0,0,111),(19,22.532501220703125,113.92852783203125,NULL,0,0,4),(19,22.53570556640625,113.92753601074219,NULL,0,0,12),(19,22.535781860351562,113.92745971679688,NULL,0,0,22),(19,22.5396728515625,113.93898010253906,NULL,0,0,19),(19,22.5396728515625,113.93905639648438,NULL,0,0,17),(19,22.540435791015625,113.93333435058594,NULL,0,0,8),(19,22.540435791015625,113.93501281738281,NULL,0,0,6),(19,22.54058837890625,113.93440246582031,NULL,1,1,10),(19,22.540817260742188,113.93539428710938,NULL,0,0,11),(19,22.543716430664062,114.07539367675781,NULL,1,1,16),(19,22.582321166992188,113.96408081054688,NULL,0,0,9),(19,22.623672485351562,113.8134765625,NULL,0,0,20),(19,22.623977661132812,113.81362915039062,NULL,0,0,21),(19,22.681045532226562,113.53080749511719,NULL,0,0,96),(19,22.681045532226562,113.5308837890625,NULL,0,0,95),(19,22.681045532226562,113.53096008300781,NULL,0,0,89),(19,22.681121826171875,113.5308837890625,NULL,0,0,93),(19,22.685089111328125,113.52867126464844,NULL,0,0,90),(19,22.701416015625,113.54522705078125,NULL,0,0,1),(19,22.988433837890625,113.27011108398438,NULL,0,0,13),(19,22.988662719726562,113.26927185058594,NULL,0,0,25),(19,22.98919677734375,113.27018737792969,NULL,0,0,3),(19,22.989273071289062,113.270263671875,NULL,0,0,23),(19,22.989501953125,113.27095031738281,NULL,0,0,24),(19,23.064498901367188,113.29986572265625,NULL,0,0,14),(19,23.616485595703125,102.83126831054688,NULL,0,0,118),(19,25.462417602539062,98.76487731933594,NULL,0,0,108),(19,25.920944213867188,100.10818481445312,NULL,0,0,82),(19,25.923538208007812,100.10658264160156,NULL,2,2,88),(19,26.869049072265625,100.2349853515625,NULL,0,0,51),(19,26.871109008789062,100.23231506347656,NULL,0,0,50),(19,26.871261596679688,100.23231506347656,NULL,0,0,47),(19,26.872711181640625,100.23651123046875,NULL,0,0,46),(19,26.872711181640625,100.23666381835938,NULL,0,0,45),(19,26.874847412109375,100.23330688476562,NULL,0,0,48),(19,26.875152587890625,100.23262023925781,NULL,0,0,49),(19,27.023162841796875,100.21308898925781,NULL,0,0,44),(19,28.447647094726562,100.35148620605469,NULL,0,0,116),(19,28.455963134765625,100.33912658691406,NULL,0,0,115),(19,28.461380004882812,98.82194519042969,NULL,0,0,117),(19,30.209579467773438,120.13381958007812,NULL,0,0,28),(19,30.209579467773438,120.13389587402344,NULL,0,0,30),(19,30.20965576171875,120.13412475585938,NULL,0,0,31),(19,30.230636596679688,120.14335632324219,NULL,0,0,37),(19,30.238113403320312,120.14007568359375,NULL,0,0,38),(19,30.25054931640625,120.13595581054688,NULL,0,0,39),(19,30.25177001953125,120.13771057128906,NULL,0,0,41),(19,30.251922607421875,120.13847351074219,NULL,0,0,35),(19,30.264968872070312,120.07514953613281,NULL,0,0,42),(19,30.268096923828125,120.074462890625,NULL,0,0,29),(19,30.268402099609375,120.07316589355469,NULL,0,0,27),(19,30.272369384765625,120.0701904296875,NULL,0,0,43),(19,30.2728271484375,120.07415771484375,NULL,0,0,32),(19,30.2728271484375,120.07423400878906,NULL,0,0,33),(19,30.941314697265625,120.88897705078125,NULL,0,0,126),(19,31.1407470703125,121.41059875488281,NULL,0,0,92),(19,31.1920166015625,121.32827758789062,NULL,1,1,2),(19,31.238479614257812,121.41593933105469,NULL,0,0,83),(19,31.27410888671875,121.45271301269531,NULL,0,0,91),(19,31.280059814453125,121.46636962890625,NULL,0,0,81),(19,31.281204223632812,121.46430969238281,NULL,0,0,26),(19,31.324386596679688,121.57539367675781,NULL,0,0,98),(19,31.325454711914062,121.57463073730469,NULL,0,0,97),(19,34.836273193359375,116.39678955078125,NULL,0,0,105),(19,35.48408508300781,108.48579406738281,NULL,0,0,135),(19,35.74089050292969,109.32769775390625,NULL,0,0,132),(19,36.147003173828125,110.45059204101562,NULL,0,0,124),(19,36.26899719238281,111.67655944824219,NULL,0,0,125),(19,36.47430419921875,112.84049987792969,NULL,0,0,130),(19,36.48651123046875,117.31307983398438,NULL,0,0,107),(19,36.486663818359375,117.31338500976562,NULL,0,0,106),(19,36.72126770019531,117.0703125,NULL,1,1,99),(19,36.88835144042969,100.51628112792969,NULL,0,0,131),(19,36.927337646484375,120.71014404296875,NULL,0,0,63),(19,37.26524353027344,79.86503601074219,NULL,0,0,133),(19,38.150482177734375,118.05458068847656,NULL,0,0,134),(19,38.63182067871094,93.08441162109375,NULL,0,0,127),(19,39.00764465332031,113.59596252441406,NULL,0,0,122),(19,39.27650451660156,97.71125793457031,NULL,0,0,109),(19,39.56748962402344,113.19061279296875,NULL,0,0,121),(19,39.65721130371094,113.71536254882812,NULL,0,0,120),(19,39.68864440917969,115.93673706054688,NULL,0,0,60),(19,39.689788818359375,115.93330383300781,NULL,0,0,59),(19,39.69024658203125,115.93299865722656,NULL,0,0,58),(19,39.82696533203125,115.60256958007812,NULL,0,0,62),(19,39.845123291015625,115.64613342285156,NULL,0,0,52),(19,39.84527587890625,115.64567565917969,NULL,0,0,54),(19,39.846038818359375,115.64544677734375,NULL,0,0,56),(19,39.85435485839844,115.62179565429688,NULL,0,0,55),(19,39.859466552734375,115.62065124511719,NULL,0,0,53),(19,39.94224548339844,116.49658203125,NULL,0,0,102),(19,39.977874755859375,115.70472717285156,NULL,0,0,61),(19,40.11253356933594,113.13499450683594,NULL,0,0,119),(19,40.12847900390625,90.5877685546875,NULL,0,0,128),(19,40.554046630859375,116.69425964355469,NULL,0,0,64),(19,40.560150146484375,116.70188903808594,NULL,0,0,66),(19,40.560455322265625,116.70440673828125,NULL,0,0,69),(19,40.5621337890625,116.70372009277344,NULL,0,0,65),(19,40.56327819824219,116.70120239257812,NULL,0,0,67),(19,40.572052001953125,116.70379638671875,NULL,0,0,68),(19,40.5755615234375,116.70997619628906,NULL,0,0,70),(19,40.97984313964844,94.54833984375,NULL,0,0,136),(19,44.07569885253906,86.3470458984375,NULL,0,0,129),(19,44.52484130859375,128.85040283203125,NULL,0,0,113),(19,44.52606201171875,128.85902404785156,NULL,0,0,112),(19,44.52644348144531,128.85276794433594,NULL,0,0,110),(19,44.52751159667969,128.84872436523438,NULL,0,0,114),(19,44.52949523925781,128.85391235351562,NULL,0,0,111);
/*!40000 ALTER TABLE `photo_panoramio_index` ENABLE KEYS */;

--
-- Table structure for table `photo_tag`
--

DROP TABLE IF EXISTS `photo_tag`;
/*!40101 SET @saved_cs_client     = @@character_set_client */;
/*!40101 SET character_set_client = utf8 */;
CREATE TABLE `photo_tag` (
  `photo_id` bigint(20) NOT NULL,
  `tags_id` bigint(20) NOT NULL,
  PRIMARY KEY (`photo_id`,`tags_id`),
  KEY `FKCD79C40DBC9B5425` (`tags_id`),
  KEY `FKCD79C40D194EAB84` (`photo_id`),
  CONSTRAINT `FKCD79C40D194EAB84` FOREIGN KEY (`photo_id`) REFERENCES `photo` (`id`),
  CONSTRAINT `FKCD79C40DBC9B5425` FOREIGN KEY (`tags_id`) REFERENCES `tag` (`id`)
) ENGINE=InnoDB DEFAULT CHARSET=utf8;
/*!40101 SET character_set_client = @saved_cs_client */;

--
-- Dumping data for table `photo_tag`
--

/*!40000 ALTER TABLE `photo_tag` DISABLE KEYS */;
REPLACE INTO `photo_tag` (`photo_id`, `tags_id`) VALUES (4,1),(5,1),(6,1),(7,1),(8,1),(9,1),(10,1),(11,1),(12,1),(14,1),(22,1),(14,2),(23,2),(24,2),(25,2),(44,3),(45,3),(46,3),(47,3),(44,4),(45,5),(46,5),(47,5),(51,5),(45,6),(46,6),(51,6),(70,7),(82,7),(137,7),(138,7),(139,7),(140,7),(141,7),(93,8),(94,8),(95,8),(96,8),(105,9),(148,9),(149,9),(100,10),(101,10),(128,11),(149,12),(150,12),(151,13);
/*!40000 ALTER TABLE `photo_tag` ENABLE KEYS */;

--
-- Table structure for table `recycle`
--

DROP TABLE IF EXISTS `recycle`;
/*!40101 SET @saved_cs_client     = @@character_set_client */;
/*!40101 SET character_set_client = utf8 */;
CREATE TABLE `recycle` (
  `id` bigint(20) NOT NULL AUTO_INCREMENT,
  `create_time` datetime DEFAULT NULL,
  `recy_id` bigint(20) DEFAULT NULL,
  `recy_type` varchar(255) DEFAULT NULL,
  `user_id` bigint(20) DEFAULT NULL,
  PRIMARY KEY (`id`),
  KEY `FK408B7293F707A0D3` (`user_id`),
  CONSTRAINT `FK408B7293F707A0D3` FOREIGN KEY (`user_id`) REFERENCES `user_settings` (`id`)
) ENGINE=InnoDB AUTO_INCREMENT=16 DEFAULT CHARSET=utf8;
/*!40101 SET character_set_client = @saved_cs_client */;

--
-- Dumping data for table `recycle`
--

/*!40000 ALTER TABLE `recycle` DISABLE KEYS */;
REPLACE INTO `recycle` (`id`, `create_time`, `recy_id`, `recy_type`, `user_id`) VALUES (1,'2014-08-16 16:52:13',101,'photo',12),(2,'2014-08-16 17:23:27',91,'photo',3),(3,'2014-08-20 11:30:10',148,'photo',4),(4,'2014-08-22 13:06:24',155,'photo',4),(5,'2014-08-22 13:57:24',159,'photo',4),(6,'2014-08-22 14:00:28',160,'photo',4),(7,'2014-08-22 14:00:48',161,'photo',4),(8,'2014-08-22 14:56:34',168,'photo',4),(9,'2014-08-22 14:56:34',167,'photo',4),(10,'2014-08-22 14:56:34',166,'photo',4),(11,'2014-08-22 15:10:04',171,'photo',4),(12,'2014-08-22 15:12:00',170,'photo',4),(13,'2014-08-22 15:14:43',173,'photo',4),(14,'2014-08-22 16:22:02',180,'photo',4),(15,'2014-08-23 18:44:23',181,'photo',4);
/*!40000 ALTER TABLE `recycle` ENABLE KEYS */;

--
-- Table structure for table `role`
--

DROP TABLE IF EXISTS `role`;
/*!40101 SET @saved_cs_client     = @@character_set_client */;
/*!40101 SET character_set_client = utf8 */;
CREATE TABLE `role` (
  `id` bigint(20) NOT NULL AUTO_INCREMENT,
  `description` varchar(64) DEFAULT NULL,
  `name` varchar(20) DEFAULT NULL,
  PRIMARY KEY (`id`)
) ENGINE=InnoDB AUTO_INCREMENT=3 DEFAULT CHARSET=utf8;
/*!40101 SET character_set_client = @saved_cs_client */;

--
-- Dumping data for table `role`
--

/*!40000 ALTER TABLE `role` DISABLE KEYS */;
REPLACE INTO `role` (`id`, `description`, `name`) VALUES (1,'Administrator role (can edit Users)','ROLE_ADMIN'),(2,'Default role for all Users','ROLE_USER');
/*!40000 ALTER TABLE `role` ENABLE KEYS */;

--
-- Table structure for table `tag`
--

DROP TABLE IF EXISTS `tag`;
/*!40101 SET @saved_cs_client     = @@character_set_client */;
/*!40101 SET character_set_client = utf8 */;
CREATE TABLE `tag` (
  `id` bigint(20) NOT NULL AUTO_INCREMENT,
  `tag` varchar(255) DEFAULT NULL,
  PRIMARY KEY (`id`)
) ENGINE=InnoDB AUTO_INCREMENT=14 DEFAULT CHARSET=utf8;
/*!40101 SET character_set_client = @saved_cs_client */;

--
-- Dumping data for table `tag`
--

/*!40000 ALTER TABLE `tag` DISABLE KEYS */;
REPLACE INTO `tag` (`id`, `tag`) VALUES (1,'深圳'),(2,'广州'),(3,'丽江'),(4,'玉龙雪山'),(5,'古城'),(6,'美女'),(7,'大山'),(8,'美鱼'),(9,'室内'),(10,'tulip'),(11,'可爱的大耳朵'),(12,'迪斯尼'),(13,'云台山');
/*!40000 ALTER TABLE `tag` ENABLE KEYS */;

--
-- Table structure for table `tag_photo`
--

DROP TABLE IF EXISTS `tag_photo`;
/*!40101 SET @saved_cs_client     = @@character_set_client */;
/*!40101 SET character_set_client = utf8 */;
CREATE TABLE `tag_photo` (
  `tag_id` bigint(20) NOT NULL,
  `photo_id` bigint(20) NOT NULL,
  PRIMARY KEY (`tag_id`,`photo_id`),
  KEY `FK7C6DC54DE45A8D04` (`tag_id`),
  KEY `FK7C6DC54D194EAB84` (`photo_id`),
  CONSTRAINT `FK7C6DC54D194EAB84` FOREIGN KEY (`photo_id`) REFERENCES `photo` (`id`),
  CONSTRAINT `FK7C6DC54DE45A8D04` FOREIGN KEY (`tag_id`) REFERENCES `tag` (`id`)
) ENGINE=InnoDB DEFAULT CHARSET=utf8;
/*!40101 SET character_set_client = @saved_cs_client */;

--
-- Dumping data for table `tag_photo`
--

/*!40000 ALTER TABLE `tag_photo` DISABLE KEYS */;
REPLACE INTO `tag_photo` (`tag_id`, `photo_id`) VALUES (1,4),(1,5),(1,6),(1,7),(1,8),(1,9),(1,10),(1,11),(1,12),(1,14),(1,22),(2,14),(2,23),(2,24),(2,25),(3,44),(3,45),(3,46),(3,47),(4,44),(5,45),(5,46),(5,47),(5,51),(6,45),(6,46),(6,51),(7,70),(7,82),(7,137),(7,138),(7,139),(7,140),(7,141),(8,93),(8,94),(8,95),(8,96),(9,97),(9,102),(9,105),(9,148),(9,149),(10,100),(10,101),(11,128),(12,149),(12,150),(13,151);
/*!40000 ALTER TABLE `tag_photo` ENABLE KEYS */;

--
-- Table structure for table `tag_user`
--

DROP TABLE IF EXISTS `tag_user`;
/*!40101 SET @saved_cs_client     = @@character_set_client */;
/*!40101 SET character_set_client = utf8 */;
CREATE TABLE `tag_user` (
  `tag_id` bigint(20) NOT NULL,
  `users_id` bigint(20) NOT NULL,
  PRIMARY KEY (`tag_id`,`users_id`),
  KEY `FKD2799550EFF87976` (`users_id`),
  KEY `FKD2799550E45A8D04` (`tag_id`),
  CONSTRAINT `FKD2799550E45A8D04` FOREIGN KEY (`tag_id`) REFERENCES `tag` (`id`),
  CONSTRAINT `FKD2799550EFF87976` FOREIGN KEY (`users_id`) REFERENCES `user_settings` (`id`)
) ENGINE=InnoDB DEFAULT CHARSET=utf8;
/*!40101 SET character_set_client = @saved_cs_client */;

--
-- Dumping data for table `tag_user`
--

/*!40000 ALTER TABLE `tag_user` DISABLE KEYS */;
REPLACE INTO `tag_user` (`tag_id`, `users_id`) VALUES (9,6);
/*!40000 ALTER TABLE `tag_user` ENABLE KEYS */;

--
-- Table structure for table `travel`
--

DROP TABLE IF EXISTS `travel`;
/*!40101 SET @saved_cs_client     = @@character_set_client */;
/*!40101 SET character_set_client = utf8 */;
CREATE TABLE `travel` (
  `id` bigint(20) NOT NULL AUTO_INCREMENT,
  `address` varchar(255) DEFAULT NULL,
  `create_time` datetime DEFAULT NULL,
  `description` varchar(255) DEFAULT NULL,
  `modify_time` datetime DEFAULT NULL,
  `time_end` datetime DEFAULT NULL,
  `time_start` datetime DEFAULT NULL,
  `title` varchar(255) DEFAULT NULL,
  `spot_id` bigint(20) DEFAULT NULL,
  `user_id` bigint(20) DEFAULT NULL,
  `deleted` bit(1) DEFAULT NULL,
  `album_cover` bigint(20) DEFAULT NULL,
  PRIMARY KEY (`id`),
  KEY `FKCC667F1AF707A0D3` (`user_id`),
  KEY `FKCC667F1A1D5B27EA` (`spot_id`),
  KEY `fk_album_cover` (`album_cover`),
  CONSTRAINT `FKCC667F1A1D5B27EA` FOREIGN KEY (`spot_id`) REFERENCES `travel_spot` (`id`),
  CONSTRAINT `FKCC667F1AF707A0D3` FOREIGN KEY (`user_id`) REFERENCES `user_settings` (`id`),
  CONSTRAINT `fk_album_cover` FOREIGN KEY (`album_cover`) REFERENCES `photo` (`id`)
) ENGINE=InnoDB AUTO_INCREMENT=26 DEFAULT CHARSET=utf8;
/*!40101 SET character_set_client = @saved_cs_client */;

--
-- Dumping data for table `travel`
--

/*!40000 ALTER TABLE `travel` DISABLE KEYS */;
REPLACE INTO `travel` (`id`, `address`, `create_time`, `description`, `modify_time`, `time_end`, `time_start`, `title`, `spot_id`, `user_id`, `deleted`, `album_cover`) VALUES (1,NULL,'2014-06-24 00:29:51',NULL,NULL,NULL,NULL,'广州万顷沙',NULL,1,NULL,NULL),(2,NULL,'2014-06-24 09:17:36',NULL,NULL,NULL,NULL,'上海',NULL,3,NULL,NULL),(3,NULL,'2014-06-24 20:00:59',NULL,NULL,NULL,NULL,'深圳行',NULL,3,NULL,NULL),(4,NULL,'2014-06-26 21:21:07',NULL,NULL,NULL,NULL,'端午杭州行',NULL,3,NULL,NULL),(5,NULL,'2014-06-27 10:57:53',NULL,NULL,NULL,NULL,'丽江行',NULL,3,NULL,NULL),(6,NULL,'2014-06-27 11:16:26',NULL,NULL,NULL,NULL,'百花山山顶洞两日游',NULL,3,NULL,NULL),(7,NULL,'2014-06-27 13:31:31','山雨欲来，黑云压山\n云蒙山两日游',NULL,NULL,NULL,'云蒙山两日游',NULL,3,NULL,NULL),(8,NULL,'2014-06-30 11:42:08',NULL,NULL,NULL,NULL,'大理行',NULL,3,NULL,NULL),(9,NULL,'2014-06-30 16:31:29',NULL,NULL,NULL,NULL,'',NULL,3,NULL,NULL),(10,NULL,'2014-08-16 16:08:16',NULL,NULL,NULL,NULL,'14年在广州南沙',NULL,3,NULL,NULL),(11,NULL,'2014-08-16 16:30:26',NULL,NULL,NULL,NULL,'旅游',NULL,6,NULL,NULL),(12,NULL,'2014-08-16 16:50:40',NULL,NULL,NULL,NULL,'china',NULL,12,NULL,NULL),(13,NULL,'2014-08-16 17:04:35',NULL,NULL,NULL,NULL,'beijing',NULL,12,NULL,NULL),(14,NULL,'2014-08-16 23:31:53',NULL,NULL,NULL,NULL,'美丽中国',NULL,11,NULL,NULL),(15,NULL,'2014-08-18 15:14:43',NULL,NULL,NULL,NULL,'西北广袤 风光',NULL,4,NULL,NULL),(16,NULL,'2014-08-19 16:42:38',NULL,NULL,NULL,NULL,'令人震撼的中国十大美景',NULL,3,NULL,NULL),(17,NULL,'2014-08-20 11:29:26',NULL,NULL,NULL,NULL,'香港之行',NULL,4,NULL,NULL),(18,NULL,'2014-08-22 11:53:33',NULL,NULL,NULL,NULL,'云台山之旅',NULL,4,NULL,NULL),(19,NULL,'2014-08-22 13:03:04',NULL,NULL,NULL,NULL,'苏州园林',NULL,4,NULL,NULL),(20,NULL,'2014-08-22 13:13:47',NULL,NULL,NULL,NULL,'灵隐寺',NULL,4,NULL,NULL),(21,NULL,'2014-08-22 14:48:27',NULL,NULL,NULL,NULL,'上海平常景色',NULL,4,NULL,NULL),(22,NULL,'2014-08-22 15:03:32',NULL,NULL,NULL,NULL,'家中的风景',NULL,4,NULL,NULL),(23,NULL,'2014-08-22 15:04:04',NULL,NULL,NULL,NULL,'学校细节',NULL,4,NULL,NULL),(24,NULL,'2014-09-19 23:11:43',NULL,NULL,NULL,NULL,'',NULL,4,NULL,NULL),(25,NULL,'2014-09-19 23:12:23',NULL,NULL,NULL,NULL,'盘锦之行',NULL,4,NULL,NULL);
/*!40000 ALTER TABLE `travel` ENABLE KEYS */;

--
-- Table structure for table `travel_likes`
--

DROP TABLE IF EXISTS `travel_likes`;
/*!40101 SET @saved_cs_client     = @@character_set_client */;
/*!40101 SET character_set_client = utf8 */;
CREATE TABLE `travel_likes` (
  `travel_id` bigint(20) NOT NULL,
  `likes_id` bigint(20) NOT NULL,
  PRIMARY KEY (`travel_id`,`likes_id`),
  UNIQUE KEY `likes_id` (`likes_id`),
  KEY `FKA6ECEA57450B2BCB` (`likes_id`),
  KEY `FKA6ECEA57960985B0` (`travel_id`),
  CONSTRAINT `FKA6ECEA57960985B0` FOREIGN KEY (`travel_id`) REFERENCES `travel` (`id`),
  CONSTRAINT `FKA6ECEA57450B2BCB` FOREIGN KEY (`likes_id`) REFERENCES `likes` (`id`)
) ENGINE=InnoDB DEFAULT CHARSET=utf8;
/*!40101 SET character_set_client = @saved_cs_client */;

--
-- Dumping data for table `travel_likes`
--

/*!40000 ALTER TABLE `travel_likes` DISABLE KEYS */;
/*!40000 ALTER TABLE `travel_likes` ENABLE KEYS */;

--
-- Table structure for table `travel_spot`
--

DROP TABLE IF EXISTS `travel_spot`;
/*!40101 SET @saved_cs_client     = @@character_set_client */;
/*!40101 SET character_set_client = utf8 */;
CREATE TABLE `travel_spot` (
  `id` bigint(20) NOT NULL AUTO_INCREMENT,
  `address` varchar(255) DEFAULT NULL,
  `center_lat` double DEFAULT NULL,
  `center_lng` double DEFAULT NULL,
  `create_time` datetime DEFAULT NULL,
  `description` varchar(255) DEFAULT NULL,
  `modify_time` datetime DEFAULT NULL,
  `time_end` datetime DEFAULT NULL,
  `time_start` datetime DEFAULT NULL,
  `title` varchar(255) DEFAULT NULL,
  `travel_id` bigint(20) DEFAULT NULL,
  PRIMARY KEY (`id`),
  KEY `FKEC9F9307960985B0` (`travel_id`),
  CONSTRAINT `FKEC9F9307960985B0` FOREIGN KEY (`travel_id`) REFERENCES `travel` (`id`)
) ENGINE=InnoDB AUTO_INCREMENT=50 DEFAULT CHARSET=utf8;
/*!40101 SET character_set_client = @saved_cs_client */;

--
-- Dumping data for table `travel_spot`
--

/*!40000 ALTER TABLE `travel_spot` DISABLE KEYS */;
REPLACE INTO `travel_spot` (`id`, `address`, `center_lat`, `center_lng`, `create_time`, `description`, `modify_time`, `time_end`, `time_start`, `title`, `travel_id`) VALUES (1,NULL,NULL,NULL,NULL,NULL,NULL,NULL,'2014-06-17 19:00:44',NULL,1),(2,NULL,NULL,NULL,NULL,NULL,NULL,NULL,'2013-09-18 20:42:14',NULL,2),(3,NULL,NULL,NULL,NULL,NULL,NULL,NULL,'2014-06-24 19:56:08',NULL,3),(4,NULL,NULL,NULL,NULL,NULL,NULL,NULL,'2014-06-21 15:40:51',NULL,3),(5,NULL,NULL,NULL,NULL,NULL,NULL,NULL,'2014-06-21 15:40:51',NULL,3),(12,'',NULL,NULL,NULL,'',NULL,NULL,'2014-06-21 00:00:00','',3),(14,NULL,NULL,NULL,NULL,NULL,NULL,NULL,'2014-06-22 15:07:02',NULL,2),(15,'',NULL,NULL,NULL,'',NULL,NULL,'2014-06-22 00:00:00','',3),(17,'',NULL,NULL,NULL,'',NULL,NULL,'2014-06-21 00:00:00','',3),(18,NULL,NULL,NULL,NULL,NULL,NULL,NULL,'2014-05-31 15:46:23',NULL,4),(19,NULL,NULL,NULL,NULL,NULL,NULL,NULL,'2014-06-01 10:28:53',NULL,4),(22,NULL,NULL,NULL,NULL,NULL,NULL,NULL,'2014-01-11 13:32:59',NULL,5),(23,NULL,NULL,NULL,NULL,NULL,NULL,NULL,'2014-01-12 11:42:03',NULL,5),(25,NULL,NULL,NULL,NULL,NULL,NULL,NULL,NULL,NULL,5),(26,NULL,NULL,NULL,NULL,NULL,NULL,NULL,'2013-09-14 17:21:35',NULL,6),(27,NULL,NULL,NULL,NULL,NULL,NULL,NULL,'2013-09-15 05:56:30',NULL,6),(28,'北京市密云县石城镇云蒙山',NULL,NULL,NULL,'',NULL,NULL,'2013-08-31 14:06:25','',7),(29,NULL,NULL,NULL,NULL,NULL,NULL,NULL,NULL,NULL,8),(30,NULL,NULL,NULL,NULL,NULL,NULL,NULL,'2014-07-08 10:45:34',NULL,10),(31,NULL,NULL,NULL,NULL,NULL,NULL,NULL,'2014-06-01 12:57:56',NULL,11),(32,NULL,NULL,NULL,NULL,NULL,NULL,NULL,'2014-05-31 12:34:15',NULL,11),(33,NULL,NULL,NULL,NULL,NULL,NULL,NULL,NULL,NULL,11),(34,NULL,NULL,NULL,NULL,NULL,NULL,NULL,'2008-02-07 11:33:11',NULL,12),(35,NULL,NULL,NULL,NULL,NULL,NULL,NULL,'2008-02-11 11:32:43',NULL,13),(36,NULL,NULL,NULL,NULL,NULL,NULL,NULL,NULL,NULL,14),(37,NULL,NULL,NULL,NULL,NULL,NULL,NULL,NULL,NULL,15),(38,NULL,NULL,NULL,NULL,NULL,NULL,NULL,NULL,NULL,15),(39,NULL,NULL,NULL,NULL,NULL,NULL,NULL,NULL,NULL,16),(40,NULL,NULL,NULL,NULL,NULL,NULL,NULL,NULL,NULL,17),(41,NULL,NULL,NULL,NULL,NULL,NULL,NULL,'2012-02-04 08:52:03',NULL,18),(42,NULL,NULL,NULL,NULL,NULL,NULL,NULL,'2011-05-29 08:45:55',NULL,19),(44,NULL,NULL,NULL,NULL,NULL,NULL,NULL,'2011-10-04 14:58:50',NULL,20),(45,NULL,NULL,NULL,NULL,NULL,NULL,NULL,'2013-07-23 15:05:53',NULL,21),(46,NULL,NULL,NULL,NULL,NULL,NULL,NULL,'2013-09-06 18:56:50',NULL,21),(47,NULL,NULL,NULL,NULL,NULL,NULL,NULL,'2013-08-16 12:29:52',NULL,21),(48,NULL,NULL,NULL,NULL,NULL,NULL,NULL,'2013-10-01 17:33:38',NULL,22),(49,NULL,NULL,NULL,NULL,NULL,NULL,NULL,NULL,NULL,23);
/*!40000 ALTER TABLE `travel_spot` ENABLE KEYS */;

--
-- Table structure for table `travel_spot_photo`
--

DROP TABLE IF EXISTS `travel_spot_photo`;
/*!40101 SET @saved_cs_client     = @@character_set_client */;
/*!40101 SET character_set_client = utf8 */;
CREATE TABLE `travel_spot_photo` (
  `travel_spot_id` bigint(20) NOT NULL,
  `photos_id` bigint(20) NOT NULL,
  PRIMARY KEY (`travel_spot_id`,`photos_id`),
  UNIQUE KEY `photos_id` (`photos_id`),
  KEY `FK82892FAB25593C5` (`travel_spot_id`),
  KEY `FK82892FA32C50AD5` (`photos_id`),
  CONSTRAINT `FK82892FA32C50AD5` FOREIGN KEY (`photos_id`) REFERENCES `photo` (`id`),
  CONSTRAINT `FK82892FAB25593C5` FOREIGN KEY (`travel_spot_id`) REFERENCES `travel_spot` (`id`)
) ENGINE=InnoDB DEFAULT CHARSET=utf8;
/*!40101 SET character_set_client = @saved_cs_client */;

--
-- Dumping data for table `travel_spot_photo`
--

/*!40000 ALTER TABLE `travel_spot_photo` DISABLE KEYS */;
REPLACE INTO `travel_spot_photo` (`travel_spot_id`, `photos_id`) VALUES (12,3),(12,4),(12,5),(12,6),(12,7),(12,8),(12,9),(12,10),(12,11),(12,12),(17,13),(17,14),(12,15),(12,16),(12,17),(12,18),(17,19),(15,20),(15,21),(17,22),(17,23),(17,24),(19,27),(18,28),(19,29),(18,30),(18,31),(19,32),(19,33),(33,34),(32,35),(32,36),(32,37),(32,38),(32,39),(32,40),(32,41),(31,42),(31,43),(22,44),(23,45),(23,47),(22,48),(22,49),(23,50),(23,51),(27,52),(26,53),(27,54),(26,55),(27,56),(27,57),(27,58),(27,59),(27,60),(26,61),(26,62),(28,64),(28,65),(28,66),(28,67),(28,68),(28,69),(28,70),(29,82),(30,93),(30,94),(30,95),(30,96),(34,100),(35,102),(36,106),(36,118),(36,119),(36,120),(36,121),(36,122),(36,123),(36,124),(36,126),(38,127),(37,128),(37,129),(37,130),(37,131),(38,132),(37,133),(37,134),(37,135),(37,136),(39,137),(39,138),(39,139),(39,140),(39,141),(40,150),(41,151),(42,152),(42,153),(42,154),(42,156),(44,157),(44,158),(45,162),(46,163),(47,164),(48,165),(49,169),(49,172),(49,174),(49,175),(40,176),(40,177),(40,178),(40,179),(40,182);
/*!40000 ALTER TABLE `travel_spot_photo` ENABLE KEYS */;

--
-- Table structure for table `travel_travel_spot`
--

DROP TABLE IF EXISTS `travel_travel_spot`;
/*!40101 SET @saved_cs_client     = @@character_set_client */;
/*!40101 SET character_set_client = utf8 */;
CREATE TABLE `travel_travel_spot` (
  `travel_id` bigint(20) NOT NULL,
  `spots_id` bigint(20) NOT NULL,
  PRIMARY KEY (`travel_id`,`spots_id`),
  UNIQUE KEY `spots_id` (`spots_id`),
  KEY `FK647A99622760C6DB` (`spots_id`),
  KEY `FK647A9962960985B0` (`travel_id`),
  CONSTRAINT `FK647A9962960985B0` FOREIGN KEY (`travel_id`) REFERENCES `travel` (`id`),
  CONSTRAINT `FK647A99622760C6DB` FOREIGN KEY (`spots_id`) REFERENCES `travel_spot` (`id`)
) ENGINE=InnoDB DEFAULT CHARSET=utf8;
/*!40101 SET character_set_client = @saved_cs_client */;

--
-- Dumping data for table `travel_travel_spot`
--

/*!40000 ALTER TABLE `travel_travel_spot` DISABLE KEYS */;
REPLACE INTO `travel_travel_spot` (`travel_id`, `spots_id`) VALUES (1,1),(2,2),(3,12),(2,14),(3,15),(3,17),(4,18),(4,19),(5,22),(5,23),(5,25),(6,26),(6,27),(7,28),(8,29),(10,30),(11,31),(11,32),(11,33),(12,34),(13,35),(14,36),(15,37),(15,38),(16,39),(17,40),(18,41),(19,42),(20,44),(21,45),(21,46),(21,47),(22,48),(23,49);
/*!40000 ALTER TABLE `travel_travel_spot` ENABLE KEYS */;

--
-- Table structure for table `user_follower`
--

DROP TABLE IF EXISTS `user_follower`;
/*!40101 SET @saved_cs_client     = @@character_set_client */;
/*!40101 SET character_set_client = utf8 */;
CREATE TABLE `user_follower` (
  `user_settings_id` bigint(20) NOT NULL,
  `follower_id` bigint(20) NOT NULL,
  PRIMARY KEY (`user_settings_id`,`follower_id`),
  UNIQUE KEY `follower_id` (`follower_id`),
  KEY `FK15007A125D46D822` (`follower_id`),
  KEY `FK15007A129B92C307` (`user_settings_id`),
  CONSTRAINT `FK15007A129B92C307` FOREIGN KEY (`user_settings_id`) REFERENCES `user_settings` (`id`),
  CONSTRAINT `FK15007A125D46D822` FOREIGN KEY (`follower_id`) REFERENCES `app_user` (`id`)
) ENGINE=InnoDB DEFAULT CHARSET=utf8;
/*!40101 SET character_set_client = @saved_cs_client */;

--
-- Dumping data for table `user_follower`
--

/*!40000 ALTER TABLE `user_follower` DISABLE KEYS */;
/*!40000 ALTER TABLE `user_follower` ENABLE KEYS */;

--
-- Table structure for table `user_following`
--

DROP TABLE IF EXISTS `user_following`;
/*!40101 SET @saved_cs_client     = @@character_set_client */;
/*!40101 SET character_set_client = utf8 */;
CREATE TABLE `user_following` (
  `user_settings_id` bigint(20) NOT NULL,
  `following_id` bigint(20) NOT NULL,
  PRIMARY KEY (`user_settings_id`,`following_id`),
  UNIQUE KEY `following_id` (`following_id`),
  KEY `FK8B0ED71D9B92C307` (`user_settings_id`),
  KEY `FK8B0ED71D94A80CCF` (`following_id`),
  CONSTRAINT `FK8B0ED71D94A80CCF` FOREIGN KEY (`following_id`) REFERENCES `app_user` (`id`),
  CONSTRAINT `FK8B0ED71D9B92C307` FOREIGN KEY (`user_settings_id`) REFERENCES `user_settings` (`id`)
) ENGINE=InnoDB DEFAULT CHARSET=utf8;
/*!40101 SET character_set_client = @saved_cs_client */;

--
-- Dumping data for table `user_following`
--

/*!40000 ALTER TABLE `user_following` DISABLE KEYS */;
/*!40000 ALTER TABLE `user_following` ENABLE KEYS */;

--
-- Table structure for table `user_recycle`
--

DROP TABLE IF EXISTS `user_recycle`;
/*!40101 SET @saved_cs_client     = @@character_set_client */;
/*!40101 SET character_set_client = utf8 */;
CREATE TABLE `user_recycle` (
  `user_settings_id` bigint(20) NOT NULL,
  `recycle_id` bigint(20) NOT NULL,
  PRIMARY KEY (`user_settings_id`,`recycle_id`),
  UNIQUE KEY `recycle_id` (`recycle_id`),
  KEY `FK9B7B0A1F9B92C307` (`user_settings_id`),
  KEY `FK9B7B0A1FA64AA964` (`recycle_id`),
  CONSTRAINT `FK9B7B0A1F9B92C307` FOREIGN KEY (`user_settings_id`) REFERENCES `user_settings` (`id`),
  CONSTRAINT `FK9B7B0A1FA64AA964` FOREIGN KEY (`recycle_id`) REFERENCES `recycle` (`id`)
) ENGINE=InnoDB DEFAULT CHARSET=utf8;
/*!40101 SET character_set_client = @saved_cs_client */;

--
-- Dumping data for table `user_recycle`
--

/*!40000 ALTER TABLE `user_recycle` DISABLE KEYS */;
REPLACE INTO `user_recycle` (`user_settings_id`, `recycle_id`) VALUES (12,1),(3,2),(4,3),(4,4),(4,5),(4,6),(4,7),(4,8),(4,9),(4,10),(4,11),(4,12),(4,13),(4,14),(4,15);
/*!40000 ALTER TABLE `user_recycle` ENABLE KEYS */;

--
-- Table structure for table `user_role`
--

DROP TABLE IF EXISTS `user_role`;
/*!40101 SET @saved_cs_client     = @@character_set_client */;
/*!40101 SET character_set_client = utf8 */;
CREATE TABLE `user_role` (
  `user_id` bigint(20) NOT NULL,
  `role_id` bigint(20) NOT NULL,
  PRIMARY KEY (`user_id`,`role_id`),
  KEY `FK143BF46A4FD90D75` (`role_id`),
  KEY `FK143BF46AF503D155` (`user_id`),
  CONSTRAINT `FK143BF46AF503D155` FOREIGN KEY (`user_id`) REFERENCES `app_user` (`id`),
  CONSTRAINT `FK143BF46A4FD90D75` FOREIGN KEY (`role_id`) REFERENCES `role` (`id`)
) ENGINE=InnoDB DEFAULT CHARSET=utf8;
/*!40101 SET character_set_client = @saved_cs_client */;

--
-- Dumping data for table `user_role`
--

/*!40000 ALTER TABLE `user_role` DISABLE KEYS */;
REPLACE INTO `user_role` (`user_id`, `role_id`) VALUES (2,1),(1,2),(3,2),(4,2),(5,2),(6,2),(7,2),(8,2),(11,2),(12,2);
/*!40000 ALTER TABLE `user_role` ENABLE KEYS */;

--
-- Table structure for table `user_settings`
--

DROP TABLE IF EXISTS `user_settings`;
/*!40101 SET @saved_cs_client     = @@character_set_client */;
/*!40101 SET character_set_client = utf8 */;
CREATE TABLE `user_settings` (
  `id` bigint(20) NOT NULL,
  `alert_comments` bit(1) DEFAULT NULL,
  `alert_group_invitations` bit(1) DEFAULT NULL,
  `alert_photos` bit(1) DEFAULT NULL,
  `all_rights_reserved` bit(1) DEFAULT NULL,
  `commercial_use` bit(1) DEFAULT NULL,
  `description` varchar(500) DEFAULT NULL,
  `homepage_url` varchar(255) DEFAULT NULL,
  `map_vendor` int(11) DEFAULT NULL,
  `modify` bit(1) DEFAULT NULL,
  `name` varchar(255) DEFAULT NULL,
  `private_messages` bit(1) DEFAULT NULL,
  `url_name` varchar(255) DEFAULT NULL,
  `avatar` bigint(20) DEFAULT NULL,
  PRIMARY KEY (`id`),
  KEY `FK58861617D66624E8` (`avatar`),
  CONSTRAINT `FK58861617D66624E8` FOREIGN KEY (`avatar`) REFERENCES `avatar` (`id`)
) ENGINE=InnoDB DEFAULT CHARSET=utf8;
/*!40101 SET character_set_client = @saved_cs_client */;

--
-- Dumping data for table `user_settings`
--

/*!40000 ALTER TABLE `user_settings` DISABLE KEYS */;
REPLACE INTO `user_settings` (`id`, `alert_comments`, `alert_group_invitations`, `alert_photos`, `all_rights_reserved`, `commercial_use`, `description`, `homepage_url`, `map_vendor`, `modify`, `name`, `private_messages`, `url_name`, `avatar`) VALUES (1,NULL,NULL,NULL,NULL,NULL,NULL,NULL,NULL,NULL,'暗梅幽闻花',NULL,'anypossible',1),(2,NULL,NULL,NULL,NULL,NULL,NULL,NULL,NULL,NULL,'卧似透春绿',NULL,'wstcl',1),(3,NULL,NULL,NULL,NULL,NULL,NULL,NULL,2,NULL,'行走江湖多年',NULL,NULL,2),(4,NULL,NULL,NULL,NULL,NULL,NULL,NULL,2,NULL,'xiaoniu',NULL,NULL,3),(5,NULL,NULL,NULL,NULL,NULL,NULL,NULL,0,NULL,'597592485',NULL,NULL,NULL),(6,NULL,NULL,NULL,NULL,NULL,NULL,NULL,NULL,NULL,'wangtiwu521',NULL,NULL,NULL),(7,NULL,NULL,NULL,NULL,NULL,NULL,NULL,NULL,NULL,'高高朱',NULL,NULL,NULL),(8,NULL,NULL,NULL,NULL,NULL,NULL,NULL,NULL,NULL,'micky',NULL,NULL,NULL),(11,NULL,NULL,NULL,NULL,NULL,NULL,NULL,NULL,NULL,'anypossiblew',NULL,NULL,5),(12,NULL,NULL,NULL,NULL,NULL,NULL,NULL,0,NULL,'easyit',NULL,NULL,6);
/*!40000 ALTER TABLE `user_settings` ENABLE KEYS */;

--
-- Table structure for table `user_tag`
--

DROP TABLE IF EXISTS `user_tag`;
/*!40101 SET @saved_cs_client     = @@character_set_client */;
/*!40101 SET character_set_client = utf8 */;
CREATE TABLE `user_tag` (
  `user_settings_id` bigint(20) NOT NULL,
  `tags_id` bigint(20) NOT NULL,
  PRIMARY KEY (`user_settings_id`,`tags_id`),
  KEY `FKF022FD26BC9B5425` (`tags_id`),
  KEY `FKF022FD269B92C307` (`user_settings_id`),
  CONSTRAINT `FKF022FD269B92C307` FOREIGN KEY (`user_settings_id`) REFERENCES `user_settings` (`id`),
  CONSTRAINT `FKF022FD26BC9B5425` FOREIGN KEY (`tags_id`) REFERENCES `tag` (`id`)
) ENGINE=InnoDB DEFAULT CHARSET=utf8;
/*!40101 SET character_set_client = @saved_cs_client */;

--
-- Dumping data for table `user_tag`
--

/*!40000 ALTER TABLE `user_tag` DISABLE KEYS */;
REPLACE INTO `user_tag` (`user_settings_id`, `tags_id`) VALUES (3,1),(3,2),(3,3),(3,4),(3,5),(3,6),(3,7),(3,8),(4,9),(6,9),(12,9),(12,10),(4,11),(4,12),(4,13);
/*!40000 ALTER TABLE `user_tag` ENABLE KEYS */;

--
-- Table structure for table `user_travel`
--

DROP TABLE IF EXISTS `user_travel`;
/*!40101 SET @saved_cs_client     = @@character_set_client */;
/*!40101 SET character_set_client = utf8 */;
CREATE TABLE `user_travel` (
  `user_settings_id` bigint(20) NOT NULL,
  `travels_id` bigint(20) NOT NULL,
  UNIQUE KEY `travels_id` (`travels_id`),
  KEY `FKF89FC60E731A3BD1` (`travels_id`),
  KEY `FKF89FC60E9B92C307` (`user_settings_id`),
  CONSTRAINT `FKF89FC60E9B92C307` FOREIGN KEY (`user_settings_id`) REFERENCES `user_settings` (`id`),
  CONSTRAINT `FKF89FC60E731A3BD1` FOREIGN KEY (`travels_id`) REFERENCES `travel` (`id`)
) ENGINE=InnoDB DEFAULT CHARSET=utf8;
/*!40101 SET character_set_client = @saved_cs_client */;

--
-- Dumping data for table `user_travel`
--

/*!40000 ALTER TABLE `user_travel` DISABLE KEYS */;
REPLACE INTO `user_travel` (`user_settings_id`, `travels_id`) VALUES (1,1),(3,2),(3,3),(3,4),(3,5),(3,6),(3,7),(3,8),(3,9),(3,10),(3,16),(4,15),(4,17),(4,18),(4,19),(4,20),(4,21),(4,22),(4,23),(4,24),(4,25),(6,11),(11,14),(12,12),(12,13);
/*!40000 ALTER TABLE `user_travel` ENABLE KEYS */;

--
-- Table structure for table `views`
--

DROP TABLE IF EXISTS `views`;
/*!40101 SET @saved_cs_client     = @@character_set_client */;
/*!40101 SET character_set_client = utf8 */;
CREATE TABLE `views` (
  `app_id` varchar(255) NOT NULL,
  `date` datetime NOT NULL,
  `photo_id` bigint(20) NOT NULL,
  `count` int(11) DEFAULT NULL,
  PRIMARY KEY (`app_id`,`date`,`photo_id`),
  KEY `FK6B01A6E194EAB84` (`photo_id`),
  CONSTRAINT `FK6B01A6E194EAB84` FOREIGN KEY (`photo_id`) REFERENCES `photo` (`id`)
) ENGINE=InnoDB DEFAULT CHARSET=utf8;
/*!40101 SET character_set_client = @saved_cs_client */;

--
-- Dumping data for table `views`
--

/*!40000 ALTER TABLE `views` DISABLE KEYS */;
REPLACE INTO `views` (`app_id`, `date`, `photo_id`, `count`) VALUES ('main','2014-06-24 00:00:00',1,61),('main','2014-06-24 00:00:00',2,19),('main','2014-06-24 00:00:00',3,5),('main','2014-06-24 00:00:00',4,6),('main','2014-06-24 00:00:00',5,3),('main','2014-06-24 00:00:00',6,6),('main','2014-06-24 00:00:00',7,1),('main','2014-06-24 00:00:00',8,5),('main','2014-06-24 00:00:00',9,2),('main','2014-06-24 00:00:00',10,2),('main','2014-06-24 00:00:00',11,2),('main','2014-06-24 00:00:00',12,2),('main','2014-06-24 00:00:00',13,5),('main','2014-06-24 00:00:00',14,2),('main','2014-06-24 00:00:00',16,1),('main','2014-06-24 00:00:00',17,1),('main','2014-06-24 00:00:00',19,2),('main','2014-06-24 00:00:00',20,4),('main','2014-06-24 00:00:00',21,3),('main','2014-06-24 00:00:00',25,4),('main','2014-06-26 00:00:00',1,5),('main','2014-06-26 00:00:00',2,12),('main','2014-06-26 00:00:00',3,5),('main','2014-06-26 00:00:00',4,7),('main','2014-06-26 00:00:00',5,1),('main','2014-06-26 00:00:00',6,2),('main','2014-06-26 00:00:00',7,1),('main','2014-06-26 00:00:00',8,3),('main','2014-06-26 00:00:00',9,4),('main','2014-06-26 00:00:00',10,1),('main','2014-06-26 00:00:00',11,1),('main','2014-06-26 00:00:00',12,3),('main','2014-06-26 00:00:00',13,2),('main','2014-06-26 00:00:00',14,3),('main','2014-06-26 00:00:00',15,2),('main','2014-06-26 00:00:00',16,12),('main','2014-06-26 00:00:00',17,1),('main','2014-06-26 00:00:00',18,1),('main','2014-06-26 00:00:00',19,3),('main','2014-06-26 00:00:00',20,7),('main','2014-06-26 00:00:00',21,4),('main','2014-06-26 00:00:00',22,2),('main','2014-06-26 00:00:00',23,5),('main','2014-06-26 00:00:00',24,2),('main','2014-06-26 00:00:00',25,8),('main','2014-06-26 00:00:00',26,11),('main','2014-06-26 00:00:00',27,1),('main','2014-06-26 00:00:00',28,1),('main','2014-06-26 00:00:00',30,1),('main','2014-06-26 00:00:00',31,3),('main','2014-06-26 00:00:00',32,1),('main','2014-06-26 00:00:00',33,1),('main','2014-06-26 00:00:00',34,1),('main','2014-06-26 00:00:00',35,1),('main','2014-06-26 00:00:00',38,1),('main','2014-06-27 00:00:00',1,5),('main','2014-06-27 00:00:00',2,5),('main','2014-06-27 00:00:00',3,1),('main','2014-06-27 00:00:00',4,4),('main','2014-06-27 00:00:00',5,1),('main','2014-06-27 00:00:00',6,2),('main','2014-06-27 00:00:00',8,1),('main','2014-06-27 00:00:00',9,8),('main','2014-06-27 00:00:00',10,16),('main','2014-06-27 00:00:00',11,4),('main','2014-06-27 00:00:00',12,27),('main','2014-06-27 00:00:00',13,1),('main','2014-06-27 00:00:00',14,6),('main','2014-06-27 00:00:00',15,6),('main','2014-06-27 00:00:00',16,8),('main','2014-06-27 00:00:00',17,5),('main','2014-06-27 00:00:00',18,6),('main','2014-06-27 00:00:00',19,2),('main','2014-06-27 00:00:00',20,7),('main','2014-06-27 00:00:00',21,8),('main','2014-06-27 00:00:00',24,2),('main','2014-06-27 00:00:00',25,40),('main','2014-06-27 00:00:00',26,2),('main','2014-06-27 00:00:00',27,1),('main','2014-06-27 00:00:00',28,4),('main','2014-06-27 00:00:00',29,1),('main','2014-06-27 00:00:00',34,1),('main','2014-06-27 00:00:00',35,2),('main','2014-06-27 00:00:00',37,4),('main','2014-06-27 00:00:00',39,2),('main','2014-06-27 00:00:00',41,1),('main','2014-06-27 00:00:00',43,2),('main','2014-06-27 00:00:00',44,1),('main','2014-06-27 00:00:00',45,6),('main','2014-06-27 00:00:00',46,3),('main','2014-06-27 00:00:00',47,2),('main','2014-06-27 00:00:00',48,1),('main','2014-06-27 00:00:00',49,3),('main','2014-06-27 00:00:00',50,1),('main','2014-06-27 00:00:00',51,2),('main','2014-06-27 00:00:00',52,5),('main','2014-06-27 00:00:00',55,1),('main','2014-06-27 00:00:00',61,1),('main','2014-06-27 00:00:00',62,2),('main','2014-06-27 00:00:00',63,14),('main','2014-06-27 00:00:00',64,1),('main','2014-06-27 00:00:00',65,1),('main','2014-06-27 00:00:00',68,1),('main','2014-06-27 00:00:00',69,1),('main','2014-06-28 00:00:00',4,2),('main','2014-06-28 00:00:00',9,1),('main','2014-06-28 00:00:00',10,2),('main','2014-06-28 00:00:00',12,6),('main','2014-06-28 00:00:00',15,1),('main','2014-06-28 00:00:00',16,1),('main','2014-06-28 00:00:00',17,1),('main','2014-06-28 00:00:00',18,1),('main','2014-06-28 00:00:00',20,3),('main','2014-06-28 00:00:00',26,1),('main','2014-06-28 00:00:00',28,1),('main','2014-06-28 00:00:00',49,1),('main','2014-06-28 00:00:00',50,1),('main','2014-06-28 00:00:00',51,1),('main','2014-06-28 00:00:00',61,1),('main','2014-06-28 00:00:00',62,3),('main','2014-06-28 00:00:00',63,5),('main','2014-06-28 00:00:00',78,1),('main','2014-06-28 00:00:00',79,2),('main','2014-06-28 00:00:00',80,11),('main','2014-06-29 00:00:00',2,1),('main','2014-06-29 00:00:00',3,2),('main','2014-06-29 00:00:00',4,2),('main','2014-06-29 00:00:00',5,2),('main','2014-06-29 00:00:00',6,2),('main','2014-06-29 00:00:00',7,2),('main','2014-06-29 00:00:00',8,2),('main','2014-06-29 00:00:00',9,3),('main','2014-06-29 00:00:00',10,3),('main','2014-06-29 00:00:00',11,2),('main','2014-06-29 00:00:00',12,4),('main','2014-06-29 00:00:00',13,2),('main','2014-06-29 00:00:00',14,2),('main','2014-06-29 00:00:00',15,3),('main','2014-06-29 00:00:00',16,3),('main','2014-06-29 00:00:00',17,3),('main','2014-06-29 00:00:00',18,3),('main','2014-06-29 00:00:00',19,2),('main','2014-06-29 00:00:00',20,3),('main','2014-06-29 00:00:00',21,2),('main','2014-06-29 00:00:00',22,2),('main','2014-06-29 00:00:00',23,2),('main','2014-06-29 00:00:00',24,2),('main','2014-06-29 00:00:00',27,2),('main','2014-06-29 00:00:00',28,3),('main','2014-06-29 00:00:00',29,2),('main','2014-06-29 00:00:00',30,1),('main','2014-06-29 00:00:00',31,1),('main','2014-06-29 00:00:00',32,2),('main','2014-06-29 00:00:00',33,1),('main','2014-06-29 00:00:00',78,1),('main','2014-06-30 00:00:00',1,2),('main','2014-06-30 00:00:00',2,3),('main','2014-06-30 00:00:00',5,1),('main','2014-06-30 00:00:00',10,3),('main','2014-06-30 00:00:00',11,1),('main','2014-06-30 00:00:00',14,1),('main','2014-06-30 00:00:00',16,1),('main','2014-06-30 00:00:00',20,1),('main','2014-06-30 00:00:00',25,3),('main','2014-06-30 00:00:00',26,1),('main','2014-06-30 00:00:00',28,1),('main','2014-06-30 00:00:00',59,2),('main','2014-06-30 00:00:00',61,2),('main','2014-06-30 00:00:00',62,2),('main','2014-06-30 00:00:00',63,1),('main','2014-06-30 00:00:00',64,1),('main','2014-06-30 00:00:00',81,1),('main','2014-06-30 00:00:00',82,1),('main','2014-06-30 00:00:00',83,1),('main','2014-06-30 00:00:00',88,1),('main','2014-07-01 00:00:00',25,1),('main','2014-07-01 00:00:00',64,2),('main','2014-07-01 00:00:00',65,1),('main','2014-07-01 00:00:00',66,1),('main','2014-07-01 00:00:00',68,1),('main','2014-07-01 00:00:00',69,1),('main','2014-07-01 00:00:00',70,1),('main','2014-07-01 00:00:00',82,1),('main','2014-07-01 00:00:00',83,1),('main','2014-07-01 00:00:00',88,3),('main','2014-07-01 00:00:00',89,1),('main','2014-07-01 00:00:00',90,2),('main','2014-07-02 00:00:00',2,2),('main','2014-07-02 00:00:00',5,2),('main','2014-07-02 00:00:00',6,2),('main','2014-07-02 00:00:00',7,2),('main','2014-07-02 00:00:00',8,2),('main','2014-07-02 00:00:00',9,5),('main','2014-07-02 00:00:00',10,4),('main','2014-07-02 00:00:00',11,2),('main','2014-07-02 00:00:00',12,4),('main','2014-07-02 00:00:00',15,4),('main','2014-07-02 00:00:00',16,4),('main','2014-07-02 00:00:00',17,2),('main','2014-07-02 00:00:00',18,2),('main','2014-07-02 00:00:00',20,2),('main','2014-07-02 00:00:00',21,2),('main','2014-07-02 00:00:00',25,1),('main','2014-07-02 00:00:00',27,4),('main','2014-07-02 00:00:00',28,3),('main','2014-07-02 00:00:00',29,2),('main','2014-07-02 00:00:00',30,2),('main','2014-07-02 00:00:00',31,2),('main','2014-07-02 00:00:00',32,3),('main','2014-07-02 00:00:00',33,2),('main','2014-07-02 00:00:00',45,3),('main','2014-07-02 00:00:00',50,2),('main','2014-07-02 00:00:00',51,2),('main','2014-07-02 00:00:00',52,3),('main','2014-07-02 00:00:00',53,2),('main','2014-07-02 00:00:00',55,2),('main','2014-07-02 00:00:00',57,2),('main','2014-07-02 00:00:00',58,2),('main','2014-07-02 00:00:00',59,3),('main','2014-07-02 00:00:00',60,2),('main','2014-07-02 00:00:00',61,2),('main','2014-07-02 00:00:00',62,3),('main','2014-07-02 00:00:00',63,2),('main','2014-07-02 00:00:00',64,2),('main','2014-07-02 00:00:00',65,2),('main','2014-07-02 00:00:00',66,2),('main','2014-07-02 00:00:00',67,2),('main','2014-07-02 00:00:00',68,2),('main','2014-07-02 00:00:00',69,2),('main','2014-07-02 00:00:00',70,2),('main','2014-07-02 00:00:00',82,1),('main','2014-07-03 00:00:00',25,4),('main','2014-07-04 00:00:00',4,1),('main','2014-07-04 00:00:00',9,1),('main','2014-07-04 00:00:00',10,1),('main','2014-07-04 00:00:00',12,1),('main','2014-07-04 00:00:00',14,1),('main','2014-07-04 00:00:00',15,1),('main','2014-07-06 00:00:00',1,2),('main','2014-07-06 00:00:00',28,1),('main','2014-07-06 00:00:00',50,2),('main','2014-07-06 00:00:00',63,1),('main','2014-07-07 00:00:00',1,1),('main','2014-07-07 00:00:00',28,2),('main','2014-07-07 00:00:00',32,2),('main','2014-07-07 00:00:00',44,1),('main','2014-07-10 00:00:00',12,1),('main','2014-07-10 00:00:00',22,1),('main','2014-07-10 00:00:00',23,1),('main','2014-07-10 00:00:00',24,1),('main','2014-07-10 00:00:00',26,1),('main','2014-07-10 00:00:00',81,1),('main','2014-07-10 00:00:00',83,3),('main','2014-07-10 00:00:00',91,1),('main','2014-07-13 00:00:00',1,1),('main','2014-07-15 00:00:00',1,1),('main','2014-07-15 00:00:00',10,1),('main','2014-07-15 00:00:00',16,1),('main','2014-07-15 00:00:00',20,44),('main','2014-07-15 00:00:00',25,1),('main','2014-07-16 00:00:00',26,1),('main','2014-07-16 00:00:00',81,1),('main','2014-07-16 00:00:00',83,2),('main','2014-07-16 00:00:00',91,1),('main','2014-07-16 00:00:00',92,1),('main','2014-07-19 00:00:00',52,1),('main','2014-07-19 00:00:00',53,1),('main','2014-07-19 00:00:00',54,1),('main','2014-07-19 00:00:00',55,1),('main','2014-07-19 00:00:00',56,1),('main','2014-07-19 00:00:00',57,1),('main','2014-07-19 00:00:00',58,1),('main','2014-07-19 00:00:00',59,1),('main','2014-07-19 00:00:00',60,1),('main','2014-07-19 00:00:00',61,2),('main','2014-07-19 00:00:00',62,4),('main','2014-07-19 00:00:00',63,2),('main','2014-07-21 00:00:00',1,2),('main','2014-07-24 00:00:00',10,1),('main','2014-08-06 00:00:00',10,1),('main','2014-08-06 00:00:00',62,1),('main','2014-08-14 00:00:00',20,2),('main','2014-08-16 00:00:00',1,9),('main','2014-08-16 00:00:00',2,4),('main','2014-08-16 00:00:00',10,2),('main','2014-08-16 00:00:00',14,4),('main','2014-08-16 00:00:00',15,1),('main','2014-08-16 00:00:00',16,1),('main','2014-08-16 00:00:00',17,1),('main','2014-08-16 00:00:00',18,1),('main','2014-08-16 00:00:00',20,1),('main','2014-08-16 00:00:00',25,1),('main','2014-08-16 00:00:00',26,2),('main','2014-08-16 00:00:00',34,2),('main','2014-08-16 00:00:00',35,2),('main','2014-08-16 00:00:00',36,2),('main','2014-08-16 00:00:00',41,2),('main','2014-08-16 00:00:00',43,4),('main','2014-08-16 00:00:00',45,1),('main','2014-08-16 00:00:00',48,1),('main','2014-08-16 00:00:00',49,3),('main','2014-08-16 00:00:00',50,4),('main','2014-08-16 00:00:00',53,1),('main','2014-08-16 00:00:00',57,1),('main','2014-08-16 00:00:00',59,2),('main','2014-08-16 00:00:00',60,1),('main','2014-08-16 00:00:00',61,1),('main','2014-08-16 00:00:00',62,7),('main','2014-08-16 00:00:00',63,7),('main','2014-08-16 00:00:00',65,1),('main','2014-08-16 00:00:00',81,2),('main','2014-08-16 00:00:00',83,8),('main','2014-08-16 00:00:00',88,4),('main','2014-08-16 00:00:00',91,3),('main','2014-08-16 00:00:00',92,4),('main','2014-08-16 00:00:00',93,2),('main','2014-08-16 00:00:00',94,2),('main','2014-08-16 00:00:00',95,1),('main','2014-08-16 00:00:00',96,10),('main','2014-08-16 00:00:00',97,4),('main','2014-08-16 00:00:00',98,3),('main','2014-08-16 00:00:00',99,6),('main','2014-08-16 00:00:00',105,1),('main','2014-08-17 00:00:00',102,1),('main','2014-08-17 00:00:00',115,4),('main','2014-08-17 00:00:00',119,1),('main','2014-08-17 00:00:00',126,2),('main','2014-08-18 00:00:00',97,1),('main','2014-08-18 00:00:00',105,1),('main','2014-08-18 00:00:00',113,1),('main','2014-08-18 00:00:00',115,1),('main','2014-08-18 00:00:00',117,1),('main','2014-08-18 00:00:00',118,2),('main','2014-08-18 00:00:00',121,1),('main','2014-08-18 00:00:00',124,2),('main','2014-08-18 00:00:00',126,1),('main','2014-08-18 00:00:00',127,13),('main','2014-08-18 00:00:00',128,15),('main','2014-08-18 00:00:00',129,7),('main','2014-08-18 00:00:00',130,5),('main','2014-08-18 00:00:00',131,5),('main','2014-08-18 00:00:00',132,1),('main','2014-08-18 00:00:00',133,1),('main','2014-08-19 00:00:00',1,1),('main','2014-08-19 00:00:00',63,1),('main','2014-08-19 00:00:00',66,1),('main','2014-08-19 00:00:00',78,1),('main','2014-08-19 00:00:00',97,1),('main','2014-08-19 00:00:00',99,1),('main','2014-08-19 00:00:00',105,4),('main','2014-08-19 00:00:00',109,1),('main','2014-08-19 00:00:00',113,1),('main','2014-08-19 00:00:00',118,2),('main','2014-08-19 00:00:00',119,1),('main','2014-08-19 00:00:00',124,1),('main','2014-08-19 00:00:00',125,1),('main','2014-08-19 00:00:00',131,1),('main','2014-08-19 00:00:00',132,1),('main','2014-08-19 00:00:00',133,1),('main','2014-08-19 00:00:00',134,1),('main','2014-08-19 00:00:00',135,1),('main','2014-08-19 00:00:00',136,1),('main','2014-08-19 00:00:00',138,1),('main','2014-08-19 00:00:00',139,3),('main','2014-08-19 00:00:00',140,1),('main','2014-08-19 00:00:00',141,1),('main','2014-08-19 00:00:00',144,2),('main','2014-08-20 00:00:00',1,1),('main','2014-08-20 00:00:00',149,3),('main','2014-08-21 00:00:00',62,1),('main','2014-08-21 00:00:00',102,1),('main','2014-08-22 00:00:00',2,2),('main','2014-08-22 00:00:00',3,1),('main','2014-08-22 00:00:00',4,1),('main','2014-08-22 00:00:00',5,2),('main','2014-08-22 00:00:00',6,2),('main','2014-08-22 00:00:00',7,1),('main','2014-08-22 00:00:00',8,1),('main','2014-08-22 00:00:00',9,1),('main','2014-08-22 00:00:00',10,2),('main','2014-08-22 00:00:00',11,1),('main','2014-08-22 00:00:00',12,1),('main','2014-08-22 00:00:00',14,1),('main','2014-08-22 00:00:00',53,1),('main','2014-08-22 00:00:00',129,1),('main','2014-08-22 00:00:00',135,1),('main','2014-08-22 00:00:00',136,1),('main','2014-08-22 00:00:00',149,1),('main','2014-08-22 00:00:00',151,1),('main','2014-08-22 00:00:00',152,2),('main','2014-08-22 00:00:00',153,1),('main','2014-08-22 00:00:00',165,1),('main','2014-08-22 00:00:00',169,2),('main','2014-08-22 00:00:00',170,1),('main','2014-08-22 00:00:00',172,1),('main','2014-08-22 00:00:00',174,2),('main','2014-08-22 00:00:00',175,2),('main','2014-08-22 00:00:00',179,2),('main','2014-08-23 00:00:00',2,4),('main','2014-08-24 00:00:00',2,1),('main','2014-08-24 00:00:00',64,1),('main','2014-08-24 00:00:00',102,1),('main','2014-08-24 00:00:00',118,1),('main','2014-08-24 00:00:00',119,1),('main','2014-08-24 00:00:00',126,1),('main','2014-08-25 00:00:00',26,1),('main','2014-08-25 00:00:00',63,2),('main','2014-08-25 00:00:00',64,1),('main','2014-08-25 00:00:00',65,1),('main','2014-08-25 00:00:00',66,1),('main','2014-08-25 00:00:00',67,1),('main','2014-08-25 00:00:00',68,1),('main','2014-08-25 00:00:00',70,1),('main','2014-08-25 00:00:00',102,1),('main','2014-08-25 00:00:00',105,1),('main','2014-08-25 00:00:00',118,2),('main','2014-08-25 00:00:00',119,2),('main','2014-08-25 00:00:00',120,1),('main','2014-08-25 00:00:00',124,1),('main','2014-08-25 00:00:00',126,1),('main','2014-08-26 00:00:00',14,1),('main','2014-08-26 00:00:00',109,1),('main','2014-08-26 00:00:00',115,1),('main','2014-08-26 00:00:00',118,1),('main','2014-08-26 00:00:00',124,1),('main','2014-08-26 00:00:00',131,2),('main','2014-08-26 00:00:00',134,3),('main','2014-08-27 00:00:00',10,1),('main','2014-09-01 00:00:00',64,1),('main','2014-09-01 00:00:00',68,1),('main','2014-09-01 00:00:00',105,1),('main','2014-09-01 00:00:00',151,1),('main','2014-09-18 00:00:00',88,1),('main','2014-09-18 00:00:00',105,1);
/*!40000 ALTER TABLE `views` ENABLE KEYS */;
/*!40103 SET TIME_ZONE=@OLD_TIME_ZONE */;

/*!40101 SET SQL_MODE=@OLD_SQL_MODE */;
/*!40014 SET FOREIGN_KEY_CHECKS=@OLD_FOREIGN_KEY_CHECKS */;
/*!40014 SET UNIQUE_CHECKS=@OLD_UNIQUE_CHECKS */;
/*!40101 SET CHARACTER_SET_CLIENT=@OLD_CHARACTER_SET_CLIENT */;
/*!40101 SET CHARACTER_SET_RESULTS=@OLD_CHARACTER_SET_RESULTS */;
/*!40101 SET COLLATION_CONNECTION=@OLD_COLLATION_CONNECTION */;
/*!40111 SET SQL_NOTES=@OLD_SQL_NOTES */;

-- Dump completed on 2014-09-21  1:42:18
